Date_Time,Close,High,Low,Open,Volume
2025-12-26 03:45:00+00:00,413.3500061035156,413.45001220703125,407.5,409.6499938964844,0
2025-12-26 03:46:00+00:00,415.0,415.70001220703125,412.5,412.5,171259
2025-12-26 03:47:00+00:00,413.5,416.5,413.29998779296875,414.8999938964844,140935
2025-12-26 03:48:00+00:00,413.54998779296875,413.54998779296875,413.1499938964844,413.45001220703125,107626
2025-12-26 03:49:00+00:00,413.45001220703125,413.54998779296875,413.04998779296875,413.3999938964844,57798
2025-12-26 03:50:00+00:00,413.3999938964844,413.54998779296875,413.0,413.5,77259
2025-12-26 03:51:00+00:00,413.5,413.54998779296875,413.3500061035156,413.3500061035156,22133
2025-12-26 03:52:00+00:00,416.0,416.25,413.54998779296875,413.54998779296875,112124
2025-12-26 03:53:00+00:00,415.25,416.0,414.45001220703125,415.75,66514
2025-12-26 03:54:00+00:00,415.3500061035156,415.6499938964844,414.8500061035156,415.20001220703125,61987
2025-12-26 03:55:00+00:00,415.25,415.29998779296875,414.8999938964844,415.1499938964844,24454
2025-12-26 03:56:00+00:00,414.25,415.20001220703125,414.25,415.20001220703125,39521
2025-12-26 03:57:00+00:00,412.95001220703125,414.1499938964844,412.3999938964844,414.1499938964844,84958
2025-12-26 03:58:00+00:00,414.5,415.0,412.79998779296875,412.79998779296875,22533
2025-12-26 03:59:00+00:00,414.25,414.3999938964844,414.1000061035156,414.20001220703125,11278
2025-12-26 04:00:00+00:00,413.20001220703125,414.25,413.20001220703125,414.25,17863
2025-12-26 04:01:00+00:00,413.29998779296875,413.3999938964844,413.04998779296875,413.3999938964844,12683
2025-12-26 04:02:00+00:00,412.3999938964844,413.29998779296875,412.29998779296875,413.29998779296875,41751
2025-12-26 04:03:00+00:00,411.8500061035156,413.0,411.8500061035156,412.3500061035156,83977
2025-12-26 04:04:00+00:00,412.8999938964844,412.8999938964844,411.79998779296875,412.1000061035156,50229
2025-12-26 04:05:00+00:00,412.5,412.79998779296875,412.3500061035156,412.70001220703125,22692
2025-12-26 04:06:00+00:00,412.79998779296875,413.25,412.3999938964844,412.5,19910
2025-12-26 04:07:00+00:00,412.8500061035156,413.0,412.79998779296875,412.79998779296875,10063
2025-12-26 04:08:00+00:00,413.1000061035156,413.1000061035156,412.8500061035156,412.8500061035156,13596
2025-12-26 04:09:00+00:00,412.29998779296875,412.79998779296875,412.29998779296875,412.75,17693
2025-12-26 04:10:00+00:00,412.0,412.20001220703125,411.70001220703125,412.20001220703125,127611
2025-12-26 04:11:00+00:00,411.6000061035156,412.3500061035156,411.6000061035156,412.0,41777
2025-12-26 04:12:00+00:00,410.54998779296875,411.54998779296875,410.54998779296875,411.54998779296875,30067
2025-12-26 04:13:00+00:00,410.1000061035156,410.54998779296875,410.0,410.5,61681
2025-12-26 04:14:00+00:00,410.1000061035156,410.1000061035156,410.0,410.1000061035156,17559
2025-12-26 04:15:00+00:00,411.70001220703125,411.70001220703125,410.0,410.04998779296875,98392
2025-12-26 04:16:00+00:00,413.5,413.8500061035156,411.29998779296875,411.29998779296875,54264
2025-12-26 04:17:00+00:00,414.54998779296875,414.6000061035156,413.25,413.54998779296875,44311
2025-12-26 04:18:00+00:00,414.6499938964844,415.0,414.29998779296875,414.45001220703125,53000
2025-12-26 04:19:00+00:00,414.25,414.75,413.95001220703125,414.6499938964844,25857
2025-12-26 04:20:00+00:00,413.75,414.3999938964844,413.5,414.25,14212
2025-12-26 04:21:00+00:00,413.5,413.79998779296875,413.45001220703125,413.5,11943
2025-12-26 04:22:00+00:00,413.3500061035156,413.6499938964844,413.04998779296875,413.5,32156
2025-12-26 04:23:00+00:00,413.25,413.5,413.25,413.3999938964844,9727
2025-12-26 04:24:00+00:00,413.54998779296875,414.0,413.25,413.25,15838
2025-12-26 04:25:00+00:00,413.29998779296875,413.45001220703125,413.04998779296875,413.45001220703125,6228
2025-12-26 04:26:00+00:00,414.5,414.5,413.04998779296875,413.04998779296875,22965
2025-12-26 04:27:00+00:00,414.1000061035156,414.5,414.1000061035156,414.5,16225
2025-12-26 04:28:00+00:00,414.20001220703125,414.20001220703125,413.70001220703125,414.1499938964844,15820
2025-12-26 04:29:00+00:00,414.0,414.29998779296875,414.0,414.29998779296875,4817
2025-12-26 04:30:00+00:00,413.5,413.79998779296875,413.3999938964844,413.79998779296875,8351
2025-12-26 04:31:00+00:00,414.0,414.0,413.3999938964844,413.6499938964844,4511
2025-12-26 04:32:00+00:00,413.6000061035156,414.3500061035156,413.6000061035156,414.3500061035156,11207
2025-12-26 04:33:00+00:00,413.70001220703125,413.70001220703125,413.3999938964844,413.54998779296875,10689
2025-12-26 04:34:00+00:00,414.0,414.20001220703125,413.95001220703125,413.95001220703125,11417
2025-12-26 04:35:00+00:00,414.0,414.3999938964844,414.0,414.0,14943
2025-12-26 04:36:00+00:00,411.70001220703125,412.70001220703125,411.3999938964844,412.6499938964844,46811
2025-12-26 04:37:00+00:00,411.29998779296875,411.8999938964844,411.29998779296875,411.3999938964844,22744
2025-12-26 04:38:00+00:00,410.8999938964844,411.3999938964844,410.70001220703125,411.3999938964844,19497
2025-12-26 04:39:00+00:00,411.0,411.0,410.75,410.79998779296875,7817
2025-12-26 04:40:00+00:00,410.5,410.8999938964844,410.5,410.8999938964844,31143
2025-12-26 04:41:00+00:00,410.3999938964844,410.5,410.29998779296875,410.5,6263
2025-12-26 04:42:00+00:00,411.1499938964844,411.1499938964844,410.20001220703125,410.45001220703125,89158
2025-12-26 04:43:00+00:00,412.20001220703125,412.5,411.6499938964844,411.6499938964844,13030
2025-12-26 04:44:00+00:00,411.54998779296875,412.45001220703125,411.54998779296875,412.29998779296875,14784
2025-12-26 04:45:00+00:00,411.5,411.8500061035156,411.3999938964844,411.54998779296875,3791
2025-12-26 04:46:00+00:00,412.95001220703125,413.1499938964844,411.70001220703125,411.70001220703125,36219
2025-12-26 04:47:00+00:00,411.54998779296875,413.0,411.54998779296875,413.0,16763
2025-12-26 04:48:00+00:00,410.8500061035156,411.6000061035156,410.6000061035156,411.6000061035156,16995
2025-12-26 04:49:00+00:00,411.25,411.3999938964844,410.3999938964844,410.75,23112
2025-12-26 04:50:00+00:00,411.45001220703125,411.45001220703125,411.0,411.25,3905
2025-12-26 04:51:00+00:00,411.6000061035156,411.6499938964844,411.25,411.5,9958
2025-12-26 04:52:00+00:00,411.3999938964844,411.6000061035156,411.3500061035156,411.6000061035156,5882
2025-12-26 04:53:00+00:00,411.0,411.5,411.0,411.3500061035156,14159
2025-12-26 04:54:00+00:00,411.20001220703125,411.29998779296875,411.0,411.04998779296875,2907
2025-12-26 04:55:00+00:00,410.8999938964844,411.1000061035156,410.8500061035156,411.1000061035156,19680
2025-12-26 04:56:00+00:00,410.79998779296875,410.8500061035156,410.5,410.79998779296875,4816
2025-12-26 04:57:00+00:00,411.25,411.5,410.70001220703125,410.70001220703125,16049
2025-12-26 04:58:00+00:00,411.0,411.29998779296875,410.79998779296875,411.25,15255
2025-12-26 04:59:00+00:00,411.45001220703125,411.5,410.8500061035156,410.8500061035156,5050
2025-12-26 05:00:00+00:00,411.45001220703125,411.75,411.29998779296875,411.75,9085
2025-12-26 05:01:00+00:00,411.1499938964844,411.3500061035156,411.1499938964844,411.29998779296875,6553
2025-12-26 05:02:00+00:00,411.0,411.1499938964844,410.95001220703125,411.1499938964844,5937
2025-12-26 05:03:00+00:00,411.54998779296875,411.8500061035156,410.95001220703125,411.0,11025
2025-12-26 05:04:00+00:00,411.3999938964844,411.75,411.3999938964844,411.54998779296875,8965
2025-12-26 05:05:00+00:00,411.3500061035156,411.3999938964844,411.04998779296875,411.3999938964844,5224
2025-12-26 05:06:00+00:00,411.25,411.3999938964844,411.04998779296875,411.20001220703125,5140
2025-12-26 05:07:00+00:00,411.20001220703125,411.3999938964844,411.20001220703125,411.20001220703125,23608
2025-12-26 05:08:00+00:00,411.20001220703125,411.3999938964844,411.04998779296875,411.04998779296875,15765
2025-12-26 05:09:00+00:00,411.6000061035156,411.79998779296875,410.8999938964844,411.20001220703125,32392
2025-12-26 05:10:00+00:00,411.5,411.6000061035156,411.45001220703125,411.6000061035156,6361
2025-12-26 05:11:00+00:00,411.5,411.5,411.3999938964844,411.3999938964844,20644
2025-12-26 05:12:00+00:00,410.8999938964844,411.3500061035156,410.8999938964844,411.20001220703125,21660
2025-12-26 05:13:00+00:00,410.1499938964844,411.0,410.1499938964844,410.8999938964844,48398
2025-12-26 05:14:00+00:00,410.25,410.3999938964844,410.04998779296875,410.3999938964844,18785
2025-12-26 05:15:00+00:00,410.45001220703125,410.45001220703125,410.1499938964844,410.25,4557
2025-12-26 05:16:00+00:00,410.3500061035156,410.5,410.29998779296875,410.29998779296875,27092
2025-12-26 05:17:00+00:00,410.54998779296875,410.6499938964844,409.8999938964844,410.20001220703125,79017
2025-12-26 05:18:00+00:00,411.0,411.20001220703125,410.54998779296875,410.54998779296875,43757
2025-12-26 05:19:00+00:00,411.25,411.25,411.0,411.0,34841
2025-12-26 05:20:00+00:00,410.3500061035156,411.20001220703125,410.3500061035156,411.1499938964844,10618
2025-12-26 05:21:00+00:00,410.1499938964844,410.3999938964844,410.0,410.3999938964844,8450
2025-12-26 05:22:00+00:00,410.1000061035156,410.29998779296875,410.04998779296875,410.04998779296875,4330
2025-12-26 05:23:00+00:00,410.1499938964844,410.3999938964844,410.1000061035156,410.1000061035156,7999
2025-12-26 05:24:00+00:00,410.70001220703125,410.8500061035156,410.04998779296875,410.1000061035156,15249
2025-12-26 05:25:00+00:00,410.75,411.0,410.70001220703125,410.95001220703125,7625
2025-12-26 05:26:00+00:00,410.29998779296875,410.95001220703125,410.29998779296875,410.8999938964844,8129
2025-12-26 05:27:00+00:00,410.45001220703125,410.45001220703125,410.29998779296875,410.29998779296875,3695
2025-12-26 05:28:00+00:00,410.6499938964844,410.6499938964844,410.3999938964844,410.45001220703125,4061
2025-12-26 05:29:00+00:00,410.20001220703125,410.5,410.1499938964844,410.29998779296875,20148
2025-12-26 05:30:00+00:00,409.1499938964844,410.20001220703125,409.1499938964844,410.1000061035156,89307
2025-12-26 05:31:00+00:00,408.95001220703125,409.20001220703125,408.79998779296875,408.8500061035156,38873
2025-12-26 05:32:00+00:00,409.6000061035156,409.8999938964844,408.8999938964844,408.8999938964844,12214
2025-12-26 05:33:00+00:00,408.8500061035156,410.0,408.8500061035156,409.6000061035156,26652
2025-12-26 05:34:00+00:00,408.3500061035156,409.04998779296875,408.3500061035156,408.79998779296875,10693
2025-12-26 05:35:00+00:00,408.25,408.6499938964844,408.25,408.5,11673
2025-12-26 05:36:00+00:00,408.20001220703125,408.25,408.0,408.25,25436
2025-12-26 05:37:00+00:00,408.45001220703125,408.45001220703125,408.0,408.04998779296875,32936
2025-12-26 05:38:00+00:00,408.04998779296875,408.45001220703125,408.0,408.3500061035156,6420
2025-12-26 05:39:00+00:00,408.1000061035156,408.1499938964844,408.0,408.0,7716
2025-12-26 05:40:00+00:00,408.1000061035156,408.20001220703125,408.0,408.04998779296875,7914
2025-12-26 05:41:00+00:00,408.1499938964844,408.3500061035156,408.04998779296875,408.1000061035156,4872
2025-12-26 05:42:00+00:00,407.8500061035156,408.25,407.79998779296875,408.1499938964844,23630
2025-12-26 05:43:00+00:00,407.6499938964844,407.8500061035156,407.45001220703125,407.79998779296875,23676
2025-12-26 05:44:00+00:00,408.20001220703125,408.6000061035156,407.6499938964844,407.6499938964844,38501
2025-12-26 05:45:00+00:00,408.29998779296875,408.3500061035156,408.04998779296875,408.3500061035156,6807
2025-12-26 05:46:00+00:00,408.0,408.20001220703125,408.0,408.04998779296875,6757
2025-12-26 05:47:00+00:00,407.54998779296875,408.1000061035156,407.54998779296875,408.1000061035156,17785
2025-12-26 05:48:00+00:00,407.75,408.1499938964844,406.95001220703125,407.75,97712
2025-12-26 05:49:00+00:00,407.6000061035156,408.20001220703125,407.45001220703125,407.79998779296875,47279
2025-12-26 05:50:00+00:00,407.1499938964844,407.6000061035156,407.0,407.6000061035156,10484
2025-12-26 05:51:00+00:00,407.20001220703125,407.5,407.1000061035156,407.1000061035156,6985
2025-12-26 05:52:00+00:00,407.29998779296875,407.5,407.20001220703125,407.25,9626
2025-12-26 05:53:00+00:00,407.3999938964844,407.5,407.29998779296875,407.5,6369
2025-12-26 05:54:00+00:00,407.25,407.54998779296875,407.25,407.3999938964844,13748
2025-12-26 05:55:00+00:00,406.75,407.20001220703125,406.5,407.20001220703125,19930
2025-12-26 05:56:00+00:00,406.75,407.0,406.6000061035156,406.6000061035156,9945
2025-12-26 05:57:00+00:00,406.29998779296875,406.75,406.25,406.75,14268
2025-12-26 05:58:00+00:00,406.5,406.79998779296875,406.04998779296875,406.1499938964844,24908
2025-12-26 05:59:00+00:00,407.04998779296875,407.20001220703125,406.54998779296875,406.54998779296875,14872
2025-12-26 06:00:00+00:00,406.70001220703125,407.20001220703125,406.70001220703125,407.04998779296875,25608
2025-12-26 06:01:00+00:00,406.79998779296875,406.79998779296875,406.54998779296875,406.70001220703125,10345
2025-12-26 06:02:00+00:00,406.3999938964844,406.70001220703125,406.3999938964844,406.70001220703125,9656
2025-12-26 06:03:00+00:00,406.3999938964844,406.5,406.3500061035156,406.5,5506
2025-12-26 06:04:00+00:00,406.6499938964844,406.70001220703125,406.6000061035156,406.6000061035156,9429
2025-12-26 06:05:00+00:00,406.70001220703125,406.8999938964844,406.6000061035156,406.6499938964844,17460
2025-12-26 06:06:00+00:00,406.70001220703125,406.79998779296875,406.70001220703125,406.75,5340
2025-12-26 06:07:00+00:00,406.1499938964844,406.75,405.29998779296875,406.75,78395
2025-12-26 06:08:00+00:00,405.6499938964844,406.25,405.6499938964844,406.04998779296875,7096
2025-12-26 06:09:00+00:00,405.8500061035156,406.1000061035156,405.6499938964844,405.6499938964844,16345
2025-12-26 06:10:00+00:00,404.6499938964844,405.70001220703125,404.25,405.70001220703125,64991
2025-12-26 06:11:00+00:00,405.20001220703125,405.79998779296875,404.8500061035156,405.1000061035156,37730
2025-12-26 06:12:00+00:00,405.3999938964844,405.79998779296875,405.20001220703125,405.45001220703125,10331
2025-12-26 06:13:00+00:00,405.3500061035156,405.45001220703125,404.75,405.45001220703125,28605
2025-12-26 06:14:00+00:00,405.6499938964844,405.75,405.29998779296875,405.3500061035156,25046
2025-12-26 06:15:00+00:00,405.29998779296875,405.75,405.29998779296875,405.6499938964844,10561
2025-12-26 06:16:00+00:00,404.6000061035156,405.29998779296875,404.5,405.25,18791
2025-12-26 06:17:00+00:00,403.6000061035156,404.6000061035156,403.45001220703125,404.5,37885
2025-12-26 06:18:00+00:00,404.29998779296875,404.3999938964844,403.54998779296875,403.6000061035156,25639
2025-12-26 06:19:00+00:00,404.5,404.79998779296875,404.25,404.3500061035156,15089
2025-12-26 06:20:00+00:00,404.3500061035156,404.54998779296875,404.3500061035156,404.5,10841
2025-12-26 06:21:00+00:00,404.0,404.3500061035156,404.0,404.29998779296875,15635
2025-12-26 06:22:00+00:00,404.3999938964844,404.45001220703125,404.0,404.04998779296875,30724
2025-12-26 06:23:00+00:00,404.3500061035156,404.45001220703125,404.3500061035156,404.3999938964844,6539
2025-12-26 06:24:00+00:00,404.1499938964844,404.45001220703125,404.0,404.45001220703125,12422
2025-12-26 06:25:00+00:00,405.0,405.0,404.0,404.0,26737
2025-12-26 06:26:00+00:00,405.0,405.20001220703125,404.75,404.75,21647
2025-12-26 06:27:00+00:00,404.75,405.1499938964844,404.6000061035156,404.95001220703125,15265
2025-12-26 06:28:00+00:00,405.04998779296875,405.25,404.5,404.54998779296875,10395
2025-12-26 06:29:00+00:00,404.95001220703125,405.20001220703125,404.8999938964844,405.0,19063
2025-12-26 06:30:00+00:00,405.54998779296875,406.8500061035156,404.8999938964844,404.95001220703125,41161
2025-12-26 06:31:00+00:00,406.79998779296875,406.8999938964844,405.54998779296875,405.75,20291
2025-12-26 06:32:00+00:00,408.5,408.79998779296875,406.20001220703125,406.79998779296875,107486
2025-12-26 06:33:00+00:00,408.29998779296875,408.54998779296875,407.79998779296875,408.5,39469
2025-12-26 06:34:00+00:00,407.29998779296875,408.3999938964844,407.29998779296875,408.25,63684
2025-12-26 06:35:00+00:00,407.6000061035156,407.70001220703125,406.5,407.29998779296875,18304
2025-12-26 06:36:00+00:00,408.0,408.6000061035156,407.6000061035156,407.6000061035156,24818
2025-12-26 06:37:00+00:00,408.6000061035156,408.8500061035156,407.79998779296875,408.0,25268
2025-12-26 06:38:00+00:00,408.75,408.75,407.79998779296875,408.75,25565
2025-12-26 06:39:00+00:00,408.45001220703125,408.79998779296875,408.20001220703125,408.75,12199
2025-12-26 06:40:00+00:00,408.79998779296875,408.79998779296875,408.3500061035156,408.54998779296875,16855
2025-12-26 06:41:00+00:00,408.70001220703125,409.20001220703125,408.70001220703125,408.75,38170
2025-12-26 06:42:00+00:00,408.20001220703125,408.70001220703125,408.1499938964844,408.6499938964844,28232
2025-12-26 06:43:00+00:00,408.04998779296875,408.3500061035156,408.04998779296875,408.25,9382
2025-12-26 06:44:00+00:00,408.3999938964844,408.45001220703125,408.04998779296875,408.04998779296875,11369
2025-12-26 06:45:00+00:00,408.3999938964844,408.5,408.3999938964844,408.3999938964844,6980
2025-12-26 06:46:00+00:00,408.3500061035156,408.3999938964844,408.3500061035156,408.3999938964844,3712
2025-12-26 06:47:00+00:00,408.75,408.75,408.25,408.3999938964844,16271
2025-12-26 06:48:00+00:00,409.1000061035156,409.3500061035156,408.8999938964844,408.8999938964844,29218
2025-12-26 06:49:00+00:00,409.0,409.20001220703125,409.0,409.04998779296875,7735
2025-12-26 06:50:00+00:00,409.1000061035156,409.1499938964844,409.0,409.0,19170
2025-12-26 06:51:00+00:00,409.1000061035156,409.20001220703125,409.0,409.20001220703125,22004
2025-12-26 06:52:00+00:00,409.3500061035156,409.5,409.04998779296875,409.04998779296875,18992
2025-12-26 06:53:00+00:00,409.3500061035156,409.54998779296875,409.3500061035156,409.54998779296875,7135
2025-12-26 06:54:00+00:00,409.5,409.79998779296875,409.3500061035156,409.3999938964844,13229
2025-12-26 06:55:00+00:00,409.70001220703125,409.79998779296875,409.5,409.5,10156
2025-12-26 06:56:00+00:00,410.25,410.5,409.70001220703125,409.70001220703125,66874
2025-12-26 06:57:00+00:00,410.8500061035156,410.8999938964844,410.25,410.5,20898
2025-12-26 06:58:00+00:00,410.75,411.29998779296875,410.75,410.95001220703125,40619
2025-12-26 06:59:00+00:00,410.6499938964844,410.79998779296875,410.6499938964844,410.75,3998
2025-12-26 07:00:00+00:00,410.8999938964844,411.1000061035156,410.3999938964844,410.6499938964844,41679
2025-12-26 07:01:00+00:00,412.5,412.6499938964844,411.1000061035156,411.20001220703125,194137
2025-12-26 07:02:00+00:00,412.04998779296875,412.70001220703125,411.79998779296875,412.5,54324
2025-12-26 07:03:00+00:00,411.6499938964844,412.1499938964844,411.5,412.04998779296875,15099
2025-12-26 07:04:00+00:00,411.20001220703125,411.6499938964844,411.1499938964844,411.5,13560
2025-12-26 07:05:00+00:00,412.0,412.0,411.20001220703125,411.20001220703125,29422
2025-12-26 07:06:00+00:00,411.95001220703125,412.0,411.95001220703125,412.0,11548
2025-12-26 07:07:00+00:00,411.79998779296875,412.0,411.79998779296875,412.0,14879
2025-12-26 07:08:00+00:00,412.0,412.1000061035156,411.75,411.79998779296875,71814
2025-12-26 07:09:00+00:00,413.1499938964844,413.29998779296875,412.0,412.1000061035156,138043
2025-12-26 07:10:00+00:00,414.0,414.25,413.1499938964844,413.1499938964844,84363
2025-12-26 07:11:00+00:00,413.0,414.20001220703125,412.1499938964844,414.0,53000
2025-12-26 07:12:00+00:00,412.5,413.0,412.5,413.0,51447
2025-12-26 07:13:00+00:00,412.1499938964844,412.6000061035156,412.1499938964844,412.54998779296875,26771
2025-12-26 07:14:00+00:00,412.20001220703125,412.5,412.1499938964844,412.20001220703125,19104
2025-12-26 07:15:00+00:00,412.45001220703125,412.5,411.8500061035156,412.25,22876
2025-12-26 07:16:00+00:00,412.20001220703125,412.45001220703125,412.20001220703125,412.3999938964844,15864
2025-12-26 07:17:00+00:00,412.0,412.3500061035156,412.0,412.1499938964844,15302
2025-12-26 07:18:00+00:00,412.20001220703125,412.54998779296875,412.0,412.04998779296875,12789
2025-12-26 07:19:00+00:00,412.3999938964844,412.54998779296875,412.1499938964844,412.20001220703125,10318
2025-12-26 07:20:00+00:00,412.3500061035156,412.54998779296875,412.3500061035156,412.3999938964844,5684
2025-12-26 07:21:00+00:00,412.29998779296875,412.70001220703125,412.29998779296875,412.3500061035156,15500
2025-12-26 07:22:00+00:00,412.1499938964844,412.5,412.1000061035156,412.5,11002
2025-12-26 07:23:00+00:00,412.04998779296875,412.25,412.0,412.1499938964844,14436
2025-12-26 07:24:00+00:00,412.04998779296875,412.1499938964844,412.0,412.0,6502
2025-12-26 07:25:00+00:00,412.04998779296875,412.3999938964844,412.0,412.04998779296875,25651
2025-12-26 07:26:00+00:00,412.20001220703125,412.45001220703125,412.04998779296875,412.04998779296875,13788
2025-12-26 07:27:00+00:00,412.25,412.70001220703125,412.1499938964844,412.1499938964844,16829
2025-12-26 07:28:00+00:00,412.1499938964844,412.6000061035156,412.1499938964844,412.25,12460
2025-12-26 07:29:00+00:00,412.25,412.29998779296875,412.1499938964844,412.1499938964844,4686
2025-12-26 07:30:00+00:00,412.3500061035156,412.6499938964844,412.20001220703125,412.25,12946
2025-12-26 07:31:00+00:00,412.20001220703125,412.3500061035156,412.0,412.3500061035156,22856
2025-12-26 07:32:00+00:00,412.29998779296875,412.3500061035156,412.20001220703125,412.29998779296875,6017
2025-12-26 07:33:00+00:00,412.29998779296875,412.5,412.20001220703125,412.20001220703125,16876
2025-12-26 07:34:00+00:00,412.6499938964844,412.75,412.29998779296875,412.3999938964844,9745
2025-12-26 07:35:00+00:00,412.54998779296875,412.6000061035156,412.5,412.5,8741
2025-12-26 07:36:00+00:00,412.1499938964844,412.6000061035156,412.1000061035156,412.5,28435
2025-12-26 07:37:00+00:00,412.29998779296875,412.3999938964844,412.1000061035156,412.1000061035156,13533
2025-12-26 07:38:00+00:00,411.8500061035156,412.29998779296875,411.54998779296875,412.29998779296875,177648
2025-12-26 07:39:00+00:00,411.3999938964844,412.1499938964844,411.20001220703125,411.8500061035156,74654
2025-12-26 07:40:00+00:00,411.6499938964844,411.70001220703125,411.25,411.3500061035156,15079
2025-12-26 07:41:00+00:00,411.8500061035156,412.1499938964844,411.5,411.5,8137
2025-12-26 07:42:00+00:00,411.95001220703125,412.04998779296875,411.79998779296875,411.8500061035156,15565
2025-12-26 07:43:00+00:00,412.20001220703125,412.20001220703125,411.8999938964844,411.8999938964844,14318
2025-12-26 07:44:00+00:00,411.95001220703125,412.20001220703125,411.8999938964844,411.95001220703125,11318
2025-12-26 07:45:00+00:00,411.8999938964844,412.04998779296875,411.8999938964844,411.8999938964844,6714
2025-12-26 07:46:00+00:00,411.75,412.0,411.75,411.95001220703125,19503
2025-12-26 07:47:00+00:00,411.8999938964844,412.04998779296875,411.70001220703125,411.75,13065
2025-12-26 07:48:00+00:00,411.8500061035156,411.8999938964844,411.8500061035156,411.8999938964844,7703
2025-12-26 07:49:00+00:00,411.79998779296875,412.0,411.79998779296875,411.8500061035156,13844
2025-12-26 07:50:00+00:00,411.45001220703125,411.70001220703125,411.20001220703125,411.70001220703125,31830
2025-12-26 07:51:00+00:00,411.75,411.75,411.45001220703125,411.45001220703125,11385
2025-12-26 07:52:00+00:00,411.45001220703125,411.95001220703125,411.45001220703125,411.75,14891
2025-12-26 07:53:00+00:00,411.0,411.45001220703125,411.0,411.45001220703125,22091
2025-12-26 07:54:00+00:00,410.70001220703125,410.8999938964844,410.3500061035156,410.8999938964844,25217
2025-12-26 07:55:00+00:00,411.0,411.1000061035156,410.70001220703125,410.75,9971
2025-12-26 07:56:00+00:00,410.8500061035156,411.0,410.8500061035156,410.8999938964844,6315
2025-12-26 07:57:00+00:00,410.79998779296875,411.04998779296875,410.79998779296875,410.8500061035156,12760
2025-12-26 07:58:00+00:00,410.75,410.8500061035156,410.75,410.8500061035156,3967
2025-12-26 07:59:00+00:00,410.0,410.8500061035156,410.0,410.75,20093
2025-12-26 08:00:00+00:00,408.8999938964844,410.1499938964844,408.45001220703125,410.0,36060
2025-12-26 08:01:00+00:00,409.04998779296875,409.25,408.04998779296875,408.6000061035156,41045
2025-12-26 08:02:00+00:00,409.6000061035156,409.79998779296875,409.04998779296875,409.04998779296875,9517
2025-12-26 08:03:00+00:00,409.3999938964844,409.75,409.3999938964844,409.70001220703125,21978
2025-12-26 08:04:00+00:00,409.45001220703125,409.45001220703125,409.3999938964844,409.3999938964844,6864
2025-12-26 08:05:00+00:00,409.1000061035156,409.95001220703125,409.1000061035156,409.45001220703125,26487
2025-12-26 08:06:00+00:00,409.1000061035156,409.29998779296875,409.0,409.04998779296875,9915
2025-12-26 08:07:00+00:00,409.29998779296875,409.45001220703125,409.0,409.04998779296875,17358
2025-12-26 08:08:00+00:00,409.20001220703125,409.3500061035156,409.1499938964844,409.29998779296875,9211
2025-12-26 08:09:00+00:00,409.0,409.1499938964844,409.0,409.1499938964844,5081
2025-12-26 08:10:00+00:00,408.8999938964844,409.0,408.8999938964844,409.0,11653
2025-12-26 08:11:00+00:00,409.20001220703125,409.29998779296875,408.95001220703125,408.95001220703125,11890
2025-12-26 08:12:00+00:00,409.3500061035156,409.70001220703125,409.20001220703125,409.20001220703125,13121
2025-12-26 08:13:00+00:00,409.5,409.75,409.1000061035156,409.20001220703125,6720
2025-12-26 08:14:00+00:00,409.79998779296875,409.8500061035156,409.29998779296875,409.5,12212
2025-12-26 08:15:00+00:00,409.6000061035156,409.79998779296875,409.5,409.5,5484
2025-12-26 08:16:00+00:00,409.6000061035156,409.95001220703125,409.6000061035156,409.6000061035156,10334
2025-12-26 08:17:00+00:00,409.45001220703125,409.6499938964844,409.45001220703125,409.6499938964844,6333
2025-12-26 08:18:00+00:00,409.29998779296875,409.45001220703125,409.29998779296875,409.45001220703125,8165
2025-12-26 08:19:00+00:00,409.3999938964844,409.5,409.29998779296875,409.29998779296875,6369
2025-12-26 08:20:00+00:00,408.75,409.45001220703125,408.6499938964844,409.3999938964844,18204
2025-12-26 08:21:00+00:00,408.6499938964844,408.79998779296875,408.6499938964844,408.70001220703125,7043
2025-12-26 08:22:00+00:00,408.45001220703125,408.8999938964844,408.20001220703125,408.29998779296875,19120
2025-12-26 08:23:00+00:00,408.6000061035156,408.70001220703125,408.3500061035156,408.3999938964844,9558
2025-12-26 08:24:00+00:00,408.5,408.8999938964844,408.5,408.6000061035156,8080
2025-12-26 08:25:00+00:00,408.70001220703125,408.8999938964844,408.45001220703125,408.5,12730
2025-12-26 08:26:00+00:00,408.95001220703125,408.95001220703125,408.70001220703125,408.70001220703125,14240
2025-12-26 08:27:00+00:00,409.04998779296875,409.29998779296875,408.95001220703125,408.95001220703125,9708
2025-12-26 08:28:00+00:00,408.8999938964844,409.04998779296875,408.8500061035156,408.95001220703125,7500
2025-12-26 08:29:00+00:00,408.8500061035156,409.1499938964844,408.8500061035156,408.8999938964844,9080
2025-12-26 08:30:00+00:00,408.79998779296875,408.8500061035156,408.79998779296875,408.8500061035156,4764
2025-12-26 08:31:00+00:00,408.75,408.79998779296875,408.6000061035156,408.79998779296875,16272
2025-12-26 08:32:00+00:00,408.70001220703125,408.79998779296875,408.6000061035156,408.70001220703125,12865
2025-12-26 08:33:00+00:00,408.75,408.75,408.70001220703125,408.75,5735
2025-12-26 08:34:00+00:00,408.75,408.8999938964844,408.75,408.79998779296875,6918
2025-12-26 08:35:00+00:00,408.75,408.79998779296875,408.70001220703125,408.75,4223
2025-12-26 08:36:00+00:00,408.75,408.75,408.70001220703125,408.70001220703125,4806
2025-12-26 08:37:00+00:00,408.79998779296875,408.8500061035156,408.75,408.75,5619
2025-12-26 08:38:00+00:00,409.1000061035156,409.25,408.79998779296875,408.79998779296875,9785
2025-12-26 08:39:00+00:00,408.79998779296875,409.1499938964844,408.79998779296875,409.0,15473
2025-12-26 08:40:00+00:00,408.6499938964844,408.8999938964844,408.6499938964844,408.79998779296875,6259
2025-12-26 08:41:00+00:00,408.8999938964844,408.8999938964844,408.5,408.6499938964844,6169
2025-12-26 08:42:00+00:00,408.8999938964844,408.95001220703125,408.6000061035156,408.6499938964844,11208
2025-12-26 08:43:00+00:00,408.70001220703125,408.79998779296875,408.6499938964844,408.79998779296875,4561
2025-12-26 08:44:00+00:00,409.1000061035156,409.1000061035156,408.6499938964844,408.6499938964844,4085
2025-12-26 08:45:00+00:00,409.6499938964844,410.0,409.04998779296875,409.04998779296875,33901
2025-12-26 08:46:00+00:00,410.1000061035156,410.45001220703125,409.6499938964844,409.6499938964844,14334
2025-12-26 08:47:00+00:00,409.1000061035156,410.1499938964844,409.04998779296875,410.1000061035156,22620
2025-12-26 08:48:00+00:00,409.0,409.29998779296875,409.0,409.04998779296875,4128
2025-12-26 08:49:00+00:00,409.3999938964844,409.45001220703125,409.0,409.0,5816
2025-12-26 08:50:00+00:00,409.25,409.3999938964844,409.1499938964844,409.3999938964844,3222
2025-12-26 08:51:00+00:00,409.25,409.29998779296875,409.1499938964844,409.20001220703125,4210
2025-12-26 08:52:00+00:00,409.1499938964844,409.25,409.1499938964844,409.25,4610
2025-12-26 08:53:00+00:00,409.0,409.20001220703125,409.0,409.1499938964844,4601
2025-12-26 08:54:00+00:00,409.25,409.3500061035156,409.0,409.0,12928
2025-12-26 08:55:00+00:00,409.25,409.6000061035156,409.25,409.45001220703125,7399
2025-12-26 08:56:00+00:00,409.3999938964844,409.3999938964844,409.1000061035156,409.29998779296875,4106
2025-12-26 08:57:00+00:00,409.25,409.3500061035156,409.20001220703125,409.20001220703125,4523
2025-12-26 08:58:00+00:00,409.1499938964844,409.29998779296875,409.1499938964844,409.25,8218
2025-12-26 08:59:00+00:00,409.20001220703125,409.20001220703125,409.1499938964844,409.1499938964844,5841
2025-12-26 09:00:00+00:00,409.25,409.5,409.1499938964844,409.20001220703125,8492
2025-12-26 09:01:00+00:00,409.29998779296875,409.54998779296875,409.25,409.25,9817
2025-12-26 09:02:00+00:00,409.1499938964844,409.1499938964844,409.1499938964844,409.1499938964844,2802
2025-12-26 09:03:00+00:00,409.20001220703125,409.20001220703125,409.1499938964844,409.1499938964844,4017
2025-12-26 09:04:00+00:00,409.25,409.25,409.20001220703125,409.20001220703125,4092
2025-12-26 09:05:00+00:00,409.20001220703125,409.25,409.20001220703125,409.20001220703125,3505
2025-12-26 09:06:00+00:00,409.25,409.25,409.1499938964844,409.1499938964844,7027
2025-12-26 09:07:00+00:00,409.25,409.3999938964844,409.25,409.3500061035156,3686
2025-12-26 09:08:00+00:00,409.29998779296875,409.3500061035156,409.20001220703125,409.25,6235
2025-12-26 09:09:00+00:00,409.1499938964844,409.3999938964844,409.1499938964844,409.25,4654
2025-12-26 09:10:00+00:00,409.1000061035156,409.1499938964844,409.04998779296875,409.1000061035156,11468
2025-12-26 09:11:00+00:00,409.29998779296875,409.29998779296875,409.0,409.04998779296875,5496
2025-12-26 09:12:00+00:00,409.20001220703125,409.25,409.1000061035156,409.1000061035156,5906
2025-12-26 09:13:00+00:00,409.29998779296875,409.5,409.1499938964844,409.29998779296875,7192
2025-12-26 09:14:00+00:00,408.20001220703125,409.29998779296875,408.20001220703125,409.29998779296875,24886
2025-12-26 09:15:00+00:00,408.75,408.75,408.04998779296875,408.20001220703125,21694
2025-12-26 09:16:00+00:00,408.70001220703125,408.79998779296875,408.45001220703125,408.70001220703125,10578
2025-12-26 09:17:00+00:00,408.54998779296875,408.70001220703125,408.45001220703125,408.70001220703125,8779
2025-12-26 09:18:00+00:00,408.54998779296875,408.6499938964844,408.3999938964844,408.54998779296875,9655
2025-12-26 09:19:00+00:00,408.70001220703125,408.70001220703125,408.3500061035156,408.3500061035156,10552
2025-12-26 09:20:00+00:00,408.5,408.6000061035156,408.3500061035156,408.5,11774
2025-12-26 09:21:00+00:00,408.95001220703125,408.95001220703125,408.25,408.45001220703125,11014
2025-12-26 09:22:00+00:00,409.04998779296875,409.1000061035156,408.70001220703125,408.8500061035156,16358
2025-12-26 09:23:00+00:00,409.25,409.25,409.0,409.20001220703125,8284
2025-12-26 09:24:00+00:00,408.8999938964844,409.25,408.8999938964844,409.25,18755
2025-12-26 09:25:00+00:00,408.1499938964844,408.8999938964844,408.1000061035156,408.8999938964844,48029
2025-12-26 09:26:00+00:00,408.0,408.5,408.0,408.0,16935
2025-12-26 09:27:00+00:00,408.0,408.20001220703125,408.0,408.1000061035156,15937
2025-12-26 09:28:00+00:00,408.1000061035156,408.25,408.04998779296875,408.1499938964844,14649
2025-12-26 09:29:00+00:00,408.70001220703125,408.70001220703125,408.1499938964844,408.25,18490
2025-12-26 09:30:00+00:00,408.8500061035156,409.25,408.6000061035156,409.04998779296875,31435
2025-12-26 09:31:00+00:00,408.6499938964844,408.6499938964844,408.20001220703125,408.6499938964844,17054
2025-12-26 09:32:00+00:00,408.6000061035156,408.6499938964844,408.25,408.5,16672
2025-12-26 09:33:00+00:00,408.25,408.6000061035156,408.25,408.5,23149
2025-12-26 09:34:00+00:00,408.3999938964844,408.3999938964844,408.1499938964844,408.25,17423
2025-12-26 09:35:00+00:00,408.75,409.0,408.1000061035156,408.3999938964844,21505
2025-12-26 09:36:00+00:00,408.5,408.8500061035156,408.25,408.8500061035156,19043
2025-12-26 09:37:00+00:00,408.3999938964844,408.45001220703125,408.1499938964844,408.45001220703125,20497
2025-12-26 09:38:00+00:00,408.70001220703125,409.0,408.29998779296875,408.29998779296875,33367
2025-12-26 09:39:00+00:00,408.54998779296875,408.70001220703125,408.3500061035156,408.70001220703125,15146
2025-12-26 09:40:00+00:00,408.45001220703125,408.6499938964844,408.1000061035156,408.5,63120
2025-12-26 09:41:00+00:00,408.75,408.95001220703125,408.3999938964844,408.54998779296875,26082
2025-12-26 09:42:00+00:00,408.3500061035156,408.75,408.1000061035156,408.75,27593
2025-12-26 09:43:00+00:00,408.25,408.3999938964844,408.0,408.3500061035156,17588
2025-12-26 09:44:00+00:00,408.0,408.3500061035156,408.0,408.25,32716
2025-12-26 09:45:00+00:00,408.0,408.25,408.0,408.04998779296875,96722
2025-12-26 09:46:00+00:00,408.5,408.6499938964844,408.0,408.45001220703125,42794
2025-12-26 09:47:00+00:00,408.29998779296875,408.5,408.04998779296875,408.5,22589
2025-12-26 09:48:00+00:00,408.45001220703125,408.45001220703125,408.0,408.1000061035156,56375
2025-12-26 09:49:00+00:00,408.25,408.75,408.1000061035156,408.29998779296875,26229
2025-12-26 09:50:00+00:00,408.8500061035156,409.25,408.3999938964844,408.5,53569
2025-12-26 09:51:00+00:00,408.70001220703125,409.0,408.70001220703125,408.8500061035156,24910
2025-12-26 09:52:00+00:00,408.54998779296875,408.75,408.54998779296875,408.75,18425
2025-12-26 09:53:00+00:00,408.3500061035156,408.54998779296875,408.3500061035156,408.54998779296875,16469
2025-12-26 09:54:00+00:00,408.75,408.75,408.0,408.3500061035156,49982
2025-12-26 09:55:00+00:00,408.1499938964844,409.6499938964844,408.1000061035156,409.3999938964844,115290
2025-12-26 09:56:00+00:00,408.8999938964844,409.0,408.29998779296875,408.29998779296875,26444
2025-12-26 09:57:00+00:00,409.75,409.75,408.79998779296875,408.95001220703125,44347
2025-12-26 09:58:00+00:00,410.1000061035156,410.1000061035156,409.29998779296875,409.5,72407
2025-12-26 09:59:00+00:00,410.0,410.29998779296875,410.0,410.0,36763
2025-12-29 03:45:00+00:00,416.3999938964844,417.8999938964844,410.04998779296875,410.04998779296875,0
2025-12-29 03:46:00+00:00,415.8999938964844,416.5,415.3999938964844,416.45001220703125,73987
2025-12-29 03:47:00+00:00,415.25,416.5,415.25,415.6000061035156,45657
2025-12-29 03:48:00+00:00,415.25,415.25,414.6000061035156,415.20001220703125,38248
2025-12-29 03:49:00+00:00,413.8500061035156,415.20001220703125,413.8500061035156,415.20001220703125,37047
2025-12-29 03:50:00+00:00,413.0,414.79998779296875,413.0,414.20001220703125,36684
2025-12-29 03:51:00+00:00,413.70001220703125,414.0,413.54998779296875,413.54998779296875,22185
2025-12-29 03:52:00+00:00,413.54998779296875,414.20001220703125,413.54998779296875,413.54998779296875,21228
2025-12-29 03:53:00+00:00,412.70001220703125,413.79998779296875,412.70001220703125,413.79998779296875,41345
2025-12-29 03:54:00+00:00,412.6499938964844,412.8999938964844,412.29998779296875,412.8999938964844,13633
2025-12-29 03:55:00+00:00,413.1499938964844,413.5,412.5,413.5,29324
2025-12-29 03:56:00+00:00,413.79998779296875,413.8999938964844,412.95001220703125,412.95001220703125,21581
2025-12-29 03:57:00+00:00,414.04998779296875,414.29998779296875,413.75,413.75,15261
2025-12-29 03:58:00+00:00,413.6000061035156,414.3999938964844,413.6000061035156,414.04998779296875,41969
2025-12-29 03:59:00+00:00,411.3999938964844,413.0,411.04998779296875,413.0,64854
2025-12-29 04:00:00+00:00,412.20001220703125,412.75,411.25,411.6000061035156,17490
2025-12-29 04:01:00+00:00,412.0,412.25,411.8999938964844,412.20001220703125,18840
2025-12-29 04:02:00+00:00,412.79998779296875,412.8500061035156,412.54998779296875,412.6000061035156,19745
2025-12-29 04:03:00+00:00,412.5,412.79998779296875,412.1000061035156,412.79998779296875,6590
2025-12-29 04:04:00+00:00,412.29998779296875,413.25,412.29998779296875,413.25,51329
2025-12-29 04:05:00+00:00,412.6000061035156,412.70001220703125,412.3999938964844,412.54998779296875,7716
2025-12-29 04:06:00+00:00,413.0,413.1499938964844,412.25,412.25,44954
2025-12-29 04:07:00+00:00,412.95001220703125,413.0,412.8500061035156,412.8500061035156,7706
2025-12-29 04:08:00+00:00,412.3500061035156,412.8999938964844,412.3500061035156,412.70001220703125,14457
2025-12-29 04:09:00+00:00,412.45001220703125,412.6000061035156,412.20001220703125,412.45001220703125,6829
2025-12-29 04:10:00+00:00,412.1499938964844,412.5,412.1499938964844,412.5,5311
2025-12-29 04:11:00+00:00,412.3500061035156,412.3999938964844,412.1499938964844,412.25,8391
2025-12-29 04:12:00+00:00,410.8500061035156,412.29998779296875,410.6000061035156,412.29998779296875,42771
2025-12-29 04:13:00+00:00,412.25,412.25,410.20001220703125,410.6000061035156,80786
2025-12-29 04:14:00+00:00,412.8999938964844,413.0,412.45001220703125,412.79998779296875,44554
2025-12-29 04:15:00+00:00,412.95001220703125,413.1499938964844,412.5,412.8999938964844,13974
2025-12-29 04:16:00+00:00,412.1000061035156,412.79998779296875,412.1000061035156,412.75,15747
2025-12-29 04:17:00+00:00,412.3500061035156,412.5,412.25,412.3500061035156,6252
2025-12-29 04:18:00+00:00,412.8999938964844,413.0,412.3500061035156,412.3500061035156,12003
2025-12-29 04:19:00+00:00,413.25,413.70001220703125,412.8500061035156,412.8500061035156,74222
2025-12-29 04:20:00+00:00,413.0,413.70001220703125,412.8500061035156,413.5,16842
2025-12-29 04:21:00+00:00,413.3999938964844,413.79998779296875,413.0,413.0,33536
2025-12-29 04:22:00+00:00,414.1499938964844,414.1499938964844,413.25,413.25,29617
2025-12-29 04:23:00+00:00,414.29998779296875,414.29998779296875,413.95001220703125,414.0,13101
2025-12-29 04:24:00+00:00,413.0,413.6000061035156,413.0,413.5,19503
2025-12-29 04:25:00+00:00,412.25,412.5,412.25,412.5,5954
2025-12-29 04:26:00+00:00,412.3999938964844,412.6000061035156,412.20001220703125,412.45001220703125,10508
2025-12-29 04:27:00+00:00,412.1499938964844,412.95001220703125,412.1499938964844,412.3999938964844,23835
2025-12-29 04:28:00+00:00,411.6000061035156,412.1000061035156,411.6000061035156,411.95001220703125,6122
2025-12-29 04:29:00+00:00,411.20001220703125,411.8500061035156,411.20001220703125,411.6000061035156,9896
2025-12-29 04:30:00+00:00,411.3999938964844,411.3999938964844,410.8999938964844,410.95001220703125,13783
2025-12-29 04:31:00+00:00,410.6000061035156,411.3999938964844,410.6000061035156,411.20001220703125,13078
2025-12-29 04:32:00+00:00,411.04998779296875,411.1499938964844,410.20001220703125,410.3999938964844,61803
2025-12-29 04:33:00+00:00,410.95001220703125,411.3999938964844,410.70001220703125,411.04998779296875,9547
2025-12-29 04:34:00+00:00,410.75,410.8999938964844,410.6000061035156,410.79998779296875,6768
2025-12-29 04:35:00+00:00,410.95001220703125,410.95001220703125,410.70001220703125,410.70001220703125,7928
2025-12-29 04:36:00+00:00,410.8500061035156,411.0,410.8500061035156,410.8500061035156,9299
2025-12-29 04:37:00+00:00,410.79998779296875,411.0,410.6000061035156,410.8500061035156,7412
2025-12-29 04:38:00+00:00,410.5,410.75,410.29998779296875,410.6000061035156,15435
2025-12-29 04:39:00+00:00,410.79998779296875,411.0,410.54998779296875,410.79998779296875,15649
2025-12-29 04:40:00+00:00,410.70001220703125,410.8500061035156,410.5,410.8500061035156,9803
2025-12-29 04:41:00+00:00,410.45001220703125,410.70001220703125,410.29998779296875,410.70001220703125,10842
2025-12-29 04:42:00+00:00,410.75,410.75,410.3500061035156,410.5,6601
2025-12-29 04:43:00+00:00,410.1499938964844,410.54998779296875,410.04998779296875,410.54998779296875,14588
2025-12-29 04:44:00+00:00,410.1000061035156,410.1499938964844,410.0,410.0,7304
2025-12-29 04:45:00+00:00,410.04998779296875,410.29998779296875,410.0,410.1499938964844,46350
2025-12-29 04:46:00+00:00,410.04998779296875,410.1499938964844,410.04998779296875,410.04998779296875,15032
2025-12-29 04:47:00+00:00,410.20001220703125,410.20001220703125,410.04998779296875,410.1499938964844,3800
2025-12-29 04:48:00+00:00,410.1499938964844,410.20001220703125,410.04998779296875,410.1499938964844,15419
2025-12-29 04:49:00+00:00,410.0,410.1499938964844,410.0,410.1499938964844,41233
2025-12-29 04:50:00+00:00,410.6499938964844,410.8500061035156,410.1499938964844,410.25,14274
2025-12-29 04:51:00+00:00,410.70001220703125,410.8500061035156,410.45001220703125,410.45001220703125,6417
2025-12-29 04:52:00+00:00,410.70001220703125,410.70001220703125,410.3999938964844,410.70001220703125,4514
2025-12-29 04:53:00+00:00,410.6499938964844,410.6499938964844,410.1499938964844,410.6000061035156,4824
2025-12-29 04:54:00+00:00,410.5,410.6499938964844,410.3999938964844,410.3999938964844,3324
2025-12-29 04:55:00+00:00,410.45001220703125,410.95001220703125,410.45001220703125,410.5,8510
2025-12-29 04:56:00+00:00,410.70001220703125,410.79998779296875,410.5,410.70001220703125,12262
2025-12-29 04:57:00+00:00,410.3999938964844,410.5,410.20001220703125,410.5,4543
2025-12-29 04:58:00+00:00,410.5,410.5,410.20001220703125,410.3999938964844,3862
2025-12-29 04:59:00+00:00,410.79998779296875,410.79998779296875,410.54998779296875,410.75,3422
2025-12-29 05:00:00+00:00,410.54998779296875,410.75,410.45001220703125,410.6000061035156,3603
2025-12-29 05:01:00+00:00,410.6000061035156,410.6000061035156,410.54998779296875,410.6000061035156,3267
2025-12-29 05:02:00+00:00,410.1000061035156,410.6000061035156,410.1000061035156,410.6000061035156,6271
2025-12-29 05:03:00+00:00,410.04998779296875,410.1000061035156,410.0,410.1000061035156,4509
2025-12-29 05:04:00+00:00,410.04998779296875,410.1000061035156,410.0,410.1000061035156,37769
2025-12-29 05:05:00+00:00,410.1000061035156,410.1000061035156,410.0,410.1000061035156,7369
2025-12-29 05:06:00+00:00,410.45001220703125,410.45001220703125,410.0,410.1000061035156,17009
2025-12-29 05:07:00+00:00,410.54998779296875,410.54998779296875,410.29998779296875,410.45001220703125,5132
2025-12-29 05:08:00+00:00,410.6000061035156,410.70001220703125,410.45001220703125,410.45001220703125,5594
2025-12-29 05:09:00+00:00,410.8500061035156,411.3500061035156,410.5,410.6000061035156,19016
2025-12-29 05:10:00+00:00,410.70001220703125,410.8500061035156,410.6000061035156,410.8500061035156,4778
2025-12-29 05:11:00+00:00,410.6499938964844,410.6499938964844,410.6000061035156,410.6000061035156,4657
2025-12-29 05:12:00+00:00,410.6499938964844,410.6499938964844,410.6000061035156,410.6499938964844,5327
2025-12-29 05:13:00+00:00,410.45001220703125,410.5,410.3999938964844,410.5,4398
2025-12-29 05:14:00+00:00,410.8500061035156,410.8500061035156,410.3999938964844,410.3999938964844,10063
2025-12-29 05:15:00+00:00,410.5,410.95001220703125,410.3999938964844,410.6499938964844,11796
2025-12-29 05:16:00+00:00,410.54998779296875,410.8999938964844,410.3999938964844,410.3999938964844,5342
2025-12-29 05:17:00+00:00,410.04998779296875,410.75,410.04998779296875,410.54998779296875,9365
2025-12-29 05:18:00+00:00,410.1000061035156,410.20001220703125,410.04998779296875,410.20001220703125,9085
2025-12-29 05:19:00+00:00,410.04998779296875,410.25,410.0,410.1000061035156,75503
2025-12-29 05:20:00+00:00,410.04998779296875,410.45001220703125,410.0,410.0,9483
2025-12-29 05:21:00+00:00,410.0,410.1000061035156,410.0,410.04998779296875,5173
2025-12-29 05:22:00+00:00,410.04998779296875,410.25,410.0,410.0,7113
2025-12-29 05:23:00+00:00,410.1000061035156,410.1000061035156,410.04998779296875,410.04998779296875,4323
2025-12-29 05:24:00+00:00,410.3500061035156,410.5,410.20001220703125,410.20001220703125,6675
2025-12-29 05:25:00+00:00,410.54998779296875,410.70001220703125,410.3999938964844,410.3999938964844,14004
2025-12-29 05:26:00+00:00,410.45001220703125,410.54998779296875,410.45001220703125,410.54998779296875,2524
2025-12-29 05:27:00+00:00,410.54998779296875,410.79998779296875,410.45001220703125,410.5,5195
2025-12-29 05:28:00+00:00,410.54998779296875,410.70001220703125,410.54998779296875,410.54998779296875,3671
2025-12-29 05:29:00+00:00,410.45001220703125,410.70001220703125,410.3999938964844,410.54998779296875,3075
2025-12-29 05:30:00+00:00,410.3999938964844,410.45001220703125,410.3999938964844,410.3999938964844,3992
2025-12-29 05:31:00+00:00,410.45001220703125,410.5,410.3999938964844,410.3999938964844,3706
2025-12-29 05:32:00+00:00,410.29998779296875,410.45001220703125,410.29998779296875,410.3999938964844,4646
2025-12-29 05:33:00+00:00,410.29998779296875,410.3999938964844,410.29998779296875,410.29998779296875,3741
2025-12-29 05:34:00+00:00,410.29998779296875,410.45001220703125,410.29998779296875,410.29998779296875,5561
2025-12-29 05:35:00+00:00,410.1000061035156,410.29998779296875,410.1000061035156,410.29998779296875,5062
2025-12-29 05:36:00+00:00,410.75,410.79998779296875,410.1000061035156,410.20001220703125,12210
2025-12-29 05:37:00+00:00,410.6499938964844,410.70001220703125,410.1499938964844,410.70001220703125,8753
2025-12-29 05:38:00+00:00,410.3500061035156,410.6499938964844,410.3500061035156,410.5,3929
2025-12-29 05:39:00+00:00,410.20001220703125,410.3999938964844,410.20001220703125,410.3500061035156,3947
2025-12-29 05:40:00+00:00,410.3500061035156,410.3500061035156,410.20001220703125,410.20001220703125,4349
2025-12-29 05:41:00+00:00,410.3500061035156,410.3500061035156,410.29998779296875,410.3500061035156,6205
2025-12-29 05:42:00+00:00,410.20001220703125,410.3500061035156,410.1499938964844,410.3500061035156,4619
2025-12-29 05:43:00+00:00,410.1499938964844,410.29998779296875,410.1499938964844,410.1499938964844,3821
2025-12-29 05:44:00+00:00,410.20001220703125,410.29998779296875,410.1499938964844,410.1499938964844,3834
2025-12-29 05:45:00+00:00,410.1499938964844,410.29998779296875,410.1499938964844,410.29998779296875,5708
2025-12-29 05:46:00+00:00,410.0,410.1499938964844,410.0,410.0,12867
2025-12-29 05:47:00+00:00,410.54998779296875,410.54998779296875,410.04998779296875,410.04998779296875,5936
2025-12-29 05:48:00+00:00,410.20001220703125,410.45001220703125,410.20001220703125,410.3500061035156,6112
2025-12-29 05:49:00+00:00,410.3500061035156,410.3500061035156,410.20001220703125,410.20001220703125,4634
2025-12-29 05:50:00+00:00,410.1000061035156,410.20001220703125,410.0,410.20001220703125,85967
2025-12-29 05:51:00+00:00,410.1499938964844,410.3500061035156,410.0,410.0,10284
2025-12-29 05:52:00+00:00,410.1499938964844,410.3500061035156,410.1499938964844,410.29998779296875,5835
2025-12-29 05:53:00+00:00,410.0,410.1499938964844,410.0,410.1499938964844,6854
2025-12-29 05:54:00+00:00,409.54998779296875,410.1000061035156,409.54998779296875,410.1000061035156,23567
2025-12-29 05:55:00+00:00,409.6000061035156,409.70001220703125,409.54998779296875,409.54998779296875,7096
2025-12-29 05:56:00+00:00,408.79998779296875,409.70001220703125,408.79998779296875,409.6000061035156,27864
2025-12-29 05:57:00+00:00,408.8500061035156,409.0,408.6499938964844,408.79998779296875,17420
2025-12-29 05:58:00+00:00,408.75,409.0,408.70001220703125,408.8500061035156,15080
2025-12-29 05:59:00+00:00,409.0,409.0,408.75,409.0,5002
2025-12-29 06:00:00+00:00,408.70001220703125,408.95001220703125,408.6499938964844,408.95001220703125,8101
2025-12-29 06:01:00+00:00,408.95001220703125,408.95001220703125,408.6499938964844,408.70001220703125,14311
2025-12-29 06:02:00+00:00,409.04998779296875,409.25,409.0,409.0,4502
2025-12-29 06:03:00+00:00,408.6499938964844,409.1499938964844,408.6499938964844,409.1499938964844,12044
2025-12-29 06:04:00+00:00,408.6499938964844,408.8500061035156,408.5,408.8500061035156,9135
2025-12-29 06:05:00+00:00,408.5,408.6499938964844,408.5,408.6499938964844,5878
2025-12-29 06:06:00+00:00,408.6000061035156,408.6000061035156,408.5,408.5,5741
2025-12-29 06:07:00+00:00,408.45001220703125,408.5,408.45001220703125,408.5,5186
2025-12-29 06:08:00+00:00,409.29998779296875,409.29998779296875,408.45001220703125,408.45001220703125,23903
2025-12-29 06:09:00+00:00,409.45001220703125,409.70001220703125,409.29998779296875,409.70001220703125,6735
2025-12-29 06:10:00+00:00,409.25,409.45001220703125,409.0,409.45001220703125,5489
2025-12-29 06:11:00+00:00,409.1000061035156,409.29998779296875,409.04998779296875,409.20001220703125,4559
2025-12-29 06:12:00+00:00,409.1000061035156,409.29998779296875,409.1000061035156,409.29998779296875,3383
2025-12-29 06:13:00+00:00,409.3999938964844,409.75,409.1000061035156,409.1000061035156,59925
2025-12-29 06:14:00+00:00,409.6000061035156,410.1000061035156,409.3999938964844,409.54998779296875,16032
2025-12-29 06:15:00+00:00,409.20001220703125,409.3999938964844,408.8500061035156,409.29998779296875,9790
2025-12-29 06:16:00+00:00,409.1000061035156,409.25,409.0,409.1499938964844,6031
2025-12-29 06:17:00+00:00,409.1000061035156,409.25,408.79998779296875,409.1000061035156,6702
2025-12-29 06:18:00+00:00,409.04998779296875,409.25,409.0,409.04998779296875,5073
2025-12-29 06:19:00+00:00,409.04998779296875,409.20001220703125,409.04998779296875,409.04998779296875,8119
2025-12-29 06:20:00+00:00,409.1499938964844,409.1499938964844,409.04998779296875,409.04998779296875,3493
2025-12-29 06:21:00+00:00,409.1000061035156,409.25,409.04998779296875,409.1499938964844,5073
2025-12-29 06:22:00+00:00,409.3500061035156,409.6000061035156,409.25,409.25,4701
2025-12-29 06:23:00+00:00,409.04998779296875,409.3999938964844,409.04998779296875,409.3999938964844,5505
2025-12-29 06:24:00+00:00,409.04998779296875,409.1000061035156,409.04998779296875,409.04998779296875,3298
2025-12-29 06:25:00+00:00,409.29998779296875,409.29998779296875,408.8999938964844,409.1000061035156,11818
2025-12-29 06:26:00+00:00,409.29998779296875,409.29998779296875,409.1000061035156,409.1000061035156,3080
2025-12-29 06:27:00+00:00,409.04998779296875,409.1499938964844,409.0,409.1000061035156,5927
2025-12-29 06:28:00+00:00,409.3999938964844,409.3999938964844,409.1000061035156,409.1499938964844,4295
2025-12-29 06:29:00+00:00,409.29998779296875,409.3999938964844,409.29998779296875,409.3999938964844,3358
2025-12-29 06:30:00+00:00,409.04998779296875,409.29998779296875,409.0,409.29998779296875,9983
2025-12-29 06:31:00+00:00,408.8999938964844,409.0,408.6000061035156,409.0,8313
2025-12-29 06:32:00+00:00,408.70001220703125,409.0,408.70001220703125,408.8500061035156,7178
2025-12-29 06:33:00+00:00,409.0,409.20001220703125,408.8999938964844,408.95001220703125,6137
2025-12-29 06:34:00+00:00,408.95001220703125,409.0,408.8999938964844,409.0,5417
2025-12-29 06:35:00+00:00,408.95001220703125,408.95001220703125,408.79998779296875,408.95001220703125,4556
2025-12-29 06:36:00+00:00,408.79998779296875,408.95001220703125,408.79998779296875,408.95001220703125,6056
2025-12-29 06:37:00+00:00,409.95001220703125,410.1000061035156,408.75,408.79998779296875,33691
2025-12-29 06:38:00+00:00,409.6000061035156,410.1000061035156,409.5,409.75,14994
2025-12-29 06:39:00+00:00,409.29998779296875,409.70001220703125,409.25,409.6000061035156,4951
2025-12-29 06:40:00+00:00,409.5,409.54998779296875,409.25,409.29998779296875,11001
2025-12-29 06:41:00+00:00,409.70001220703125,409.70001220703125,409.3999938964844,409.6499938964844,4961
2025-12-29 06:42:00+00:00,409.1499938964844,409.6499938964844,409.1499938964844,409.6000061035156,6018
2025-12-29 06:43:00+00:00,409.20001220703125,409.20001220703125,409.0,409.0,4867
2025-12-29 06:44:00+00:00,409.1499938964844,409.20001220703125,409.0,409.1499938964844,10552
2025-12-29 06:45:00+00:00,409.04998779296875,409.20001220703125,409.0,409.0,3965
2025-12-29 06:46:00+00:00,409.1000061035156,409.20001220703125,409.0,409.04998779296875,4431
2025-12-29 06:47:00+00:00,409.1000061035156,409.20001220703125,409.0,409.0,5166
2025-12-29 06:48:00+00:00,409.1499938964844,409.5,409.1000061035156,409.1000061035156,5623
2025-12-29 06:49:00+00:00,409.5,409.5,409.1499938964844,409.25,10107
2025-12-29 06:50:00+00:00,409.25,409.3999938964844,409.25,409.25,3108
2025-12-29 06:51:00+00:00,409.3999938964844,409.3999938964844,409.25,409.29998779296875,5500
2025-12-29 06:52:00+00:00,409.0,409.3999938964844,409.0,409.3999938964844,30344
2025-12-29 06:53:00+00:00,409.0,409.1499938964844,409.0,409.1499938964844,4796
2025-12-29 06:54:00+00:00,409.0,409.0,409.0,409.0,6956
2025-12-29 06:55:00+00:00,409.0,409.04998779296875,409.0,409.04998779296875,7842
2025-12-29 06:56:00+00:00,409.04998779296875,409.04998779296875,409.0,409.0,7044
2025-12-29 06:57:00+00:00,409.04998779296875,409.20001220703125,409.0,409.04998779296875,7516
2025-12-29 06:58:00+00:00,409.1499938964844,409.20001220703125,409.04998779296875,409.04998779296875,3610
2025-12-29 06:59:00+00:00,409.0,409.20001220703125,409.0,409.20001220703125,5810
2025-12-29 07:00:00+00:00,409.04998779296875,409.20001220703125,409.0,409.0,6323
2025-12-29 07:01:00+00:00,409.3999938964844,409.3999938964844,409.0,409.20001220703125,7914
2025-12-29 07:02:00+00:00,409.0,409.25,409.0,409.20001220703125,5387
2025-12-29 07:03:00+00:00,409.0,409.04998779296875,409.0,409.0,3646
2025-12-29 07:04:00+00:00,409.0,409.20001220703125,409.0,409.0,10881
2025-12-29 07:05:00+00:00,409.0,409.29998779296875,409.0,409.0,7017
2025-12-29 07:06:00+00:00,409.0,409.20001220703125,409.0,409.0,4879
2025-12-29 07:07:00+00:00,409.0,409.04998779296875,409.0,409.0,5403
2025-12-29 07:08:00+00:00,409.0,409.04998779296875,408.79998779296875,409.0,8504
2025-12-29 07:09:00+00:00,408.75,409.0,408.75,409.0,5621
2025-12-29 07:10:00+00:00,408.75,409.0,408.75,408.95001220703125,14748
2025-12-29 07:11:00+00:00,408.75,408.75,408.70001220703125,408.75,9402
2025-12-29 07:12:00+00:00,408.6499938964844,408.75,408.6499938964844,408.75,9169
2025-12-29 07:13:00+00:00,408.1499938964844,408.6499938964844,408.0,408.6499938964844,29405
2025-12-29 07:14:00+00:00,408.0,408.3999938964844,408.0,408.29998779296875,6754
2025-12-29 07:15:00+00:00,408.3999938964844,408.3999938964844,408.0,408.1499938964844,6541
2025-12-29 07:16:00+00:00,408.79998779296875,409.0,408.3500061035156,408.3999938964844,23411
2025-12-29 07:17:00+00:00,409.0,409.04998779296875,408.79998779296875,408.79998779296875,31258
2025-12-29 07:18:00+00:00,409.29998779296875,409.70001220703125,409.0,409.0,5372
2025-12-29 07:19:00+00:00,409.8500061035156,410.0,409.29998779296875,409.3500061035156,9471
2025-12-29 07:20:00+00:00,409.3500061035156,409.95001220703125,409.3500061035156,409.8500061035156,9575
2025-12-29 07:21:00+00:00,409.3999938964844,409.5,409.29998779296875,409.45001220703125,2954
2025-12-29 07:22:00+00:00,409.29998779296875,409.5,409.29998779296875,409.3999938964844,5357
2025-12-29 07:23:00+00:00,409.25,409.29998779296875,409.20001220703125,409.29998779296875,3786
2025-12-29 07:24:00+00:00,409.45001220703125,409.5,409.20001220703125,409.25,17795
2025-12-29 07:25:00+00:00,409.70001220703125,409.70001220703125,409.45001220703125,409.45001220703125,3894
2025-12-29 07:26:00+00:00,410.04998779296875,410.1000061035156,409.6000061035156,409.6000061035156,10016
2025-12-29 07:27:00+00:00,409.6499938964844,410.1000061035156,409.54998779296875,410.04998779296875,15922
2025-12-29 07:28:00+00:00,410.1000061035156,410.1000061035156,409.1499938964844,409.6499938964844,225815
2025-12-29 07:29:00+00:00,410.0,410.1000061035156,410.0,410.0,3541
2025-12-29 07:30:00+00:00,410.0,410.1000061035156,409.54998779296875,410.04998779296875,242033
2025-12-29 07:31:00+00:00,410.0,410.1000061035156,410.0,410.0,27840
2025-12-29 07:32:00+00:00,410.1000061035156,410.1000061035156,410.0,410.04998779296875,19200
2025-12-29 07:33:00+00:00,410.04998779296875,410.1000061035156,410.04998779296875,410.1000061035156,6455
2025-12-29 07:34:00+00:00,410.1000061035156,410.1000061035156,410.04998779296875,410.04998779296875,3658
2025-12-29 07:35:00+00:00,410.04998779296875,410.1000061035156,410.04998779296875,410.04998779296875,2900
2025-12-29 07:36:00+00:00,410.0,410.04998779296875,410.0,410.04998779296875,6348
2025-12-29 07:37:00+00:00,410.0,410.1000061035156,410.0,410.0,4500
2025-12-29 07:38:00+00:00,410.04998779296875,410.20001220703125,410.04998779296875,410.04998779296875,10965
2025-12-29 07:39:00+00:00,410.0,410.1000061035156,410.0,410.04998779296875,4293
2025-12-29 07:40:00+00:00,410.04998779296875,410.1000061035156,410.0,410.0,10923
2025-12-29 07:41:00+00:00,410.0,410.04998779296875,410.0,410.04998779296875,2819
2025-12-29 07:42:00+00:00,410.0,410.04998779296875,410.0,410.0,6710
2025-12-29 07:43:00+00:00,410.0,410.04998779296875,410.0,410.04998779296875,8586
2025-12-29 07:44:00+00:00,410.0,410.1499938964844,410.0,410.0,38168
2025-12-29 07:45:00+00:00,410.0,410.04998779296875,410.0,410.04998779296875,12619
2025-12-29 07:46:00+00:00,410.0,410.0,410.0,410.0,4448
2025-12-29 07:47:00+00:00,410.0,410.04998779296875,410.0,410.04998779296875,5223
2025-12-29 07:48:00+00:00,410.0,410.04998779296875,410.0,410.04998779296875,4203
2025-12-29 07:49:00+00:00,410.04998779296875,410.04998779296875,410.0,410.0,6735
2025-12-29 07:50:00+00:00,410.0,410.04998779296875,410.0,410.04998779296875,6027
2025-12-29 07:51:00+00:00,410.04998779296875,410.04998779296875,410.0,410.0,3379
2025-12-29 07:52:00+00:00,410.0,410.0,410.0,410.0,4917
2025-12-29 07:53:00+00:00,410.0,410.04998779296875,410.0,410.0,4848
2025-12-29 07:54:00+00:00,410.0,410.04998779296875,410.0,410.0,3779
2025-12-29 07:55:00+00:00,410.0,410.04998779296875,410.0,410.0,14366
2025-12-29 07:56:00+00:00,410.0,410.04998779296875,410.0,410.0,28789
2025-12-29 07:57:00+00:00,410.0,410.04998779296875,410.0,410.0,4336
2025-12-29 07:58:00+00:00,410.04998779296875,410.1499938964844,410.0,410.04998779296875,44390
2025-12-29 07:59:00+00:00,410.0,410.1000061035156,410.0,410.1000061035156,7091
2025-12-29 08:00:00+00:00,410.0,410.1000061035156,410.0,410.04998779296875,8710
2025-12-29 08:01:00+00:00,410.04998779296875,410.1000061035156,410.04998779296875,410.04998779296875,2676
2025-12-29 08:02:00+00:00,410.04998779296875,410.1000061035156,410.0,410.04998779296875,4364
2025-12-29 08:03:00+00:00,410.04998779296875,410.1000061035156,410.04998779296875,410.04998779296875,5578
2025-12-29 08:04:00+00:00,410.0,410.1000061035156,410.0,410.04998779296875,5999
2025-12-29 08:05:00+00:00,410.0,410.1000061035156,410.0,410.0,5289
2025-12-29 08:06:00+00:00,410.0,410.04998779296875,410.0,410.0,2769
2025-12-29 08:07:00+00:00,410.04998779296875,410.04998779296875,410.0,410.04998779296875,5216
2025-12-29 08:08:00+00:00,410.04998779296875,410.04998779296875,410.0,410.0,3000
2025-12-29 08:09:00+00:00,410.0,410.04998779296875,410.0,410.04998779296875,8584
2025-12-29 08:10:00+00:00,410.0,410.04998779296875,410.0,410.04998779296875,6135
2025-12-29 08:11:00+00:00,410.0,410.04998779296875,410.0,410.04998779296875,5526
2025-12-29 08:12:00+00:00,410.0,410.04998779296875,410.0,410.04998779296875,6828
2025-12-29 08:13:00+00:00,410.1499938964844,410.1499938964844,410.0,410.0,12168
2025-12-29 08:14:00+00:00,410.0,410.04998779296875,410.0,410.0,5108
2025-12-29 08:15:00+00:00,410.0,410.04998779296875,410.0,410.04998779296875,4222
2025-12-29 08:16:00+00:00,410.25,410.25,410.0,410.04998779296875,18085
2025-12-29 08:17:00+00:00,410.29998779296875,410.29998779296875,410.20001220703125,410.25,9412
2025-12-29 08:18:00+00:00,410.45001220703125,410.6000061035156,410.3999938964844,410.3999938964844,3272
2025-12-29 08:19:00+00:00,410.29998779296875,410.5,410.1499938964844,410.45001220703125,6514
2025-12-29 08:20:00+00:00,410.6499938964844,410.6499938964844,410.3500061035156,410.3500061035156,11994
2025-12-29 08:21:00+00:00,410.54998779296875,410.95001220703125,410.5,410.6499938964844,5606
2025-12-29 08:22:00+00:00,410.54998779296875,410.54998779296875,410.3500061035156,410.45001220703125,5896
2025-12-29 08:23:00+00:00,410.6000061035156,410.8500061035156,410.54998779296875,410.54998779296875,3523
2025-12-29 08:24:00+00:00,410.20001220703125,410.6499938964844,410.20001220703125,410.6499938964844,6569
2025-12-29 08:25:00+00:00,409.3999938964844,410.1499938964844,409.3999938964844,410.04998779296875,16737
2025-12-29 08:26:00+00:00,408.79998779296875,409.5,408.3999938964844,409.3999938964844,21818
2025-12-29 08:27:00+00:00,408.6000061035156,409.04998779296875,408.5,408.6499938964844,6535
2025-12-29 08:28:00+00:00,408.5,408.6000061035156,408.29998779296875,408.5,6150
2025-12-29 08:29:00+00:00,408.8999938964844,409.0,408.54998779296875,408.54998779296875,8630
2025-12-29 08:30:00+00:00,409.1499938964844,409.1499938964844,408.79998779296875,408.79998779296875,5919
2025-12-29 08:31:00+00:00,408.79998779296875,409.1000061035156,408.79998779296875,409.04998779296875,21768
2025-12-29 08:32:00+00:00,408.5,408.6499938964844,408.20001220703125,408.20001220703125,14861
2025-12-29 08:33:00+00:00,409.0,409.04998779296875,408.6499938964844,408.79998779296875,15201
2025-12-29 08:34:00+00:00,409.0,409.04998779296875,409.0,409.04998779296875,3260
2025-12-29 08:35:00+00:00,408.79998779296875,409.1000061035156,408.79998779296875,409.04998779296875,4903
2025-12-29 08:36:00+00:00,408.95001220703125,409.0,408.70001220703125,408.70001220703125,5868
2025-12-29 08:37:00+00:00,408.8500061035156,409.0,408.8500061035156,408.8500061035156,3161
2025-12-29 08:38:00+00:00,407.95001220703125,408.8999938964844,407.95001220703125,408.8999938964844,42094
2025-12-29 08:39:00+00:00,408.0,408.04998779296875,407.8500061035156,407.8500061035156,9005
2025-12-29 08:40:00+00:00,407.95001220703125,408.25,407.95001220703125,408.0,8172
2025-12-29 08:41:00+00:00,407.20001220703125,407.75,407.1000061035156,407.75,8908
2025-12-29 08:42:00+00:00,407.1000061035156,407.3500061035156,407.1000061035156,407.1499938964844,5468
2025-12-29 08:43:00+00:00,407.45001220703125,407.5,407.1000061035156,407.1000061035156,9402
2025-12-29 08:44:00+00:00,407.0,407.20001220703125,406.8500061035156,407.20001220703125,21193
2025-12-29 08:45:00+00:00,407.6499938964844,407.6499938964844,407.20001220703125,407.3999938964844,5519
2025-12-29 08:46:00+00:00,407.20001220703125,407.6499938964844,407.20001220703125,407.5,5256
2025-12-29 08:47:00+00:00,407.3999938964844,407.5,407.20001220703125,407.25,5769
2025-12-29 08:48:00+00:00,406.79998779296875,407.3500061035156,406.79998779296875,407.3500061035156,11013
2025-12-29 08:49:00+00:00,407.1000061035156,407.1000061035156,406.54998779296875,406.79998779296875,11388
2025-12-29 08:50:00+00:00,407.20001220703125,407.3500061035156,407.1000061035156,407.1000061035156,6093
2025-12-29 08:51:00+00:00,407.3500061035156,407.3500061035156,407.20001220703125,407.3500061035156,3009
2025-12-29 08:52:00+00:00,406.8999938964844,407.3500061035156,406.70001220703125,407.3500061035156,11964
2025-12-29 08:53:00+00:00,406.8500061035156,407.0,406.79998779296875,406.8500061035156,7783
2025-12-29 08:54:00+00:00,407.20001220703125,407.3500061035156,406.8500061035156,406.8500061035156,6345
2025-12-29 08:55:00+00:00,407.1499938964844,407.20001220703125,407.0,407.20001220703125,6990
2025-12-29 08:56:00+00:00,407.0,407.1499938964844,407.0,407.0,5349
2025-12-29 08:57:00+00:00,407.0,407.1000061035156,406.79998779296875,407.0,8587
2025-12-29 08:58:00+00:00,407.29998779296875,407.29998779296875,406.95001220703125,407.0,7967
2025-12-29 08:59:00+00:00,407.04998779296875,407.29998779296875,407.04998779296875,407.29998779296875,4626
2025-12-29 09:00:00+00:00,407.0,407.3999938964844,407.0,407.3999938964844,13844
2025-12-29 09:01:00+00:00,407.20001220703125,407.29998779296875,407.20001220703125,407.20001220703125,3069
2025-12-29 09:02:00+00:00,407.3999938964844,407.6499938964844,407.29998779296875,407.29998779296875,7906
2025-12-29 09:03:00+00:00,407.45001220703125,407.45001220703125,407.20001220703125,407.20001220703125,6043
2025-12-29 09:04:00+00:00,407.5,407.5,407.3999938964844,407.45001220703125,3355
2025-12-29 09:05:00+00:00,407.29998779296875,407.5,407.1499938964844,407.5,4947
2025-12-29 09:06:00+00:00,407.1000061035156,407.3500061035156,407.04998779296875,407.3500061035156,13412
2025-12-29 09:07:00+00:00,407.1000061035156,407.25,407.1000061035156,407.1000061035156,6121
2025-12-29 09:08:00+00:00,407.1000061035156,407.3999938964844,407.1000061035156,407.20001220703125,10055
2025-12-29 09:09:00+00:00,407.0,407.1000061035156,407.0,407.1000061035156,8477
2025-12-29 09:10:00+00:00,407.1000061035156,407.1000061035156,407.0,407.1000061035156,5467
2025-12-29 09:11:00+00:00,407.1000061035156,407.45001220703125,407.04998779296875,407.04998779296875,9729
2025-12-29 09:12:00+00:00,407.04998779296875,407.29998779296875,407.0,407.20001220703125,7961
2025-12-29 09:13:00+00:00,407.29998779296875,407.45001220703125,407.04998779296875,407.1499938964844,6637
2025-12-29 09:14:00+00:00,407.25,407.3999938964844,407.1000061035156,407.29998779296875,9037
2025-12-29 09:15:00+00:00,407.3999938964844,407.5,407.20001220703125,407.25,8205
2025-12-29 09:16:00+00:00,407.29998779296875,407.3999938964844,407.1000061035156,407.3999938964844,8445
2025-12-29 09:17:00+00:00,407.25,407.54998779296875,407.20001220703125,407.3999938964844,8554
2025-12-29 09:18:00+00:00,407.25,407.45001220703125,407.25,407.29998779296875,8179
2025-12-29 09:19:00+00:00,407.1499938964844,407.3999938964844,407.1499938964844,407.3999938964844,34272
2025-12-29 09:20:00+00:00,407.20001220703125,407.3999938964844,407.0,407.1000061035156,42809
2025-12-29 09:21:00+00:00,407.1000061035156,407.54998779296875,406.95001220703125,407.20001220703125,63535
2025-12-29 09:22:00+00:00,406.8500061035156,407.54998779296875,406.75,407.20001220703125,54381
2025-12-29 09:23:00+00:00,407.3999938964844,407.3999938964844,406.75,406.8500061035156,22993
2025-12-29 09:24:00+00:00,407.0,407.3999938964844,406.95001220703125,407.3999938964844,59045
2025-12-29 09:25:00+00:00,407.20001220703125,407.25,407.0,407.0,10764
2025-12-29 09:26:00+00:00,407.20001220703125,407.25,407.20001220703125,407.25,10806
2025-12-29 09:27:00+00:00,407.0,407.25,407.0,407.20001220703125,36135
2025-12-29 09:28:00+00:00,407.1000061035156,407.1000061035156,407.0,407.0,57621
2025-12-29 09:29:00+00:00,408.0,408.0,407.1000061035156,407.25,18316
2025-12-29 09:30:00+00:00,409.3999938964844,410.25,408.0,408.0,114432
2025-12-29 09:31:00+00:00,412.0,412.1000061035156,409.3500061035156,409.3500061035156,117013
2025-12-29 09:32:00+00:00,410.8999938964844,412.3500061035156,410.54998779296875,412.0,90253
2025-12-29 09:33:00+00:00,410.1000061035156,411.0,410.0,410.8999938964844,61610
2025-12-29 09:34:00+00:00,410.3500061035156,410.3500061035156,410.0,410.25,45802
2025-12-29 09:35:00+00:00,410.5,410.79998779296875,410.1000061035156,410.54998779296875,53955
2025-12-29 09:36:00+00:00,410.8500061035156,411.1000061035156,410.25,410.5,50138
2025-12-29 09:37:00+00:00,410.29998779296875,410.8500061035156,410.20001220703125,410.8500061035156,57789
2025-12-29 09:38:00+00:00,410.0,410.70001220703125,410.0,410.20001220703125,53697
2025-12-29 09:39:00+00:00,410.04998779296875,410.6000061035156,409.75,410.20001220703125,60907
2025-12-29 09:40:00+00:00,410.1000061035156,410.5,409.8500061035156,410.04998779296875,59235
2025-12-29 09:41:00+00:00,410.0,410.45001220703125,409.79998779296875,410.1499938964844,52291
2025-12-29 09:42:00+00:00,410.04998779296875,410.5,409.70001220703125,410.0,58444
2025-12-29 09:43:00+00:00,409.95001220703125,410.1499938964844,409.45001220703125,410.0,60681
2025-12-29 09:44:00+00:00,410.1499938964844,410.25,409.79998779296875,409.8999938964844,64128
2025-12-29 09:45:00+00:00,410.1000061035156,410.3500061035156,410.0,410.20001220703125,63595
2025-12-29 09:46:00+00:00,408.6000061035156,410.29998779296875,408.5,410.1000061035156,105837
2025-12-29 09:47:00+00:00,408.04998779296875,408.8500061035156,407.54998779296875,408.8500061035156,76560
2025-12-29 09:48:00+00:00,408.3500061035156,408.54998779296875,408.0,408.29998779296875,77883
2025-12-29 09:49:00+00:00,408.3999938964844,408.6499938964844,408.1000061035156,408.25,58900
2025-12-29 09:50:00+00:00,408.25,408.6000061035156,408.20001220703125,408.29998779296875,66811
2025-12-29 09:51:00+00:00,408.29998779296875,408.54998779296875,408.1000061035156,408.3999938964844,214669
2025-12-29 09:52:00+00:00,408.3999938964844,408.5,408.25,408.3999938964844,61816
2025-12-29 09:53:00+00:00,408.5,408.75,408.1000061035156,408.25,59626
2025-12-29 09:54:00+00:00,409.0,409.0,408.1000061035156,408.54998779296875,128074
2025-12-29 09:55:00+00:00,408.3999938964844,408.8500061035156,408.1000061035156,408.8500061035156,81078
2025-12-29 09:56:00+00:00,409.04998779296875,409.04998779296875,408.1000061035156,408.25,66848
2025-12-29 09:57:00+00:00,408.79998779296875,409.79998779296875,408.5,408.79998779296875,56580
2025-12-29 09:58:00+00:00,409.0,409.5,408.5,409.1499938964844,19444
2025-12-29 09:59:00+00:00,409.6000061035156,409.6000061035156,409.0,409.0,19288
2025-12-30 03:45:00+00:00,406.5,410.25,406.5,410.0,0
2025-12-30 03:46:00+00:00,406.1499938964844,406.79998779296875,406.0,406.79998779296875,25565
2025-12-30 03:47:00+00:00,407.79998779296875,407.79998779296875,406.54998779296875,406.54998779296875,24298
2025-12-30 03:48:00+00:00,407.0,408.0,407.0,407.70001220703125,23784
2025-12-30 03:49:00+00:00,406.8500061035156,406.95001220703125,406.6499938964844,406.6499938964844,22025
2025-12-30 03:50:00+00:00,407.0,407.25,406.8500061035156,407.0,19331
2025-12-30 03:51:00+00:00,406.5,407.1499938964844,406.5,406.8500061035156,20323
2025-12-30 03:52:00+00:00,406.70001220703125,406.95001220703125,406.1499938964844,406.1499938964844,12425
2025-12-30 03:53:00+00:00,406.3500061035156,407.3999938964844,406.3500061035156,407.3500061035156,19644
2025-12-30 03:54:00+00:00,406.1499938964844,406.45001220703125,406.1000061035156,406.29998779296875,16305
2025-12-30 03:55:00+00:00,406.6499938964844,406.6499938964844,406.20001220703125,406.54998779296875,10061
2025-12-30 03:56:00+00:00,406.45001220703125,406.6499938964844,406.1000061035156,406.6499938964844,18448
2025-12-30 03:57:00+00:00,406.8500061035156,407.0,406.29998779296875,406.29998779296875,13803
2025-12-30 03:58:00+00:00,407.29998779296875,407.45001220703125,406.70001220703125,406.70001220703125,7846
2025-12-30 03:59:00+00:00,407.8500061035156,407.8500061035156,407.45001220703125,407.45001220703125,12447
2025-12-30 04:00:00+00:00,407.8999938964844,408.20001220703125,407.8999938964844,408.20001220703125,12315
2025-12-30 04:01:00+00:00,408.1000061035156,408.3500061035156,407.8500061035156,407.8999938964844,13067
2025-12-30 04:02:00+00:00,409.04998779296875,409.04998779296875,408.20001220703125,408.3999938964844,24691
2025-12-30 04:03:00+00:00,409.3999938964844,410.20001220703125,409.1499938964844,409.8999938964844,39505
2025-12-30 04:04:00+00:00,408.8999938964844,409.54998779296875,408.8999938964844,409.1499938964844,14294
2025-12-30 04:05:00+00:00,408.79998779296875,409.25,408.75,409.1000061035156,7777
2025-12-30 04:06:00+00:00,409.25,410.0,408.79998779296875,408.79998779296875,25026
2025-12-30 04:07:00+00:00,409.70001220703125,409.75,409.5,409.5,11630
2025-12-30 04:08:00+00:00,409.5,409.6499938964844,409.29998779296875,409.6499938964844,8752
2025-12-30 04:09:00+00:00,409.04998779296875,409.5,408.45001220703125,409.45001220703125,32583
2025-12-30 04:10:00+00:00,409.6000061035156,409.8500061035156,409.1499938964844,409.1499938964844,17097
2025-12-30 04:11:00+00:00,409.5,409.6499938964844,409.29998779296875,409.45001220703125,4294
2025-12-30 04:12:00+00:00,408.8999938964844,409.25,408.75,409.20001220703125,4818
2025-12-30 04:13:00+00:00,408.5,408.75,408.5,408.6499938964844,11566
2025-12-30 04:14:00+00:00,408.45001220703125,408.5,408.1499938964844,408.20001220703125,14688
2025-12-30 04:15:00+00:00,407.6000061035156,408.25,407.3500061035156,407.79998779296875,30856
2025-12-30 04:16:00+00:00,407.79998779296875,407.79998779296875,407.25,407.45001220703125,15065
2025-12-30 04:17:00+00:00,406.8500061035156,407.79998779296875,406.6499938964844,407.79998779296875,22116
2025-12-30 04:18:00+00:00,406.6000061035156,407.29998779296875,406.25,407.1000061035156,32163
2025-12-30 04:19:00+00:00,407.29998779296875,407.29998779296875,406.45001220703125,406.45001220703125,56703
2025-12-30 04:20:00+00:00,407.1499938964844,407.3999938964844,406.75,407.20001220703125,42874
2025-12-30 04:21:00+00:00,407.29998779296875,407.6000061035156,406.95001220703125,407.1499938964844,9506
2025-12-30 04:22:00+00:00,407.20001220703125,407.29998779296875,407.04998779296875,407.04998779296875,3952
2025-12-30 04:23:00+00:00,407.1000061035156,407.25,407.04998779296875,407.20001220703125,5486
2025-12-30 04:24:00+00:00,406.8500061035156,407.54998779296875,406.8500061035156,407.5,22920
2025-12-30 04:25:00+00:00,407.70001220703125,407.70001220703125,406.8500061035156,406.8500061035156,31501
2025-12-30 04:26:00+00:00,408.0,408.0,407.5,407.8999938964844,21022
2025-12-30 04:27:00+00:00,407.6499938964844,408.29998779296875,407.6499938964844,408.0,5144
2025-12-30 04:28:00+00:00,407.3500061035156,407.95001220703125,407.1000061035156,407.75,21082
2025-12-30 04:29:00+00:00,407.5,407.54998779296875,407.20001220703125,407.20001220703125,3531
2025-12-30 04:30:00+00:00,406.8999938964844,407.45001220703125,406.8999938964844,407.3500061035156,5268
2025-12-30 04:31:00+00:00,407.1499938964844,407.6000061035156,407.0,407.0,12619
2025-12-30 04:32:00+00:00,407.04998779296875,407.3500061035156,407.0,407.0,4429
2025-12-30 04:33:00+00:00,407.04998779296875,407.25,406.8500061035156,407.25,4875
2025-12-30 04:34:00+00:00,407.04998779296875,407.20001220703125,406.8999938964844,406.8999938964844,2632
2025-12-30 04:35:00+00:00,407.29998779296875,407.3500061035156,407.0,407.1499938964844,4635
2025-12-30 04:36:00+00:00,407.1000061035156,407.3500061035156,407.1000061035156,407.3500061035156,1376
2025-12-30 04:37:00+00:00,407.1000061035156,407.5,407.1000061035156,407.1000061035156,2906
2025-12-30 04:38:00+00:00,407.3500061035156,407.3999938964844,407.1499938964844,407.3500061035156,8776
2025-12-30 04:39:00+00:00,407.54998779296875,407.6000061035156,407.25,407.6000061035156,2895
2025-12-30 04:40:00+00:00,406.8999938964844,407.5,406.79998779296875,407.5,9615
2025-12-30 04:41:00+00:00,406.8999938964844,407.0,406.8999938964844,407.0,3308
2025-12-30 04:42:00+00:00,406.8999938964844,407.0,406.1000061035156,406.8999938964844,25825
2025-12-30 04:43:00+00:00,407.0,407.1000061035156,406.75,406.8999938964844,7241
2025-12-30 04:44:00+00:00,407.70001220703125,407.8500061035156,406.70001220703125,406.75,20791
2025-12-30 04:45:00+00:00,407.6000061035156,407.70001220703125,407.45001220703125,407.70001220703125,4131
2025-12-30 04:46:00+00:00,408.70001220703125,409.1000061035156,407.8999938964844,407.8999938964844,40249
2025-12-30 04:47:00+00:00,409.20001220703125,409.20001220703125,408.6499938964844,408.95001220703125,21196
2025-12-30 04:48:00+00:00,409.6499938964844,409.6499938964844,409.0,409.5,20371
2025-12-30 04:49:00+00:00,410.54998779296875,410.70001220703125,410.0,410.0,73002
2025-12-30 04:50:00+00:00,412.0,412.0,410.3999938964844,410.45001220703125,88662
2025-12-30 04:51:00+00:00,412.95001220703125,412.95001220703125,411.75,412.0,58178
2025-12-30 04:52:00+00:00,412.25,413.0,412.0,412.6499938964844,26570
2025-12-30 04:53:00+00:00,414.0,414.20001220703125,412.0,412.25,64724
2025-12-30 04:54:00+00:00,414.20001220703125,414.3500061035156,413.29998779296875,414.0,47972
2025-12-30 04:55:00+00:00,413.70001220703125,414.3999938964844,413.45001220703125,414.04998779296875,27267
2025-12-30 04:56:00+00:00,415.04998779296875,415.45001220703125,413.5,413.5,100020
2025-12-30 04:57:00+00:00,414.8500061035156,415.5,414.8500061035156,415.25,23256
2025-12-30 04:58:00+00:00,414.6499938964844,414.95001220703125,414.25,414.8500061035156,21636
2025-12-30 04:59:00+00:00,414.79998779296875,414.79998779296875,414.3999938964844,414.75,38121
2025-12-30 05:00:00+00:00,413.20001220703125,414.75,412.1499938964844,414.6000061035156,143335
2025-12-30 05:01:00+00:00,413.0,413.6499938964844,412.8999938964844,413.25,12914
2025-12-30 05:02:00+00:00,413.45001220703125,413.45001220703125,413.0,413.0,4667
2025-12-30 05:03:00+00:00,413.95001220703125,413.95001220703125,413.1499938964844,413.1499938964844,20746
2025-12-30 05:04:00+00:00,414.1000061035156,414.3999938964844,413.6499938964844,413.79998779296875,14725
2025-12-30 05:05:00+00:00,414.1499938964844,414.3999938964844,414.0,414.3999938964844,4846
2025-12-30 05:06:00+00:00,413.79998779296875,414.1499938964844,413.75,414.1499938964844,20702
2025-12-30 05:07:00+00:00,413.79998779296875,413.79998779296875,413.3999938964844,413.3999938964844,8816
2025-12-30 05:08:00+00:00,413.79998779296875,414.0,413.6000061035156,413.8999938964844,15739
2025-12-30 05:09:00+00:00,413.79998779296875,414.0,413.79998779296875,413.8999938964844,4492
2025-12-30 05:10:00+00:00,414.0,414.1499938964844,413.79998779296875,413.79998779296875,12418
2025-12-30 05:11:00+00:00,413.8500061035156,414.0,413.79998779296875,414.0,16041
2025-12-30 05:12:00+00:00,413.6000061035156,413.79998779296875,413.5,413.6000061035156,7226
2025-12-30 05:13:00+00:00,413.1000061035156,413.6000061035156,412.95001220703125,413.6000061035156,10713
2025-12-30 05:14:00+00:00,412.5,413.1000061035156,412.5,413.1000061035156,10539
2025-12-30 05:15:00+00:00,412.3500061035156,412.6000061035156,412.29998779296875,412.6000061035156,79730
2025-12-30 05:16:00+00:00,412.70001220703125,412.95001220703125,412.29998779296875,412.3999938964844,10328
2025-12-30 05:17:00+00:00,412.8999938964844,412.95001220703125,412.70001220703125,412.70001220703125,4959
2025-12-30 05:18:00+00:00,412.8500061035156,413.0,412.70001220703125,412.95001220703125,3654
2025-12-30 05:19:00+00:00,412.8999938964844,413.45001220703125,412.54998779296875,412.70001220703125,14786
2025-12-30 05:20:00+00:00,413.0,413.1499938964844,412.8999938964844,412.8999938964844,6866
2025-12-30 05:21:00+00:00,413.25,413.45001220703125,413.1499938964844,413.1499938964844,7259
2025-12-30 05:22:00+00:00,413.1499938964844,413.45001220703125,413.1499938964844,413.20001220703125,6256
2025-12-30 05:23:00+00:00,414.25,414.75,413.0,413.20001220703125,52575
2025-12-30 05:24:00+00:00,414.29998779296875,414.5,413.6499938964844,414.5,9499
2025-12-30 05:25:00+00:00,413.5,414.45001220703125,413.5,414.45001220703125,6801
2025-12-30 05:26:00+00:00,413.6000061035156,413.75,413.1000061035156,413.5,5439
2025-12-30 05:27:00+00:00,413.3500061035156,413.70001220703125,413.1499938964844,413.70001220703125,4488
2025-12-30 05:28:00+00:00,413.0,413.3500061035156,413.0,413.20001220703125,4115
2025-12-30 05:29:00+00:00,412.95001220703125,413.1000061035156,412.79998779296875,413.1000061035156,12857
2025-12-30 05:30:00+00:00,413.3500061035156,413.3500061035156,412.8500061035156,413.0,7198
2025-12-30 05:31:00+00:00,413.04998779296875,413.3500061035156,412.95001220703125,413.3500061035156,5457
2025-12-30 05:32:00+00:00,413.0,413.29998779296875,412.8500061035156,412.8500061035156,7220
2025-12-30 05:33:00+00:00,412.5,413.0,412.5,412.8999938964844,4866
2025-12-30 05:34:00+00:00,412.45001220703125,412.6499938964844,412.25,412.6499938964844,6312
2025-12-30 05:35:00+00:00,412.6499938964844,412.6499938964844,412.1499938964844,412.20001220703125,8451
2025-12-30 05:36:00+00:00,412.70001220703125,412.8500061035156,412.6499938964844,412.6499938964844,3333
2025-12-30 05:37:00+00:00,412.5,412.8999938964844,412.5,412.79998779296875,6515
2025-12-30 05:38:00+00:00,412.29998779296875,412.54998779296875,412.1499938964844,412.54998779296875,5122
2025-12-30 05:39:00+00:00,412.1000061035156,412.29998779296875,412.1000061035156,412.1499938964844,20783
2025-12-30 05:40:00+00:00,411.1499938964844,412.29998779296875,411.1000061035156,412.1000061035156,51933
2025-12-30 05:41:00+00:00,411.5,411.54998779296875,411.1499938964844,411.1499938964844,9695
2025-12-30 05:42:00+00:00,411.95001220703125,412.0,411.5,411.6499938964844,9154
2025-12-30 05:43:00+00:00,411.79998779296875,411.95001220703125,411.79998779296875,411.8999938964844,6378
2025-12-30 05:44:00+00:00,411.5,411.95001220703125,411.5,411.79998779296875,4582
2025-12-30 05:45:00+00:00,411.6499938964844,411.70001220703125,411.5,411.5,4454
2025-12-30 05:46:00+00:00,412.29998779296875,412.29998779296875,411.5,411.5,9139
2025-12-30 05:47:00+00:00,412.75,413.0,412.04998779296875,412.25,24964
2025-12-30 05:48:00+00:00,412.6000061035156,412.79998779296875,412.6000061035156,412.6499938964844,4694
2025-12-30 05:49:00+00:00,412.1499938964844,412.6000061035156,412.1499938964844,412.6000061035156,5939
2025-12-30 05:50:00+00:00,412.1499938964844,412.3999938964844,412.1499938964844,412.20001220703125,2293
2025-12-30 05:51:00+00:00,412.8999938964844,412.8999938964844,412.25,412.3500061035156,5387
2025-12-30 05:52:00+00:00,412.8999938964844,413.1499938964844,412.8999938964844,412.8999938964844,10502
2025-12-30 05:53:00+00:00,412.6000061035156,412.8999938964844,412.6000061035156,412.8999938964844,2443
2025-12-30 05:54:00+00:00,412.3999938964844,412.54998779296875,412.25,412.54998779296875,3857
2025-12-30 05:55:00+00:00,412.6000061035156,412.8500061035156,412.29998779296875,412.29998779296875,2910
2025-12-30 05:56:00+00:00,412.6000061035156,412.79998779296875,412.6000061035156,412.79998779296875,2095
2025-12-30 05:57:00+00:00,412.29998779296875,412.70001220703125,412.29998779296875,412.6000061035156,4209
2025-12-30 05:58:00+00:00,412.54998779296875,412.54998779296875,412.1499938964844,412.29998779296875,6895
2025-12-30 05:59:00+00:00,412.75,412.8500061035156,412.45001220703125,412.6000061035156,3030
2025-12-30 06:00:00+00:00,412.8999938964844,412.95001220703125,412.6499938964844,412.75,3133
2025-12-30 06:01:00+00:00,412.6499938964844,412.8500061035156,412.54998779296875,412.70001220703125,5145
2025-12-30 06:02:00+00:00,413.20001220703125,413.20001220703125,412.5,412.54998779296875,9641
2025-12-30 06:03:00+00:00,412.75,413.0,412.75,413.0,8873
2025-12-30 06:04:00+00:00,412.8500061035156,413.1000061035156,412.79998779296875,412.79998779296875,5551
2025-12-30 06:05:00+00:00,412.8999938964844,413.0,412.70001220703125,413.0,5452
2025-12-30 06:06:00+00:00,413.45001220703125,413.45001220703125,412.70001220703125,412.70001220703125,9422
2025-12-30 06:07:00+00:00,413.79998779296875,413.79998779296875,413.5,413.5,9062
2025-12-30 06:08:00+00:00,413.8999938964844,414.04998779296875,413.75,413.79998779296875,32861
2025-12-30 06:09:00+00:00,413.79998779296875,413.8999938964844,413.70001220703125,413.75,4600
2025-12-30 06:10:00+00:00,413.1000061035156,413.6499938964844,413.0,413.6499938964844,8712
2025-12-30 06:11:00+00:00,413.79998779296875,414.1499938964844,413.1000061035156,413.1000061035156,16465
2025-12-30 06:12:00+00:00,412.79998779296875,413.70001220703125,412.79998779296875,413.70001220703125,8683
2025-12-30 06:13:00+00:00,412.95001220703125,413.0,412.79998779296875,412.79998779296875,2061
2025-12-30 06:14:00+00:00,412.8500061035156,413.04998779296875,412.75,412.8500061035156,4333
2025-12-30 06:15:00+00:00,412.95001220703125,412.95001220703125,412.75,412.8500061035156,7321
2025-12-30 06:16:00+00:00,413.0,413.20001220703125,412.75,412.95001220703125,8081
2025-12-30 06:17:00+00:00,413.0,413.25,413.0,413.0,3699
2025-12-30 06:18:00+00:00,413.25,413.25,412.79998779296875,413.0,4340
2025-12-30 06:19:00+00:00,412.79998779296875,413.20001220703125,412.75,413.20001220703125,5656
2025-12-30 06:20:00+00:00,412.8999938964844,412.8999938964844,412.79998779296875,412.8500061035156,2257
2025-12-30 06:21:00+00:00,413.1499938964844,413.25,412.8999938964844,412.8999938964844,7628
2025-12-30 06:22:00+00:00,412.6000061035156,413.20001220703125,412.6000061035156,413.20001220703125,11969
2025-12-30 06:23:00+00:00,412.45001220703125,412.79998779296875,412.45001220703125,412.6000061035156,6811
2025-12-30 06:24:00+00:00,412.3999938964844,412.45001220703125,412.29998779296875,412.29998779296875,3304
2025-12-30 06:25:00+00:00,412.6000061035156,412.6000061035156,412.3500061035156,412.3999938964844,8063
2025-12-30 06:26:00+00:00,412.25,412.8500061035156,412.04998779296875,412.8500061035156,8880
2025-12-30 06:27:00+00:00,412.5,412.79998779296875,412.20001220703125,412.20001220703125,4570
2025-12-30 06:28:00+00:00,412.45001220703125,412.6000061035156,412.25,412.3999938964844,2876
2025-12-30 06:29:00+00:00,412.6000061035156,412.70001220703125,412.45001220703125,412.45001220703125,7218
2025-12-30 06:30:00+00:00,412.6000061035156,412.6499938964844,412.5,412.54998779296875,3588
2025-12-30 06:31:00+00:00,412.5,412.6000061035156,412.3999938964844,412.6000061035156,3280
2025-12-30 06:32:00+00:00,411.3500061035156,412.5,411.1499938964844,412.5,65234
2025-12-30 06:33:00+00:00,410.45001220703125,411.6000061035156,410.3500061035156,411.6000061035156,24897
2025-12-30 06:34:00+00:00,410.8999938964844,410.95001220703125,410.45001220703125,410.45001220703125,11555
2025-12-30 06:35:00+00:00,410.79998779296875,411.3500061035156,410.6499938964844,411.3500061035156,16566
2025-12-30 06:36:00+00:00,409.6499938964844,410.79998779296875,409.6499938964844,410.79998779296875,61582
2025-12-30 06:37:00+00:00,409.3500061035156,409.6000061035156,409.0,409.6000061035156,17987
2025-12-30 06:38:00+00:00,409.25,409.5,409.25,409.3500061035156,5155
2025-12-30 06:39:00+00:00,408.79998779296875,409.20001220703125,408.6499938964844,409.20001220703125,21808
2025-12-30 06:40:00+00:00,407.70001220703125,408.8500061035156,407.70001220703125,408.8500061035156,28626
2025-12-30 06:41:00+00:00,408.25,408.54998779296875,407.45001220703125,407.70001220703125,25776
2025-12-30 06:42:00+00:00,407.8500061035156,408.29998779296875,407.8500061035156,408.20001220703125,31749
2025-12-30 06:43:00+00:00,408.0,408.0,407.8500061035156,407.8500061035156,10232
2025-12-30 06:44:00+00:00,408.1499938964844,408.20001220703125,407.79998779296875,407.8999938964844,20372
2025-12-30 06:45:00+00:00,409.29998779296875,409.29998779296875,408.20001220703125,408.20001220703125,13404
2025-12-30 06:46:00+00:00,409.3999938964844,409.5,409.04998779296875,409.04998779296875,8963
2025-12-30 06:47:00+00:00,408.79998779296875,409.45001220703125,408.5,409.3999938964844,12784
2025-12-30 06:48:00+00:00,408.70001220703125,408.95001220703125,408.6499938964844,408.79998779296875,6772
2025-12-30 06:49:00+00:00,409.04998779296875,409.3500061035156,408.70001220703125,408.70001220703125,4846
2025-12-30 06:50:00+00:00,408.6000061035156,409.1499938964844,408.6000061035156,409.1499938964844,10850
2025-12-30 06:51:00+00:00,408.3500061035156,408.6000061035156,408.1499938964844,408.6000061035156,11384
2025-12-30 06:52:00+00:00,408.3999938964844,408.45001220703125,408.1499938964844,408.3500061035156,8942
2025-12-30 06:53:00+00:00,408.29998779296875,408.5,408.25,408.25,6826
2025-12-30 06:54:00+00:00,408.20001220703125,408.5,408.1499938964844,408.29998779296875,6737
2025-12-30 06:55:00+00:00,408.1499938964844,408.45001220703125,408.0,408.0,7819
2025-12-30 06:56:00+00:00,408.20001220703125,408.20001220703125,408.04998779296875,408.1499938964844,11102
2025-12-30 06:57:00+00:00,408.29998779296875,408.5,408.20001220703125,408.20001220703125,4678
2025-12-30 06:58:00+00:00,408.3999938964844,408.5,408.04998779296875,408.29998779296875,9282
2025-12-30 06:59:00+00:00,408.0,408.3999938964844,408.0,408.3999938964844,8496
2025-12-30 07:00:00+00:00,408.0,408.0,408.0,408.0,23167
2025-12-30 07:01:00+00:00,408.1499938964844,408.1499938964844,408.0,408.0,22335
2025-12-30 07:02:00+00:00,408.3999938964844,408.5,408.20001220703125,408.20001220703125,4769
2025-12-30 07:03:00+00:00,408.3999938964844,408.6000061035156,408.3500061035156,408.3500061035156,3299
2025-12-30 07:04:00+00:00,408.5,408.54998779296875,408.3500061035156,408.3999938964844,8006
2025-12-30 07:05:00+00:00,408.29998779296875,408.3999938964844,408.25,408.3999938964844,5018
2025-12-30 07:06:00+00:00,408.3500061035156,408.3500061035156,408.1499938964844,408.20001220703125,9471
2025-12-30 07:07:00+00:00,408.45001220703125,408.5,408.25,408.3500061035156,9361
2025-12-30 07:08:00+00:00,408.54998779296875,408.75,408.45001220703125,408.6499938964844,5190
2025-12-30 07:09:00+00:00,408.6000061035156,408.70001220703125,408.6000061035156,408.6000061035156,9400
2025-12-30 07:10:00+00:00,408.04998779296875,408.6000061035156,408.04998779296875,408.6000061035156,14604
2025-12-30 07:11:00+00:00,408.04998779296875,408.04998779296875,408.0,408.04998779296875,19481
2025-12-30 07:12:00+00:00,408.0,408.1499938964844,408.0,408.04998779296875,12683
2025-12-30 07:13:00+00:00,408.0,408.0,408.0,408.0,23873
2025-12-30 07:14:00+00:00,408.0,408.04998779296875,408.0,408.0,18638
2025-12-30 07:15:00+00:00,407.04998779296875,408.0,407.04998779296875,408.0,26970
2025-12-30 07:16:00+00:00,407.0,407.20001220703125,407.0,407.04998779296875,26254
2025-12-30 07:17:00+00:00,407.29998779296875,407.29998779296875,406.79998779296875,407.0,13408
2025-12-30 07:18:00+00:00,407.1000061035156,407.25,407.1000061035156,407.20001220703125,4617
2025-12-30 07:19:00+00:00,407.1000061035156,407.20001220703125,407.04998779296875,407.1000061035156,11213
2025-12-30 07:20:00+00:00,407.0,407.20001220703125,407.0,407.1000061035156,5277
2025-12-30 07:21:00+00:00,407.25,407.29998779296875,407.0,407.1000061035156,14275
2025-12-30 07:22:00+00:00,407.25,407.25,407.1499938964844,407.20001220703125,6823
2025-12-30 07:23:00+00:00,407.1499938964844,407.29998779296875,407.1000061035156,407.29998779296875,6662
2025-12-30 07:24:00+00:00,407.1000061035156,407.1499938964844,407.04998779296875,407.1499938964844,4223
2025-12-30 07:25:00+00:00,407.6499938964844,407.75,407.1000061035156,407.1000061035156,8708
2025-12-30 07:26:00+00:00,407.6000061035156,407.75,407.54998779296875,407.75,9138
2025-12-30 07:27:00+00:00,407.79998779296875,407.79998779296875,407.5,407.6499938964844,19200
2025-12-30 07:28:00+00:00,407.79998779296875,408.1000061035156,407.79998779296875,407.8500061035156,15781
2025-12-30 07:29:00+00:00,407.8500061035156,407.8500061035156,407.54998779296875,407.79998779296875,8062
2025-12-30 07:30:00+00:00,407.79998779296875,407.8500061035156,407.54998779296875,407.8500061035156,7136
2025-12-30 07:31:00+00:00,407.79998779296875,408.0,407.79998779296875,407.79998779296875,4362
2025-12-30 07:32:00+00:00,407.8500061035156,408.0,407.75,407.79998779296875,6571
2025-12-30 07:33:00+00:00,408.0,408.0,407.79998779296875,407.8500061035156,5557
2025-12-30 07:34:00+00:00,408.20001220703125,408.3500061035156,408.0,408.0,5779
2025-12-30 07:35:00+00:00,409.75,409.75,408.20001220703125,408.20001220703125,38956
2025-12-30 07:36:00+00:00,409.29998779296875,409.79998779296875,409.20001220703125,409.79998779296875,18669
2025-12-30 07:37:00+00:00,409.04998779296875,409.70001220703125,409.04998779296875,409.29998779296875,11144
2025-12-30 07:38:00+00:00,408.95001220703125,409.1499938964844,408.79998779296875,409.1499938964844,12205
2025-12-30 07:39:00+00:00,409.0,409.20001220703125,409.0,409.20001220703125,10372
2025-12-30 07:40:00+00:00,408.3500061035156,408.8999938964844,408.3500061035156,408.8999938964844,6448
2025-12-30 07:41:00+00:00,408.5,408.79998779296875,408.29998779296875,408.29998779296875,4500
2025-12-30 07:42:00+00:00,408.5,408.6000061035156,408.45001220703125,408.5,6402
2025-12-30 07:43:00+00:00,408.3999938964844,408.54998779296875,408.3500061035156,408.5,5758
2025-12-30 07:44:00+00:00,408.29998779296875,408.5,408.29998779296875,408.3999938964844,6553
2025-12-30 07:45:00+00:00,408.3500061035156,408.3999938964844,408.29998779296875,408.3999938964844,9898
2025-12-30 07:46:00+00:00,408.3500061035156,408.5,408.25,408.3500061035156,6477
2025-12-30 07:47:00+00:00,408.3500061035156,408.5,408.3500061035156,408.3500061035156,5417
2025-12-30 07:48:00+00:00,408.29998779296875,408.45001220703125,408.29998779296875,408.3500061035156,4517
2025-12-30 07:49:00+00:00,408.8500061035156,408.95001220703125,408.29998779296875,408.29998779296875,12339
2025-12-30 07:50:00+00:00,408.70001220703125,408.8500061035156,408.70001220703125,408.8500061035156,4041
2025-12-30 07:51:00+00:00,408.75,408.8999938964844,408.6499938964844,408.70001220703125,7161
2025-12-30 07:52:00+00:00,408.70001220703125,408.95001220703125,408.70001220703125,408.75,6455
2025-12-30 07:53:00+00:00,408.6000061035156,408.70001220703125,408.6000061035156,408.70001220703125,3408
2025-12-30 07:54:00+00:00,408.54998779296875,408.75,408.54998779296875,408.6000061035156,8650
2025-12-30 07:55:00+00:00,408.5,408.6499938964844,408.5,408.5,29854
2025-12-30 07:56:00+00:00,408.5,408.54998779296875,408.5,408.5,36477
2025-12-30 07:57:00+00:00,408.5,408.5,408.5,408.5,25517
2025-12-30 07:58:00+00:00,408.5,408.54998779296875,408.5,408.5,21719
2025-12-30 07:59:00+00:00,408.5,408.6000061035156,408.5,408.6000061035156,24958
2025-12-30 08:00:00+00:00,408.95001220703125,408.95001220703125,408.5,408.5,12734
2025-12-30 08:01:00+00:00,409.3500061035156,409.3999938964844,409.04998779296875,409.04998779296875,8230
2025-12-30 08:02:00+00:00,409.6000061035156,409.8500061035156,409.3500061035156,409.54998779296875,19254
2025-12-30 08:03:00+00:00,409.70001220703125,409.8500061035156,409.6000061035156,409.6000061035156,5125
2025-12-30 08:04:00+00:00,409.1000061035156,409.70001220703125,409.1000061035156,409.70001220703125,7129
2025-12-30 08:05:00+00:00,409.0,409.04998779296875,408.75,409.04998779296875,11646
2025-12-30 08:06:00+00:00,408.75,408.8500061035156,408.70001220703125,408.8500061035156,4590
2025-12-30 08:07:00+00:00,409.25,409.25,408.54998779296875,408.75,176375
2025-12-30 08:08:00+00:00,409.6499938964844,409.8500061035156,409.25,409.25,13031
2025-12-30 08:09:00+00:00,409.29998779296875,409.6000061035156,409.29998779296875,409.6000061035156,7001
2025-12-30 08:10:00+00:00,409.54998779296875,409.6000061035156,409.1499938964844,409.20001220703125,9277
2025-12-30 08:11:00+00:00,409.29998779296875,409.54998779296875,409.29998779296875,409.54998779296875,4993
2025-12-30 08:12:00+00:00,409.3500061035156,409.5,409.20001220703125,409.20001220703125,6257
2025-12-30 08:13:00+00:00,409.6499938964844,409.6499938964844,409.29998779296875,409.29998779296875,12426
2025-12-30 08:14:00+00:00,409.3999938964844,409.6499938964844,409.3999938964844,409.6499938964844,4248
2025-12-30 08:15:00+00:00,410.0,410.29998779296875,409.45001220703125,409.45001220703125,18019
2025-12-30 08:16:00+00:00,409.1000061035156,409.8999938964844,409.1000061035156,409.8999938964844,8509
2025-12-30 08:17:00+00:00,409.25,409.3500061035156,409.0,409.1000061035156,4982
2025-12-30 08:18:00+00:00,409.25,409.3500061035156,409.25,409.25,5892
2025-12-30 08:19:00+00:00,409.3500061035156,409.3500061035156,409.25,409.29998779296875,5622
2025-12-30 08:20:00+00:00,409.45001220703125,409.5,409.25,409.25,3870
2025-12-30 08:21:00+00:00,409.29998779296875,409.45001220703125,409.0,409.25,10348
2025-12-30 08:22:00+00:00,409.3999938964844,409.3999938964844,409.1499938964844,409.29998779296875,7861
2025-12-30 08:23:00+00:00,409.6000061035156,409.70001220703125,409.54998779296875,409.6499938964844,5364
2025-12-30 08:24:00+00:00,409.5,409.75,409.5,409.75,4141
2025-12-30 08:25:00+00:00,409.45001220703125,409.5,409.29998779296875,409.5,5892
2025-12-30 08:26:00+00:00,409.6000061035156,409.6000061035156,409.45001220703125,409.54998779296875,3725
2025-12-30 08:27:00+00:00,409.5,409.6000061035156,409.3500061035156,409.5,8832
2025-12-30 08:28:00+00:00,409.75,409.75,409.54998779296875,409.6000061035156,3747
2025-12-30 08:29:00+00:00,409.45001220703125,409.75,409.45001220703125,409.75,6230
2025-12-30 08:30:00+00:00,409.0,409.3999938964844,408.8999938964844,409.3999938964844,14778
2025-12-30 08:31:00+00:00,409.1499938964844,409.1499938964844,408.6499938964844,409.0,15726
2025-12-30 08:32:00+00:00,409.45001220703125,409.45001220703125,409.1499938964844,409.1499938964844,34412
2025-12-30 08:33:00+00:00,409.1499938964844,409.45001220703125,409.1499938964844,409.45001220703125,7055
2025-12-30 08:34:00+00:00,409.1499938964844,409.1499938964844,408.8999938964844,409.1499938964844,11168
2025-12-30 08:35:00+00:00,409.20001220703125,409.3999938964844,409.1499938964844,409.3999938964844,2673
2025-12-30 08:36:00+00:00,408.8500061035156,409.20001220703125,408.8500061035156,409.20001220703125,6989
2025-12-30 08:37:00+00:00,409.0,409.04998779296875,408.8500061035156,408.8500061035156,5968
2025-12-30 08:38:00+00:00,409.0,409.04998779296875,408.95001220703125,409.0,4470
2025-12-30 08:39:00+00:00,408.8500061035156,409.0,408.8500061035156,408.8999938964844,6101
2025-12-30 08:40:00+00:00,409.04998779296875,409.1000061035156,408.70001220703125,408.79998779296875,9845
2025-12-30 08:41:00+00:00,408.79998779296875,409.04998779296875,408.79998779296875,409.04998779296875,4777
2025-12-30 08:42:00+00:00,408.8500061035156,409.04998779296875,408.70001220703125,408.75,8968
2025-12-30 08:43:00+00:00,409.3999938964844,409.3999938964844,408.8500061035156,408.8500061035156,9084
2025-12-30 08:44:00+00:00,409.5,409.8999938964844,409.3999938964844,409.3999938964844,10838
2025-12-30 08:45:00+00:00,409.04998779296875,409.54998779296875,409.04998779296875,409.5,4827
2025-12-30 08:46:00+00:00,409.20001220703125,409.45001220703125,408.8999938964844,408.8999938964844,7512
2025-12-30 08:47:00+00:00,409.29998779296875,409.45001220703125,409.1499938964844,409.45001220703125,5150
2025-12-30 08:48:00+00:00,409.29998779296875,409.3999938964844,409.29998779296875,409.29998779296875,8191
2025-12-30 08:49:00+00:00,409.20001220703125,409.3999938964844,409.20001220703125,409.29998779296875,7401
2025-12-30 08:50:00+00:00,408.8500061035156,409.20001220703125,408.8500061035156,409.20001220703125,6212
2025-12-30 08:51:00+00:00,408.6499938964844,409.0,408.5,409.0,15278
2025-12-30 08:52:00+00:00,408.70001220703125,408.8500061035156,408.6499938964844,408.6499938964844,3638
2025-12-30 08:53:00+00:00,408.75,408.75,408.70001220703125,408.70001220703125,8621
2025-12-30 08:54:00+00:00,409.0,409.0,408.6000061035156,408.6000061035156,8684
2025-12-30 08:55:00+00:00,409.1000061035156,409.1000061035156,409.0,409.0,12480
2025-12-30 08:56:00+00:00,409.1499938964844,409.1499938964844,409.1000061035156,409.1000061035156,4941
2025-12-30 08:57:00+00:00,409.0,409.0,409.0,409.0,5647
2025-12-30 08:58:00+00:00,409.0,409.0,409.0,409.0,8190
2025-12-30 08:59:00+00:00,409.0,409.0,409.0,409.0,9708
2025-12-30 09:00:00+00:00,409.0,409.04998779296875,409.0,409.0,7010
2025-12-30 09:01:00+00:00,409.6499938964844,409.8999938964844,409.0,409.0,13098
2025-12-30 09:02:00+00:00,410.20001220703125,410.54998779296875,409.8500061035156,409.8500061035156,23511
2025-12-30 09:03:00+00:00,409.70001220703125,410.20001220703125,409.70001220703125,410.20001220703125,11042
2025-12-30 09:04:00+00:00,411.1499938964844,411.1499938964844,409.70001220703125,409.70001220703125,22908
2025-12-30 09:05:00+00:00,410.1499938964844,410.75,410.1499938964844,410.70001220703125,14531
2025-12-30 09:06:00+00:00,409.5,410.1499938964844,409.5,410.1000061035156,10063
2025-12-30 09:07:00+00:00,409.70001220703125,410.0,409.5,409.5,9517
2025-12-30 09:08:00+00:00,410.1499938964844,410.3500061035156,409.70001220703125,409.70001220703125,8637
2025-12-30 09:09:00+00:00,409.70001220703125,410.3500061035156,409.70001220703125,410.3500061035156,8083
2025-12-30 09:10:00+00:00,410.29998779296875,410.29998779296875,409.6000061035156,409.6499938964844,16589
2025-12-30 09:11:00+00:00,410.5,410.54998779296875,410.25,410.29998779296875,8282
2025-12-30 09:12:00+00:00,410.1499938964844,410.5,410.1499938964844,410.45001220703125,6225
2025-12-30 09:13:00+00:00,411.20001220703125,411.20001220703125,410.1000061035156,410.1499938964844,30170
2025-12-30 09:14:00+00:00,410.95001220703125,411.5,410.95001220703125,411.25,16138
2025-12-30 09:15:00+00:00,410.45001220703125,411.0,410.45001220703125,410.95001220703125,14391
2025-12-30 09:16:00+00:00,410.6499938964844,410.6499938964844,410.1000061035156,410.3999938964844,93120
2025-12-30 09:17:00+00:00,409.8500061035156,410.3999938964844,409.5,410.3999938964844,25802
2025-12-30 09:18:00+00:00,409.75,409.95001220703125,409.70001220703125,409.8500061035156,6915
2025-12-30 09:19:00+00:00,409.8500061035156,409.8500061035156,409.70001220703125,409.70001220703125,7512
2025-12-30 09:20:00+00:00,409.79998779296875,410.0,409.75,409.75,10552
2025-12-30 09:21:00+00:00,409.75,409.8500061035156,409.75,409.79998779296875,8254
2025-12-30 09:22:00+00:00,409.79998779296875,409.79998779296875,409.75,409.79998779296875,11899
2025-12-30 09:23:00+00:00,409.75,409.79998779296875,409.70001220703125,409.79998779296875,10907
2025-12-30 09:24:00+00:00,409.75,409.75,409.54998779296875,409.70001220703125,10501
2025-12-30 09:25:00+00:00,410.54998779296875,410.75,409.54998779296875,409.54998779296875,25150
2025-12-30 09:26:00+00:00,411.6499938964844,411.6499938964844,410.5,410.6000061035156,27745
2025-12-30 09:27:00+00:00,412.20001220703125,412.45001220703125,411.6000061035156,411.79998779296875,34876
2025-12-30 09:28:00+00:00,411.3500061035156,412.04998779296875,410.04998779296875,412.0,24150
2025-12-30 09:29:00+00:00,411.54998779296875,411.6499938964844,411.1499938964844,411.3500061035156,11055
2025-12-30 09:30:00+00:00,410.54998779296875,411.5,410.54998779296875,411.5,41403
2025-12-30 09:31:00+00:00,410.54998779296875,410.54998779296875,410.5,410.54998779296875,36282
2025-12-30 09:32:00+00:00,410.54998779296875,410.54998779296875,410.5,410.5,28109
2025-12-30 09:33:00+00:00,410.54998779296875,410.54998779296875,410.5,410.5,31939
2025-12-30 09:34:00+00:00,410.54998779296875,410.54998779296875,410.5,410.5,39654
2025-12-30 09:35:00+00:00,410.5,410.54998779296875,410.5,410.5,49407
2025-12-30 09:36:00+00:00,410.54998779296875,410.54998779296875,410.5,410.54998779296875,36763
2025-12-30 09:37:00+00:00,410.5,410.54998779296875,410.5,410.54998779296875,29255
2025-12-30 09:38:00+00:00,410.5,410.54998779296875,410.5,410.54998779296875,35812
2025-12-30 09:39:00+00:00,410.54998779296875,410.54998779296875,410.5,410.54998779296875,30488
2025-12-30 09:40:00+00:00,410.1499938964844,410.54998779296875,410.1000061035156,410.5,49375
2025-12-30 09:41:00+00:00,410.1000061035156,410.1499938964844,410.1000061035156,410.1499938964844,41171
2025-12-30 09:42:00+00:00,410.04998779296875,410.1000061035156,410.04998779296875,410.1000061035156,50901
2025-12-30 09:43:00+00:00,409.8500061035156,410.04998779296875,409.79998779296875,410.04998779296875,69409
2025-12-30 09:44:00+00:00,409.1499938964844,409.45001220703125,409.1499938964844,409.25,121778
2025-12-30 09:45:00+00:00,409.1499938964844,409.1499938964844,409.1000061035156,409.1000061035156,38899
2025-12-30 09:46:00+00:00,409.04998779296875,409.04998779296875,409.0,409.0,32763
2025-12-30 09:47:00+00:00,409.04998779296875,409.04998779296875,409.04998779296875,409.04998779296875,46803
2025-12-30 09:48:00+00:00,409.0,409.04998779296875,409.0,409.0,46335
2025-12-30 09:49:00+00:00,409.04998779296875,409.04998779296875,409.0,409.0,31785
2025-12-30 09:50:00+00:00,409.04998779296875,409.04998779296875,409.0,409.0,39239
2025-12-30 09:51:00+00:00,409.04998779296875,409.04998779296875,409.0,409.04998779296875,31221
2025-12-30 09:52:00+00:00,409.04998779296875,409.04998779296875,409.0,409.04998779296875,39129
2025-12-30 09:53:00+00:00,409.04998779296875,409.04998779296875,409.0,409.04998779296875,32632
2025-12-30 09:54:00+00:00,409.04998779296875,409.04998779296875,409.0,409.0,36452
2025-12-30 09:55:00+00:00,409.04998779296875,409.04998779296875,409.0,409.0,72869
2025-12-30 09:56:00+00:00,409.1000061035156,409.1499938964844,409.0,409.0,33350
2025-12-30 09:57:00+00:00,409.04998779296875,409.1000061035156,409.04998779296875,409.1000061035156,29253
2025-12-30 09:58:00+00:00,409.3500061035156,409.3500061035156,409.0,409.1000061035156,48630
2025-12-30 09:59:00+00:00,408.6499938964844,409.95001220703125,408.6499938964844,409.95001220703125,14951
2025-12-31 03:45:00+00:00,410.54998779296875,411.8500061035156,410.0,411.8500061035156,0
2025-12-31 03:46:00+00:00,410.6499938964844,410.8500061035156,409.70001220703125,409.8500061035156,28680
2025-12-31 03:47:00+00:00,410.6000061035156,411.25,410.6000061035156,411.25,11701
2025-12-31 03:48:00+00:00,410.6000061035156,410.8999938964844,410.6000061035156,410.6000061035156,7295
2025-12-31 03:49:00+00:00,411.6499938964844,411.6499938964844,410.6000061035156,410.70001220703125,43485
2025-12-31 03:50:00+00:00,411.3999938964844,411.6499938964844,410.8500061035156,411.6499938964844,28671
2025-12-31 03:51:00+00:00,411.5,411.6499938964844,411.3500061035156,411.6499938964844,10853
2025-12-31 03:52:00+00:00,411.1499938964844,411.25,411.0,411.20001220703125,11564
2025-12-31 03:53:00+00:00,410.95001220703125,411.3500061035156,410.95001220703125,411.1000061035156,5653
2025-12-31 03:54:00+00:00,410.6499938964844,410.95001220703125,410.6000061035156,410.95001220703125,6463
2025-12-31 03:55:00+00:00,413.3999938964844,413.5,410.70001220703125,410.70001220703125,40716
2025-12-31 03:56:00+00:00,413.0,413.25,412.29998779296875,413.25,28894
2025-12-31 03:57:00+00:00,415.3500061035156,415.54998779296875,412.8500061035156,413.20001220703125,121126
2025-12-31 03:58:00+00:00,413.0,415.3999938964844,413.0,415.3999938964844,26285
2025-12-31 03:59:00+00:00,413.0,413.20001220703125,412.3500061035156,413.0,16768
2025-12-31 04:00:00+00:00,413.5,413.79998779296875,412.8500061035156,412.8500061035156,21379
2025-12-31 04:01:00+00:00,413.79998779296875,414.0,413.3500061035156,413.3500061035156,11782
2025-12-31 04:02:00+00:00,413.54998779296875,413.6499938964844,413.25,413.54998779296875,8224
2025-12-31 04:03:00+00:00,413.3999938964844,413.79998779296875,413.29998779296875,413.79998779296875,13236
2025-12-31 04:04:00+00:00,413.0,413.54998779296875,413.0,413.54998779296875,10831
2025-12-31 04:05:00+00:00,412.25,413.0,412.20001220703125,413.0,12556
2025-12-31 04:06:00+00:00,412.45001220703125,412.70001220703125,412.3500061035156,412.6499938964844,4925
2025-12-31 04:07:00+00:00,412.75,413.0,412.45001220703125,412.45001220703125,7307
2025-12-31 04:08:00+00:00,412.6000061035156,412.70001220703125,412.5,412.70001220703125,7273
2025-12-31 04:09:00+00:00,412.54998779296875,412.70001220703125,412.25,412.29998779296875,3690
2025-12-31 04:10:00+00:00,411.75,412.45001220703125,411.5,412.3500061035156,46349
2025-12-31 04:11:00+00:00,411.75,412.0,411.54998779296875,411.95001220703125,5477
2025-12-31 04:12:00+00:00,411.8500061035156,412.25,411.75,411.79998779296875,6388
2025-12-31 04:13:00+00:00,411.54998779296875,411.79998779296875,411.54998779296875,411.75,10295
2025-12-31 04:14:00+00:00,411.04998779296875,411.5,411.04998779296875,411.5,15104
2025-12-31 04:15:00+00:00,410.70001220703125,411.1499938964844,410.70001220703125,410.79998779296875,11572
2025-12-31 04:16:00+00:00,410.29998779296875,410.54998779296875,410.0,410.54998779296875,35350
2025-12-31 04:17:00+00:00,411.1499938964844,411.45001220703125,410.1499938964844,410.1499938964844,15357
2025-12-31 04:18:00+00:00,411.0,411.1499938964844,410.79998779296875,411.1000061035156,10507
2025-12-31 04:19:00+00:00,410.70001220703125,411.0,410.70001220703125,410.79998779296875,2734
2025-12-31 04:20:00+00:00,411.1000061035156,411.1000061035156,410.54998779296875,410.75,4122
2025-12-31 04:21:00+00:00,410.8500061035156,411.3500061035156,410.8500061035156,411.0,13577
2025-12-31 04:22:00+00:00,411.20001220703125,411.20001220703125,410.75,411.04998779296875,4877
2025-12-31 04:23:00+00:00,410.45001220703125,411.04998779296875,410.20001220703125,410.20001220703125,55273
2025-12-31 04:24:00+00:00,410.75,410.75,410.3999938964844,410.45001220703125,2352
2025-12-31 04:25:00+00:00,410.70001220703125,410.8999938964844,410.54998779296875,410.6000061035156,8464
2025-12-31 04:26:00+00:00,411.04998779296875,411.1499938964844,410.3999938964844,410.6000061035156,10696
2025-12-31 04:27:00+00:00,410.6000061035156,411.04998779296875,410.6000061035156,411.04998779296875,2574
2025-12-31 04:28:00+00:00,410.8999938964844,410.8999938964844,410.5,410.6000061035156,3517
2025-12-31 04:29:00+00:00,410.70001220703125,410.95001220703125,410.6499938964844,410.6499938964844,2256
2025-12-31 04:30:00+00:00,410.75,411.0,410.6499938964844,410.8999938964844,6103
2025-12-31 04:31:00+00:00,411.04998779296875,411.45001220703125,411.0,411.0,9950
2025-12-31 04:32:00+00:00,411.3999938964844,411.3999938964844,411.0,411.0,5443
2025-12-31 04:33:00+00:00,411.5,411.6000061035156,411.20001220703125,411.20001220703125,3020
2025-12-31 04:34:00+00:00,410.75,411.5,410.75,411.25,11420
2025-12-31 04:35:00+00:00,411.0,411.20001220703125,410.6499938964844,410.75,5687
2025-12-31 04:36:00+00:00,411.20001220703125,411.3999938964844,411.0,411.0,2519
2025-12-31 04:37:00+00:00,411.1000061035156,411.20001220703125,411.1000061035156,411.1499938964844,1553
2025-12-31 04:38:00+00:00,411.04998779296875,411.1000061035156,411.04998779296875,411.04998779296875,1280
2025-12-31 04:39:00+00:00,411.1000061035156,411.1000061035156,410.8500061035156,411.04998779296875,10416
2025-12-31 04:40:00+00:00,410.6000061035156,411.1499938964844,410.6000061035156,410.95001220703125,6903
2025-12-31 04:41:00+00:00,410.54998779296875,410.70001220703125,410.54998779296875,410.6000061035156,7846
2025-12-31 04:42:00+00:00,410.6000061035156,410.70001220703125,410.54998779296875,410.6000061035156,8914
2025-12-31 04:43:00+00:00,410.6499938964844,410.70001220703125,410.25,410.54998779296875,7418
2025-12-31 04:44:00+00:00,410.5,410.70001220703125,410.5,410.5,4047
2025-12-31 04:45:00+00:00,410.54998779296875,410.79998779296875,410.54998779296875,410.54998779296875,2293
2025-12-31 04:46:00+00:00,410.6499938964844,411.0,410.6000061035156,410.6000061035156,4405
2025-12-31 04:47:00+00:00,410.6499938964844,410.79998779296875,410.54998779296875,410.79998779296875,2515
2025-12-31 04:48:00+00:00,410.6000061035156,410.6499938964844,410.5,410.5,4316
2025-12-31 04:49:00+00:00,410.75,410.79998779296875,410.5,410.5,3611
2025-12-31 04:50:00+00:00,410.45001220703125,410.75,410.3999938964844,410.54998779296875,9587
2025-12-31 04:51:00+00:00,410.6499938964844,410.6499938964844,410.3999938964844,410.54998779296875,3600
2025-12-31 04:52:00+00:00,410.70001220703125,410.70001220703125,410.3999938964844,410.3999938964844,3360
2025-12-31 04:53:00+00:00,410.5,410.8999938964844,410.5,410.6000061035156,5264
2025-12-31 04:54:00+00:00,410.45001220703125,410.6499938964844,410.3999938964844,410.6000061035156,2802
2025-12-31 04:55:00+00:00,410.45001220703125,410.70001220703125,410.3999938964844,410.6499938964844,3193
2025-12-31 04:56:00+00:00,410.5,410.75,410.5,410.5,3436
2025-12-31 04:57:00+00:00,410.75,411.0,410.45001220703125,410.45001220703125,8232
2025-12-31 04:58:00+00:00,410.6499938964844,410.8500061035156,410.5,410.6499938964844,3184
2025-12-31 04:59:00+00:00,410.54998779296875,410.79998779296875,410.5,410.5,3066
2025-12-31 05:00:00+00:00,410.8999938964844,410.8999938964844,410.6000061035156,410.6000061035156,3937
2025-12-31 05:01:00+00:00,411.0,411.04998779296875,410.6000061035156,410.6000061035156,5515
2025-12-31 05:02:00+00:00,410.75,411.0,410.70001220703125,410.70001220703125,8971
2025-12-31 05:03:00+00:00,410.8999938964844,411.0,410.79998779296875,410.79998779296875,3937
2025-12-31 05:04:00+00:00,410.8500061035156,411.0,410.79998779296875,410.8500061035156,2326
2025-12-31 05:05:00+00:00,410.8500061035156,411.0,410.79998779296875,410.79998779296875,4094
2025-12-31 05:06:00+00:00,410.8500061035156,411.0,410.79998779296875,410.8500061035156,3143
2025-12-31 05:07:00+00:00,411.0,411.0,410.8500061035156,410.8500061035156,2433
2025-12-31 05:08:00+00:00,410.70001220703125,410.8500061035156,410.70001220703125,410.8500061035156,4444
2025-12-31 05:09:00+00:00,410.79998779296875,410.8500061035156,410.6000061035156,410.70001220703125,3909
2025-12-31 05:10:00+00:00,410.70001220703125,410.95001220703125,410.6000061035156,410.6000061035156,2856
2025-12-31 05:11:00+00:00,410.75,411.0,410.70001220703125,410.70001220703125,4134
2025-12-31 05:12:00+00:00,411.70001220703125,411.8999938964844,410.75,410.75,21666
2025-12-31 05:13:00+00:00,411.20001220703125,411.6499938964844,411.1000061035156,411.54998779296875,2761
2025-12-31 05:14:00+00:00,411.3999938964844,411.45001220703125,411.1499938964844,411.1499938964844,2645
2025-12-31 05:15:00+00:00,411.70001220703125,411.70001220703125,411.1499938964844,411.1499938964844,10121
2025-12-31 05:16:00+00:00,411.54998779296875,411.8500061035156,411.54998779296875,411.70001220703125,5937
2025-12-31 05:17:00+00:00,411.6000061035156,411.75,411.5,411.5,3218
2025-12-31 05:18:00+00:00,411.5,411.6499938964844,411.5,411.6000061035156,2179
2025-12-31 05:19:00+00:00,411.6000061035156,411.6000061035156,411.5,411.5,3205
2025-12-31 05:20:00+00:00,411.5,411.6000061035156,411.5,411.54998779296875,1890
2025-12-31 05:21:00+00:00,411.6000061035156,411.75,411.5,411.54998779296875,13162
2025-12-31 05:22:00+00:00,411.5,411.70001220703125,411.45001220703125,411.6000061035156,5864
2025-12-31 05:23:00+00:00,411.70001220703125,411.75,411.5,411.5,8043
2025-12-31 05:24:00+00:00,411.54998779296875,411.8999938964844,411.54998779296875,411.70001220703125,3090
2025-12-31 05:25:00+00:00,411.5,411.70001220703125,411.45001220703125,411.70001220703125,61807
2025-12-31 05:26:00+00:00,411.6000061035156,411.70001220703125,411.5,411.6499938964844,6779
2025-12-31 05:27:00+00:00,411.6000061035156,411.79998779296875,411.29998779296875,411.54998779296875,56989
2025-12-31 05:28:00+00:00,411.5,411.75,411.25,411.5,73986
2025-12-31 05:29:00+00:00,411.5,411.6000061035156,411.3500061035156,411.5,43974
2025-12-31 05:30:00+00:00,411.54998779296875,411.75,411.3999938964844,411.5,6740
2025-12-31 05:31:00+00:00,411.79998779296875,411.8999938964844,411.54998779296875,411.54998779296875,4046
2025-12-31 05:32:00+00:00,411.79998779296875,411.79998779296875,411.6499938964844,411.75,2447
2025-12-31 05:33:00+00:00,411.8999938964844,411.8999938964844,411.79998779296875,411.79998779296875,6058
2025-12-31 05:34:00+00:00,411.70001220703125,411.75,411.6000061035156,411.75,4640
2025-12-31 05:35:00+00:00,411.75,411.8999938964844,411.6000061035156,411.70001220703125,5992
2025-12-31 05:36:00+00:00,411.6499938964844,411.8500061035156,411.6499938964844,411.75,5332
2025-12-31 05:37:00+00:00,411.6499938964844,411.70001220703125,411.54998779296875,411.70001220703125,2595
2025-12-31 05:38:00+00:00,411.6000061035156,411.6499938964844,411.54998779296875,411.54998779296875,1661
2025-12-31 05:39:00+00:00,411.5,411.6499938964844,411.45001220703125,411.6000061035156,15206
2025-12-31 05:40:00+00:00,411.54998779296875,411.54998779296875,411.3999938964844,411.5,4118
2025-12-31 05:41:00+00:00,412.20001220703125,412.6499938964844,411.8500061035156,411.8500061035156,33744
2025-12-31 05:42:00+00:00,412.25,412.3999938964844,412.0,412.25,2291
2025-12-31 05:43:00+00:00,412.20001220703125,412.25,412.0,412.04998779296875,4048
2025-12-31 05:44:00+00:00,413.1499938964844,413.1499938964844,412.5,412.6000061035156,53750
2025-12-31 05:45:00+00:00,413.25,413.3500061035156,412.75,413.0,11222
2025-12-31 05:46:00+00:00,413.0,413.25,413.0,413.04998779296875,4262
2025-12-31 05:47:00+00:00,413.29998779296875,413.29998779296875,413.0,413.0,16017
2025-12-31 05:48:00+00:00,413.29998779296875,413.70001220703125,413.0,413.04998779296875,128511
2025-12-31 05:49:00+00:00,413.04998779296875,413.3500061035156,413.0,413.29998779296875,4097
2025-12-31 05:50:00+00:00,413.0,413.1499938964844,412.95001220703125,413.0,6325
2025-12-31 05:51:00+00:00,413.29998779296875,413.29998779296875,412.8999938964844,412.8999938964844,12080
2025-12-31 05:52:00+00:00,413.45001220703125,413.45001220703125,413.04998779296875,413.04998779296875,5088
2025-12-31 05:53:00+00:00,413.5,414.1499938964844,413.5,413.79998779296875,75306
2025-12-31 05:54:00+00:00,412.8999938964844,413.70001220703125,412.8999938964844,413.70001220703125,10533
2025-12-31 05:55:00+00:00,413.25,413.3999938964844,413.0,413.0,7834
2025-12-31 05:56:00+00:00,413.25,413.25,413.0,413.25,5700
2025-12-31 05:57:00+00:00,413.29998779296875,413.3999938964844,413.0,413.25,4014
2025-12-31 05:58:00+00:00,413.0,413.29998779296875,413.0,413.1499938964844,7648
2025-12-31 05:59:00+00:00,413.25,413.25,413.0,413.0,3104
2025-12-31 06:00:00+00:00,413.0,413.25,412.6499938964844,413.1499938964844,92838
2025-12-31 06:01:00+00:00,413.29998779296875,413.5,413.04998779296875,413.04998779296875,35507
2025-12-31 06:02:00+00:00,413.04998779296875,413.3500061035156,412.8500061035156,413.0,4071
2025-12-31 06:03:00+00:00,413.1000061035156,413.29998779296875,413.0,413.04998779296875,84815
2025-12-31 06:04:00+00:00,413.1000061035156,413.25,413.0,413.04998779296875,29714
2025-12-31 06:05:00+00:00,413.0,413.20001220703125,413.0,413.0,5491
2025-12-31 06:06:00+00:00,413.04998779296875,413.1000061035156,413.0,413.1000061035156,2876
2025-12-31 06:07:00+00:00,413.04998779296875,413.04998779296875,413.0,413.0,4464
2025-12-31 06:08:00+00:00,413.04998779296875,413.1000061035156,413.0,413.04998779296875,4984
2025-12-31 06:09:00+00:00,413.0,413.1000061035156,413.0,413.04998779296875,1985
2025-12-31 06:10:00+00:00,413.0,413.1000061035156,413.0,413.1000061035156,2344
2025-12-31 06:11:00+00:00,413.0,413.1000061035156,412.8999938964844,413.0,5918
2025-12-31 06:12:00+00:00,413.0,413.25,412.79998779296875,413.1000061035156,56196
2025-12-31 06:13:00+00:00,413.0,413.1499938964844,413.0,413.0,41938
2025-12-31 06:14:00+00:00,412.54998779296875,413.04998779296875,411.79998779296875,413.0,56105
2025-12-31 06:15:00+00:00,412.6499938964844,412.79998779296875,412.5,412.5,10048
2025-12-31 06:16:00+00:00,412.70001220703125,412.70001220703125,412.5,412.6499938964844,4094
2025-12-31 06:17:00+00:00,412.54998779296875,412.70001220703125,412.5,412.70001220703125,2920
2025-12-31 06:18:00+00:00,412.5,412.54998779296875,412.5,412.5,3279
2025-12-31 06:19:00+00:00,412.54998779296875,412.75,412.5,412.5,10793
2025-12-31 06:20:00+00:00,412.6499938964844,412.70001220703125,412.5,412.70001220703125,3023
2025-12-31 06:21:00+00:00,412.5,412.79998779296875,412.3999938964844,412.70001220703125,11157
2025-12-31 06:22:00+00:00,412.75,412.79998779296875,412.5,412.75,7992
2025-12-31 06:23:00+00:00,412.6499938964844,412.79998779296875,412.54998779296875,412.75,2137
2025-12-31 06:24:00+00:00,412.6499938964844,413.0,412.6000061035156,412.6000061035156,3562
2025-12-31 06:25:00+00:00,412.70001220703125,413.0,412.6499938964844,412.8999938964844,32376
2025-12-31 06:26:00+00:00,413.0,413.25,412.70001220703125,412.70001220703125,32104
2025-12-31 06:27:00+00:00,413.1000061035156,413.29998779296875,413.0,413.0,9310
2025-12-31 06:28:00+00:00,412.95001220703125,413.25,412.8500061035156,413.25,2265
2025-12-31 06:29:00+00:00,412.95001220703125,413.0,412.8500061035156,412.95001220703125,2055
2025-12-31 06:30:00+00:00,412.70001220703125,413.0,412.70001220703125,412.95001220703125,2909
2025-12-31 06:31:00+00:00,412.70001220703125,413.0,412.70001220703125,412.70001220703125,1837
2025-12-31 06:32:00+00:00,412.70001220703125,412.95001220703125,412.70001220703125,412.8999938964844,2149
2025-12-31 06:33:00+00:00,412.79998779296875,412.8999938964844,412.70001220703125,412.79998779296875,3714
2025-12-31 06:34:00+00:00,412.6499938964844,412.8999938964844,412.6499938964844,412.75,2316
2025-12-31 06:35:00+00:00,412.70001220703125,412.8500061035156,412.70001220703125,412.70001220703125,6049
2025-12-31 06:36:00+00:00,412.5,412.8999938964844,412.5,412.70001220703125,5290
2025-12-31 06:37:00+00:00,412.6499938964844,412.75,412.5,412.6000061035156,17486
2025-12-31 06:38:00+00:00,412.5,412.70001220703125,412.5,412.54998779296875,2896
2025-12-31 06:39:00+00:00,412.5,412.79998779296875,412.5,412.70001220703125,3444
2025-12-31 06:40:00+00:00,412.70001220703125,412.70001220703125,412.5,412.54998779296875,3709
2025-12-31 06:41:00+00:00,412.54998779296875,412.70001220703125,412.3999938964844,412.5,4836
2025-12-31 06:42:00+00:00,412.5,412.6499938964844,412.5,412.6499938964844,2551
2025-12-31 06:43:00+00:00,412.6000061035156,412.75,412.5,412.5,3760
2025-12-31 06:44:00+00:00,412.79998779296875,412.8500061035156,412.70001220703125,412.75,2923
2025-12-31 06:45:00+00:00,412.75,412.79998779296875,412.75,412.75,4261
2025-12-31 06:46:00+00:00,412.54998779296875,412.79998779296875,412.5,412.79998779296875,3017
2025-12-31 06:47:00+00:00,412.6000061035156,412.75,412.54998779296875,412.54998779296875,3597
2025-12-31 06:48:00+00:00,412.6499938964844,412.79998779296875,412.6499938964844,412.79998779296875,2165
2025-12-31 06:49:00+00:00,412.6000061035156,412.70001220703125,412.5,412.70001220703125,4240
2025-12-31 06:50:00+00:00,412.54998779296875,412.6000061035156,412.5,412.5,11731
2025-12-31 06:51:00+00:00,412.6499938964844,412.70001220703125,412.54998779296875,412.54998779296875,2830
2025-12-31 06:52:00+00:00,412.6499938964844,412.70001220703125,412.5,412.6499938964844,3233
2025-12-31 06:53:00+00:00,412.6499938964844,412.8999938964844,412.6000061035156,412.6499938964844,6689
2025-12-31 06:54:00+00:00,413.6000061035156,414.04998779296875,412.70001220703125,412.70001220703125,113790
2025-12-31 06:55:00+00:00,413.6000061035156,413.8500061035156,413.54998779296875,413.54998779296875,4696
2025-12-31 06:56:00+00:00,414.5,414.70001220703125,413.45001220703125,413.45001220703125,41495
2025-12-31 06:57:00+00:00,414.3999938964844,414.6499938964844,414.3500061035156,414.6000061035156,11094
2025-12-31 06:58:00+00:00,414.6499938964844,414.6499938964844,414.3999938964844,414.3999938964844,8368
2025-12-31 06:59:00+00:00,414.3500061035156,414.6000061035156,414.3500061035156,414.6000061035156,11117
2025-12-31 07:00:00+00:00,414.3500061035156,414.3999938964844,414.29998779296875,414.3500061035156,5619
2025-12-31 07:01:00+00:00,414.1499938964844,414.3500061035156,414.04998779296875,414.3500061035156,8334
2025-12-31 07:02:00+00:00,414.20001220703125,414.20001220703125,414.0,414.1499938964844,11327
2025-12-31 07:03:00+00:00,414.5,414.70001220703125,414.1000061035156,414.25,21131
2025-12-31 07:04:00+00:00,415.20001220703125,415.3500061035156,414.5,414.75,95624
2025-12-31 07:05:00+00:00,415.8500061035156,415.8999938964844,415.1499938964844,415.1499938964844,45655
2025-12-31 07:06:00+00:00,415.3999938964844,416.0,415.3999938964844,415.8999938964844,108463
2025-12-31 07:07:00+00:00,415.0,415.6499938964844,414.95001220703125,415.6000061035156,22524
2025-12-31 07:08:00+00:00,415.1499938964844,415.3999938964844,415.04998779296875,415.04998779296875,5197
2025-12-31 07:09:00+00:00,414.8999938964844,415.1499938964844,414.8500061035156,415.1000061035156,13841
2025-12-31 07:10:00+00:00,415.1000061035156,415.1000061035156,414.70001220703125,414.8999938964844,8600
2025-12-31 07:11:00+00:00,415.0,415.1000061035156,415.0,415.04998779296875,8465
2025-12-31 07:12:00+00:00,416.0,416.25,415.6499938964844,415.6499938964844,39644
2025-12-31 07:13:00+00:00,416.04998779296875,416.1499938964844,416.0,416.1499938964844,7164
2025-12-31 07:14:00+00:00,415.75,416.04998779296875,415.75,416.0,5204
2025-12-31 07:15:00+00:00,415.70001220703125,415.8999938964844,415.6499938964844,415.8999938964844,5024
2025-12-31 07:16:00+00:00,415.6000061035156,415.79998779296875,415.6000061035156,415.6000061035156,6753
2025-12-31 07:17:00+00:00,415.6499938964844,415.79998779296875,415.6499938964844,415.70001220703125,4291
2025-12-31 07:18:00+00:00,415.5,415.70001220703125,415.5,415.6000061035156,4650
2025-12-31 07:19:00+00:00,415.6000061035156,415.70001220703125,415.5,415.54998779296875,7174
2025-12-31 07:20:00+00:00,415.75,415.75,415.3500061035156,415.54998779296875,13731
2025-12-31 07:21:00+00:00,416.0,416.1499938964844,415.79998779296875,416.0,18572
2025-12-31 07:22:00+00:00,415.6499938964844,416.1000061035156,415.6000061035156,416.1000061035156,4723
2025-12-31 07:23:00+00:00,415.79998779296875,416.0,415.6499938964844,415.6499938964844,4886
2025-12-31 07:24:00+00:00,415.95001220703125,415.95001220703125,415.6499938964844,415.6499938964844,3570
2025-12-31 07:25:00+00:00,415.6499938964844,415.95001220703125,415.6499938964844,415.75,5463
2025-12-31 07:26:00+00:00,415.70001220703125,415.95001220703125,415.6499938964844,415.95001220703125,2812
2025-12-31 07:27:00+00:00,415.70001220703125,415.8999938964844,415.6499938964844,415.6499938964844,2389
2025-12-31 07:28:00+00:00,415.1499938964844,415.79998779296875,415.1000061035156,415.6499938964844,6157
2025-12-31 07:29:00+00:00,413.8500061035156,415.1000061035156,413.54998779296875,415.1000061035156,94484
2025-12-31 07:30:00+00:00,414.3999938964844,414.45001220703125,413.6499938964844,413.6499938964844,6640
2025-12-31 07:31:00+00:00,414.0,414.3999938964844,414.0,414.29998779296875,4850
2025-12-31 07:32:00+00:00,414.1499938964844,414.45001220703125,414.1000061035156,414.1000061035156,20313
2025-12-31 07:33:00+00:00,414.3999938964844,414.79998779296875,414.1499938964844,414.1499938964844,3907
2025-12-31 07:34:00+00:00,414.45001220703125,414.79998779296875,414.3999938964844,414.3999938964844,4011
2025-12-31 07:35:00+00:00,414.6499938964844,414.79998779296875,414.5,414.70001220703125,4443
2025-12-31 07:36:00+00:00,414.5,415.45001220703125,414.5,414.6499938964844,7217
2025-12-31 07:37:00+00:00,414.6000061035156,414.75,414.5,414.5,8396
2025-12-31 07:38:00+00:00,414.3999938964844,414.75,414.3999938964844,414.6499938964844,8572
2025-12-31 07:39:00+00:00,414.3999938964844,414.5,414.1499938964844,414.45001220703125,3197
2025-12-31 07:40:00+00:00,414.3999938964844,414.70001220703125,414.3999938964844,414.3999938964844,3539
2025-12-31 07:41:00+00:00,415.29998779296875,415.3500061035156,414.3999938964844,414.54998779296875,67225
2025-12-31 07:42:00+00:00,415.3999938964844,415.6000061035156,415.3500061035156,415.3500061035156,9215
2025-12-31 07:43:00+00:00,415.25,415.5,415.0,415.3999938964844,4715
2025-12-31 07:44:00+00:00,414.6499938964844,415.29998779296875,414.6499938964844,415.29998779296875,48742
2025-12-31 07:45:00+00:00,414.5,414.8500061035156,414.5,414.70001220703125,3784
2025-12-31 07:46:00+00:00,414.3500061035156,414.75,414.3500061035156,414.5,2442
2025-12-31 07:47:00+00:00,414.3999938964844,414.6499938964844,414.29998779296875,414.29998779296875,3643
2025-12-31 07:48:00+00:00,414.3999938964844,414.54998779296875,414.20001220703125,414.3999938964844,12499
2025-12-31 07:49:00+00:00,414.29998779296875,414.54998779296875,414.29998779296875,414.3500061035156,2545
2025-12-31 07:50:00+00:00,414.3500061035156,414.45001220703125,414.04998779296875,414.29998779296875,7100
2025-12-31 07:51:00+00:00,414.5,414.5,414.0,414.20001220703125,3265
2025-12-31 07:52:00+00:00,414.04998779296875,414.54998779296875,414.04998779296875,414.25,2647
2025-12-31 07:53:00+00:00,414.0,414.45001220703125,414.0,414.1000061035156,2563
2025-12-31 07:54:00+00:00,414.20001220703125,414.20001220703125,414.0,414.0,1760
2025-12-31 07:55:00+00:00,413.8500061035156,414.20001220703125,413.8500061035156,414.04998779296875,6275
2025-12-31 07:56:00+00:00,414.0,414.1000061035156,413.8500061035156,414.1000061035156,4722
2025-12-31 07:57:00+00:00,413.5,414.0,413.5,413.79998779296875,12214
2025-12-31 07:58:00+00:00,413.70001220703125,413.8500061035156,413.5,413.75,5582
2025-12-31 07:59:00+00:00,413.70001220703125,413.70001220703125,413.5,413.5,3479
2025-12-31 08:00:00+00:00,414.20001220703125,414.20001220703125,413.5,413.5,4616
2025-12-31 08:01:00+00:00,414.20001220703125,414.29998779296875,414.04998779296875,414.04998779296875,2351
2025-12-31 08:02:00+00:00,414.20001220703125,414.29998779296875,414.04998779296875,414.04998779296875,2709
2025-12-31 08:03:00+00:00,414.45001220703125,414.54998779296875,414.1000061035156,414.20001220703125,4898
2025-12-31 08:04:00+00:00,414.1000061035156,414.45001220703125,414.1000061035156,414.45001220703125,2941
2025-12-31 08:05:00+00:00,414.29998779296875,414.45001220703125,414.20001220703125,414.20001220703125,2492
2025-12-31 08:06:00+00:00,414.3999938964844,414.45001220703125,414.1499938964844,414.3999938964844,2199
2025-12-31 08:07:00+00:00,414.1000061035156,414.45001220703125,414.1000061035156,414.20001220703125,3498
2025-12-31 08:08:00+00:00,414.45001220703125,414.5,414.1000061035156,414.25,3780
2025-12-31 08:09:00+00:00,414.54998779296875,414.70001220703125,414.29998779296875,414.29998779296875,5976
2025-12-31 08:10:00+00:00,414.29998779296875,414.6000061035156,414.20001220703125,414.45001220703125,3206
2025-12-31 08:11:00+00:00,414.20001220703125,414.3999938964844,414.1000061035156,414.1000061035156,2708
2025-12-31 08:12:00+00:00,414.25,414.3999938964844,414.1499938964844,414.29998779296875,4488
2025-12-31 08:13:00+00:00,414.29998779296875,414.3999938964844,414.20001220703125,414.25,3352
2025-12-31 08:14:00+00:00,414.1499938964844,414.5,414.1499938964844,414.29998779296875,4994
2025-12-31 08:15:00+00:00,414.1499938964844,414.29998779296875,414.1499938964844,414.29998779296875,2766
2025-12-31 08:16:00+00:00,414.1499938964844,414.3999938964844,414.04998779296875,414.1499938964844,2253
2025-12-31 08:17:00+00:00,414.3999938964844,414.3999938964844,414.1499938964844,414.1499938964844,5857
2025-12-31 08:18:00+00:00,414.29998779296875,414.5,414.29998779296875,414.29998779296875,4345
2025-12-31 08:19:00+00:00,414.5,414.5,414.1000061035156,414.29998779296875,3010
2025-12-31 08:20:00+00:00,414.45001220703125,414.5,414.04998779296875,414.25,2004
2025-12-31 08:21:00+00:00,414.29998779296875,414.45001220703125,414.20001220703125,414.25,2059
2025-12-31 08:22:00+00:00,414.3999938964844,414.45001220703125,414.1000061035156,414.1499938964844,4229
2025-12-31 08:23:00+00:00,414.29998779296875,414.5,414.1000061035156,414.25,4253
2025-12-31 08:24:00+00:00,415.75,416.20001220703125,414.3500061035156,414.5,91544
2025-12-31 08:25:00+00:00,415.70001220703125,416.1499938964844,415.45001220703125,415.70001220703125,38439
2025-12-31 08:26:00+00:00,416.04998779296875,416.29998779296875,415.8999938964844,416.0,59650
2025-12-31 08:27:00+00:00,416.45001220703125,416.5,416.0,416.1499938964844,37288
2025-12-31 08:28:00+00:00,416.79998779296875,417.0,416.3500061035156,416.3500061035156,27523
2025-12-31 08:29:00+00:00,416.29998779296875,417.0,416.20001220703125,416.79998779296875,71403
2025-12-31 08:30:00+00:00,415.8999938964844,416.25,415.8500061035156,416.20001220703125,25612
2025-12-31 08:31:00+00:00,416.0,416.0,415.8999938964844,415.8999938964844,11588
2025-12-31 08:32:00+00:00,416.0,416.0,415.8999938964844,416.0,17325
2025-12-31 08:33:00+00:00,416.25,416.3500061035156,415.95001220703125,415.95001220703125,14379
2025-12-31 08:34:00+00:00,416.3500061035156,416.54998779296875,415.95001220703125,415.95001220703125,10175
2025-12-31 08:35:00+00:00,416.5,416.6000061035156,416.3500061035156,416.3500061035156,9867
2025-12-31 08:36:00+00:00,416.8999938964844,416.8999938964844,416.25,416.25,16863
2025-12-31 08:37:00+00:00,416.70001220703125,416.8999938964844,416.6000061035156,416.6000061035156,8515
2025-12-31 08:38:00+00:00,416.8500061035156,416.95001220703125,416.70001220703125,416.70001220703125,15036
2025-12-31 08:39:00+00:00,416.79998779296875,416.8999938964844,416.75,416.8500061035156,14519
2025-12-31 08:40:00+00:00,417.1000061035156,417.20001220703125,416.95001220703125,417.1499938964844,35570
2025-12-31 08:41:00+00:00,417.1000061035156,417.3999938964844,417.0,417.1499938964844,11019
2025-12-31 08:42:00+00:00,417.0,417.3999938964844,416.95001220703125,417.1499938964844,65770
2025-12-31 08:43:00+00:00,417.0,417.0,416.8999938964844,416.95001220703125,11519
2025-12-31 08:44:00+00:00,416.8999938964844,417.0,416.8500061035156,417.0,13669
2025-12-31 08:45:00+00:00,416.8500061035156,417.0,416.8500061035156,416.8999938964844,12771
2025-12-31 08:46:00+00:00,416.8500061035156,417.0,416.75,417.0,14183
2025-12-31 08:47:00+00:00,417.0,417.0,416.6000061035156,416.6499938964844,11849
2025-12-31 08:48:00+00:00,416.70001220703125,417.0,416.6000061035156,416.95001220703125,11017
2025-12-31 08:49:00+00:00,416.6000061035156,416.8999938964844,416.54998779296875,416.6000061035156,9241
2025-12-31 08:50:00+00:00,416.79998779296875,417.0,416.75,416.8500061035156,10649
2025-12-31 08:51:00+00:00,416.6499938964844,417.0,416.6499938964844,416.75,10629
2025-12-31 08:52:00+00:00,416.54998779296875,416.79998779296875,416.3999938964844,416.54998779296875,12460
2025-12-31 08:53:00+00:00,416.54998779296875,416.8999938964844,416.45001220703125,416.5,12734
2025-12-31 08:54:00+00:00,416.75,416.8500061035156,416.3999938964844,416.5,11032
2025-12-31 08:55:00+00:00,416.8999938964844,416.95001220703125,416.6499938964844,416.6499938964844,10852
2025-12-31 08:56:00+00:00,416.79998779296875,416.95001220703125,416.75,416.95001220703125,10640
2025-12-31 08:57:00+00:00,416.8500061035156,417.0,416.8500061035156,416.8500061035156,12373
2025-12-31 08:58:00+00:00,416.8500061035156,416.95001220703125,416.8500061035156,416.95001220703125,11931
2025-12-31 08:59:00+00:00,416.8999938964844,416.95001220703125,416.8500061035156,416.8999938964844,20955
2025-12-31 09:00:00+00:00,416.8500061035156,417.0,416.79998779296875,416.95001220703125,15639
2025-12-31 09:01:00+00:00,417.0,417.0,416.70001220703125,416.8500061035156,15549
2025-12-31 09:02:00+00:00,416.79998779296875,417.0,416.79998779296875,417.0,7612
2025-12-31 09:03:00+00:00,416.8999938964844,417.0,416.70001220703125,416.95001220703125,12575
2025-12-31 09:04:00+00:00,416.95001220703125,417.0,416.8500061035156,417.0,11826
2025-12-31 09:05:00+00:00,417.3500061035156,417.3500061035156,416.8999938964844,416.8999938964844,16078
2025-12-31 09:06:00+00:00,417.29998779296875,417.3999938964844,417.0,417.04998779296875,12684
2025-12-31 09:07:00+00:00,417.29998779296875,417.3999938964844,417.1000061035156,417.20001220703125,14050
2025-12-31 09:08:00+00:00,417.6499938964844,417.6499938964844,417.25,417.3500061035156,14423
2025-12-31 09:09:00+00:00,417.70001220703125,417.70001220703125,417.6000061035156,417.6000061035156,11462
2025-12-31 09:10:00+00:00,417.70001220703125,417.75,417.6000061035156,417.75,17913
2025-12-31 09:11:00+00:00,417.0,417.79998779296875,417.0,417.79998779296875,37729
2025-12-31 09:12:00+00:00,416.95001220703125,417.1499938964844,416.75,417.1499938964844,11071
2025-12-31 09:13:00+00:00,417.3500061035156,417.6000061035156,417.1000061035156,417.20001220703125,20856
2025-12-31 09:14:00+00:00,417.3999938964844,417.6000061035156,417.20001220703125,417.3500061035156,13826
2025-12-31 09:15:00+00:00,417.75,417.75,417.25,417.3500061035156,24417
2025-12-31 09:16:00+00:00,417.75,417.8500061035156,417.6499938964844,417.6499938964844,14937
2025-12-31 09:17:00+00:00,417.8500061035156,418.0,417.75,418.0,15352
2025-12-31 09:18:00+00:00,416.75,418.0,416.75,417.8500061035156,36759
2025-12-31 09:19:00+00:00,416.8500061035156,417.6000061035156,416.8500061035156,416.8500061035156,12299
2025-12-31 09:20:00+00:00,416.79998779296875,417.25,416.70001220703125,416.8999938964844,23516
2025-12-31 09:21:00+00:00,416.25,417.1000061035156,415.8999938964844,417.0,52557
2025-12-31 09:22:00+00:00,415.8999938964844,416.29998779296875,415.79998779296875,416.29998779296875,31517
2025-12-31 09:23:00+00:00,416.79998779296875,416.8999938964844,415.79998779296875,415.79998779296875,16012
2025-12-31 09:24:00+00:00,417.20001220703125,417.25,416.54998779296875,416.79998779296875,15555
2025-12-31 09:25:00+00:00,417.1000061035156,417.25,416.75,417.20001220703125,13515
2025-12-31 09:26:00+00:00,416.95001220703125,417.25,416.8500061035156,417.25,17146
2025-12-31 09:27:00+00:00,417.04998779296875,417.3500061035156,416.8999938964844,416.95001220703125,18640
2025-12-31 09:28:00+00:00,416.79998779296875,417.1000061035156,416.6499938964844,417.1000061035156,12946
2025-12-31 09:29:00+00:00,416.8500061035156,417.29998779296875,416.6499938964844,417.29998779296875,14257
2025-12-31 09:30:00+00:00,415.6499938964844,416.8500061035156,414.3999938964844,416.8500061035156,129775
2025-12-31 09:31:00+00:00,416.25,416.29998779296875,415.75,415.95001220703125,35661
2025-12-31 09:32:00+00:00,415.8500061035156,416.25,415.79998779296875,416.25,18162
2025-12-31 09:33:00+00:00,416.0,416.1499938964844,415.70001220703125,415.8999938964844,34402
2025-12-31 09:34:00+00:00,416.1499938964844,416.20001220703125,416.04998779296875,416.1499938964844,22174
2025-12-31 09:35:00+00:00,415.54998779296875,415.95001220703125,415.29998779296875,415.95001220703125,31597
2025-12-31 09:36:00+00:00,415.45001220703125,415.54998779296875,415.20001220703125,415.54998779296875,25022
2025-12-31 09:37:00+00:00,415.70001220703125,415.75,415.6499938964844,415.6499938964844,21510
2025-12-31 09:38:00+00:00,416.0,416.1000061035156,415.75,415.8500061035156,20348
2025-12-31 09:39:00+00:00,416.29998779296875,416.29998779296875,415.8500061035156,415.95001220703125,20010
2025-12-31 09:40:00+00:00,415.8500061035156,416.0,415.6499938964844,416.0,32687
2025-12-31 09:41:00+00:00,415.5,416.0,415.45001220703125,415.79998779296875,30313
2025-12-31 09:42:00+00:00,415.8999938964844,415.8999938964844,415.5,415.5,18042
2025-12-31 09:43:00+00:00,415.75,415.8500061035156,415.75,415.79998779296875,27309
2025-12-31 09:44:00+00:00,415.8999938964844,415.95001220703125,415.75,415.75,28315
2025-12-31 09:45:00+00:00,415.75,415.8500061035156,415.75,415.8500061035156,33701
2025-12-31 09:46:00+00:00,415.6000061035156,415.70001220703125,415.5,415.6000061035156,34006
2025-12-31 09:47:00+00:00,415.5,415.70001220703125,415.5,415.70001220703125,31228
2025-12-31 09:48:00+00:00,415.5,415.54998779296875,415.5,415.5,45030
2025-12-31 09:49:00+00:00,415.54998779296875,415.70001220703125,415.5,415.5,29591
2025-12-31 09:50:00+00:00,415.70001220703125,415.79998779296875,415.20001220703125,415.5,172613
2025-12-31 09:51:00+00:00,415.54998779296875,415.79998779296875,415.54998779296875,415.79998779296875,17119
2025-12-31 09:52:00+00:00,415.6000061035156,415.70001220703125,415.54998779296875,415.6000061035156,76473
2025-12-31 09:53:00+00:00,415.54998779296875,415.6499938964844,415.54998779296875,415.6000061035156,29770
2025-12-31 09:54:00+00:00,415.5,415.6000061035156,415.5,415.6000061035156,116590
2025-12-31 09:55:00+00:00,415.6000061035156,415.6000061035156,415.5,415.54998779296875,37738
2025-12-31 09:56:00+00:00,415.5,415.6000061035156,415.25,415.25,34804
2025-12-31 09:57:00+00:00,415.5,415.54998779296875,415.5,415.54998779296875,59893
2025-12-31 09:58:00+00:00,415.5,415.6499938964844,415.25,415.5,39721
2025-12-31 09:59:00+00:00,415.8999938964844,416.0,415.5,415.5,26971
2026-01-01 03:45:00+00:00,419.5,421.0,419.0,419.1000061035156,0
2026-01-01 03:46:00+00:00,419.3999938964844,419.70001220703125,418.3999938964844,419.54998779296875,24670
2026-01-01 03:47:00+00:00,419.5,419.70001220703125,419.25,419.29998779296875,18899
2026-01-01 03:48:00+00:00,418.54998779296875,419.29998779296875,418.54998779296875,419.25,21797
2026-01-01 03:49:00+00:00,418.29998779296875,418.54998779296875,418.04998779296875,418.5,13930
2026-01-01 03:50:00+00:00,418.3500061035156,418.6000061035156,418.04998779296875,418.29998779296875,12767
2026-01-01 03:51:00+00:00,418.04998779296875,418.5,418.04998779296875,418.3500061035156,5334
2026-01-01 03:52:00+00:00,418.1000061035156,418.1000061035156,417.70001220703125,418.1000061035156,21793
2026-01-01 03:53:00+00:00,418.45001220703125,418.6000061035156,418.25,418.5,10095
2026-01-01 03:54:00+00:00,418.25,418.54998779296875,418.25,418.3999938964844,7351
2026-01-01 03:55:00+00:00,417.6499938964844,418.0,417.6000061035156,418.0,11028
2026-01-01 03:56:00+00:00,418.25,418.25,417.6000061035156,417.6499938964844,19430
2026-01-01 03:57:00+00:00,420.20001220703125,420.20001220703125,418.25,418.25,120576
2026-01-01 03:58:00+00:00,420.54998779296875,420.6000061035156,420.0,420.20001220703125,34310
2026-01-01 03:59:00+00:00,422.0,422.5,420.45001220703125,420.54998779296875,131306
2026-01-01 04:00:00+00:00,421.6499938964844,421.8999938964844,421.1000061035156,421.70001220703125,85592
2026-01-01 04:01:00+00:00,421.1499938964844,421.75,420.5,421.75,21469
2026-01-01 04:02:00+00:00,421.20001220703125,421.5,421.1000061035156,421.1499938964844,11958
2026-01-01 04:03:00+00:00,420.5,421.45001220703125,420.5,421.20001220703125,12363
2026-01-01 04:04:00+00:00,420.79998779296875,420.8500061035156,420.29998779296875,420.45001220703125,18918
2026-01-01 04:05:00+00:00,420.95001220703125,420.95001220703125,420.6000061035156,420.75,9094
2026-01-01 04:06:00+00:00,421.1000061035156,421.3500061035156,420.75,420.75,12187
2026-01-01 04:07:00+00:00,423.25,423.6000061035156,421.04998779296875,421.04998779296875,196409
2026-01-01 04:08:00+00:00,424.3999938964844,424.70001220703125,423.25,423.3999938964844,71852
2026-01-01 04:09:00+00:00,424.45001220703125,424.79998779296875,424.25,424.6000061035156,42972
2026-01-01 04:10:00+00:00,424.0,424.45001220703125,423.8999938964844,424.45001220703125,23565
2026-01-01 04:11:00+00:00,424.8999938964844,425.0,423.95001220703125,424.0,57809
2026-01-01 04:12:00+00:00,424.8999938964844,425.5,424.8999938964844,424.95001220703125,82750
2026-01-01 04:13:00+00:00,424.6000061035156,425.1000061035156,424.6000061035156,424.8999938964844,27654
2026-01-01 04:14:00+00:00,424.0,424.95001220703125,423.6499938964844,424.79998779296875,35620
2026-01-01 04:15:00+00:00,424.0,424.5,423.8999938964844,424.25,21725
2026-01-01 04:16:00+00:00,423.79998779296875,424.1000061035156,423.79998779296875,424.1000061035156,17126
2026-01-01 04:17:00+00:00,423.54998779296875,423.95001220703125,423.54998779296875,423.8999938964844,13796
2026-01-01 04:18:00+00:00,423.6000061035156,423.8999938964844,423.0,423.54998779296875,42181
2026-01-01 04:19:00+00:00,423.3500061035156,423.6499938964844,422.70001220703125,423.45001220703125,39666
2026-01-01 04:20:00+00:00,423.45001220703125,423.6499938964844,423.1000061035156,423.20001220703125,13923
2026-01-01 04:21:00+00:00,423.0,423.3999938964844,423.0,423.29998779296875,18029
2026-01-01 04:22:00+00:00,424.5,424.5,422.75,422.75,43906
2026-01-01 04:23:00+00:00,424.70001220703125,424.79998779296875,424.3999938964844,424.5,33135
2026-01-01 04:24:00+00:00,425.75,425.8999938964844,424.54998779296875,424.54998779296875,105978
2026-01-01 04:25:00+00:00,424.79998779296875,426.0,424.45001220703125,425.75,68565
2026-01-01 04:26:00+00:00,424.8999938964844,424.95001220703125,424.5,424.8999938964844,16658
2026-01-01 04:27:00+00:00,424.6000061035156,424.8999938964844,424.29998779296875,424.70001220703125,15927
2026-01-01 04:28:00+00:00,424.5,424.79998779296875,424.25,424.6000061035156,12744
2026-01-01 04:29:00+00:00,424.79998779296875,424.79998779296875,424.20001220703125,424.5,18491
2026-01-01 04:30:00+00:00,425.0,425.5,424.3999938964844,424.6000061035156,53160
2026-01-01 04:31:00+00:00,424.6000061035156,425.0,424.6000061035156,425.0,41830
2026-01-01 04:32:00+00:00,424.1000061035156,424.5,424.1000061035156,424.5,11836
2026-01-01 04:33:00+00:00,423.29998779296875,424.20001220703125,423.1499938964844,424.20001220703125,94018
2026-01-01 04:34:00+00:00,423.75,423.75,423.20001220703125,423.25,11441
2026-01-01 04:35:00+00:00,423.70001220703125,424.0,423.3500061035156,423.75,13593
2026-01-01 04:36:00+00:00,424.0,424.0,423.70001220703125,423.95001220703125,6371
2026-01-01 04:37:00+00:00,424.45001220703125,424.5,423.8500061035156,423.95001220703125,10312
2026-01-01 04:38:00+00:00,424.3999938964844,424.75,424.0,424.3999938964844,9841
2026-01-01 04:39:00+00:00,423.8999938964844,424.5,423.75,424.3999938964844,8111
2026-01-01 04:40:00+00:00,424.0,424.0,423.70001220703125,423.8999938964844,11199
2026-01-01 04:41:00+00:00,424.5,424.6499938964844,424.0,424.0,16917
2026-01-01 04:42:00+00:00,423.3500061035156,424.70001220703125,423.1000061035156,424.6000061035156,47626
2026-01-01 04:43:00+00:00,423.8999938964844,424.0,423.3500061035156,423.3500061035156,15900
2026-01-01 04:44:00+00:00,424.1000061035156,424.20001220703125,423.8999938964844,424.0,7870
2026-01-01 04:45:00+00:00,423.6000061035156,424.20001220703125,423.6000061035156,424.1499938964844,34824
2026-01-01 04:46:00+00:00,423.75,423.95001220703125,423.5,423.8500061035156,5063
2026-01-01 04:47:00+00:00,424.3500061035156,424.3999938964844,423.6000061035156,423.6000061035156,21504
2026-01-01 04:48:00+00:00,423.8999938964844,424.45001220703125,423.29998779296875,424.3500061035156,18120
2026-01-01 04:49:00+00:00,423.70001220703125,423.95001220703125,423.45001220703125,423.95001220703125,4065
2026-01-01 04:50:00+00:00,423.70001220703125,423.79998779296875,423.45001220703125,423.6499938964844,7507
2026-01-01 04:51:00+00:00,422.79998779296875,423.75,422.79998779296875,423.70001220703125,21028
2026-01-01 04:52:00+00:00,421.5,423.0,421.5,423.0,35230
2026-01-01 04:53:00+00:00,421.8999938964844,422.25,421.5,421.70001220703125,17948
2026-01-01 04:54:00+00:00,422.75,422.75,421.70001220703125,421.95001220703125,16366
2026-01-01 04:55:00+00:00,423.20001220703125,423.5,422.45001220703125,422.79998779296875,18730
2026-01-01 04:56:00+00:00,423.20001220703125,423.3999938964844,423.0,423.3999938964844,13783
2026-01-01 04:57:00+00:00,423.0,423.3999938964844,423.0,423.20001220703125,7228
2026-01-01 04:58:00+00:00,422.79998779296875,423.1499938964844,422.5,423.1000061035156,17630
2026-01-01 04:59:00+00:00,422.29998779296875,422.95001220703125,422.29998779296875,422.79998779296875,9127
2026-01-01 05:00:00+00:00,421.5,422.29998779296875,421.25,422.1499938964844,43356
2026-01-01 05:01:00+00:00,421.79998779296875,422.0,421.5,421.75,12635
2026-01-01 05:02:00+00:00,422.20001220703125,422.20001220703125,421.79998779296875,421.79998779296875,6397
2026-01-01 05:03:00+00:00,422.29998779296875,422.45001220703125,422.0,422.25,9549
2026-01-01 05:04:00+00:00,422.0,422.45001220703125,422.0,422.1499938964844,6313
2026-01-01 05:05:00+00:00,422.3999938964844,422.45001220703125,422.0,422.20001220703125,8285
2026-01-01 05:06:00+00:00,421.70001220703125,422.45001220703125,421.6000061035156,422.45001220703125,15306
2026-01-01 05:07:00+00:00,422.1499938964844,422.29998779296875,421.70001220703125,421.70001220703125,10737
2026-01-01 05:08:00+00:00,422.3999938964844,422.45001220703125,422.1499938964844,422.25,4212
2026-01-01 05:09:00+00:00,422.3999938964844,422.70001220703125,422.25,422.45001220703125,6229
2026-01-01 05:10:00+00:00,422.3500061035156,422.54998779296875,422.1000061035156,422.29998779296875,4089
2026-01-01 05:11:00+00:00,422.45001220703125,422.5,422.20001220703125,422.45001220703125,3839
2026-01-01 05:12:00+00:00,422.3500061035156,422.45001220703125,422.20001220703125,422.3500061035156,5295
2026-01-01 05:13:00+00:00,422.29998779296875,422.3500061035156,422.1000061035156,422.3500061035156,5412
2026-01-01 05:14:00+00:00,422.29998779296875,422.45001220703125,422.25,422.3999938964844,5393
2026-01-01 05:15:00+00:00,422.5,422.5,422.25,422.29998779296875,3809
2026-01-01 05:16:00+00:00,422.6000061035156,422.6000061035156,422.25,422.5,6081
2026-01-01 05:17:00+00:00,422.5,422.5,422.45001220703125,422.5,6997
2026-01-01 05:18:00+00:00,422.5,422.5,422.45001220703125,422.45001220703125,4704
2026-01-01 05:19:00+00:00,422.3999938964844,422.54998779296875,422.25,422.45001220703125,11265
2026-01-01 05:20:00+00:00,422.5,422.5,422.20001220703125,422.3999938964844,5827
2026-01-01 05:21:00+00:00,422.5,422.54998779296875,422.20001220703125,422.5,13962
2026-01-01 05:22:00+00:00,422.6000061035156,422.6000061035156,422.5,422.5,6152
2026-01-01 05:23:00+00:00,422.54998779296875,422.54998779296875,422.3999938964844,422.54998779296875,4870
2026-01-01 05:24:00+00:00,422.6499938964844,422.6499938964844,422.5,422.6000061035156,5467
2026-01-01 05:25:00+00:00,422.8500061035156,422.8500061035156,422.6000061035156,422.6000061035156,9009
2026-01-01 05:26:00+00:00,422.79998779296875,422.8999938964844,422.79998779296875,422.8500061035156,6412
2026-01-01 05:27:00+00:00,422.8999938964844,423.0,422.79998779296875,422.8999938964844,14650
2026-01-01 05:28:00+00:00,422.70001220703125,423.0,422.70001220703125,422.8500061035156,11518
2026-01-01 05:29:00+00:00,422.95001220703125,422.95001220703125,422.75,422.8999938964844,4158
2026-01-01 05:30:00+00:00,422.8500061035156,422.95001220703125,422.70001220703125,422.95001220703125,9468
2026-01-01 05:31:00+00:00,422.75,422.8500061035156,422.5,422.8500061035156,8938
2026-01-01 05:32:00+00:00,422.79998779296875,422.8500061035156,422.54998779296875,422.75,5288
2026-01-01 05:33:00+00:00,422.79998779296875,422.8999938964844,422.6000061035156,422.79998779296875,4571
2026-01-01 05:34:00+00:00,422.8500061035156,422.95001220703125,422.79998779296875,422.8500061035156,7764
2026-01-01 05:35:00+00:00,423.1000061035156,423.1000061035156,422.70001220703125,422.8999938964844,13375
2026-01-01 05:36:00+00:00,422.75,423.20001220703125,422.54998779296875,423.0,8043
2026-01-01 05:37:00+00:00,422.8500061035156,422.8500061035156,422.54998779296875,422.6000061035156,4472
2026-01-01 05:38:00+00:00,422.3999938964844,422.79998779296875,422.25,422.79998779296875,26541
2026-01-01 05:39:00+00:00,422.1000061035156,422.45001220703125,422.0,422.25,24173
2026-01-01 05:40:00+00:00,422.29998779296875,422.3999938964844,422.0,422.1000061035156,8064
2026-01-01 05:41:00+00:00,422.45001220703125,422.45001220703125,422.20001220703125,422.29998779296875,5450
2026-01-01 05:42:00+00:00,422.75,422.75,422.29998779296875,422.5,6591
2026-01-01 05:43:00+00:00,422.6000061035156,422.75,422.3999938964844,422.6499938964844,6384
2026-01-01 05:44:00+00:00,421.8999938964844,422.6000061035156,421.79998779296875,422.3999938964844,22774
2026-01-01 05:45:00+00:00,422.25,422.3500061035156,421.8999938964844,421.8999938964844,3391
2026-01-01 05:46:00+00:00,422.95001220703125,423.0,422.1000061035156,422.25,21834
2026-01-01 05:47:00+00:00,423.04998779296875,423.04998779296875,422.6499938964844,422.95001220703125,5218
2026-01-01 05:48:00+00:00,422.75,423.1499938964844,422.54998779296875,423.1499938964844,8295
2026-01-01 05:49:00+00:00,422.79998779296875,422.8999938964844,422.5,422.75,4498
2026-01-01 05:50:00+00:00,422.8500061035156,423.0,422.54998779296875,422.79998779296875,8291
2026-01-01 05:51:00+00:00,422.8500061035156,422.95001220703125,422.70001220703125,422.79998779296875,4033
2026-01-01 05:52:00+00:00,423.04998779296875,423.04998779296875,422.79998779296875,422.79998779296875,10042
2026-01-01 05:53:00+00:00,424.0,424.04998779296875,423.04998779296875,423.04998779296875,62800
2026-01-01 05:54:00+00:00,424.0,424.20001220703125,423.8500061035156,424.20001220703125,54826
2026-01-01 05:55:00+00:00,424.0,424.29998779296875,423.8500061035156,424.0,51872
2026-01-01 05:56:00+00:00,424.1499938964844,424.20001220703125,423.75,424.0,38547
2026-01-01 05:57:00+00:00,425.0,425.1499938964844,424.20001220703125,424.20001220703125,130691
2026-01-01 05:58:00+00:00,424.8500061035156,425.0,424.70001220703125,424.8500061035156,9546
2026-01-01 05:59:00+00:00,425.25,425.45001220703125,424.54998779296875,424.79998779296875,56827
2026-01-01 06:00:00+00:00,424.95001220703125,425.29998779296875,424.8500061035156,425.0,18315
2026-01-01 06:01:00+00:00,425.0,425.0,424.79998779296875,425.0,17605
2026-01-01 06:02:00+00:00,424.95001220703125,425.1000061035156,424.6000061035156,425.0,23817
2026-01-01 06:03:00+00:00,425.0,425.0,424.79998779296875,424.79998779296875,19882
2026-01-01 06:04:00+00:00,424.8500061035156,425.0,424.8500061035156,424.95001220703125,16393
2026-01-01 06:05:00+00:00,425.79998779296875,425.8500061035156,424.8500061035156,424.8500061035156,76038
2026-01-01 06:06:00+00:00,426.3999938964844,426.75,425.75,425.79998779296875,112553
2026-01-01 06:07:00+00:00,426.1499938964844,426.3999938964844,426.0,426.29998779296875,13552
2026-01-01 06:08:00+00:00,426.3999938964844,426.5,426.1000061035156,426.29998779296875,17470
2026-01-01 06:09:00+00:00,426.6000061035156,426.79998779296875,426.20001220703125,426.45001220703125,20996
2026-01-01 06:10:00+00:00,426.8500061035156,427.0,426.6000061035156,426.79998779296875,20199
2026-01-01 06:11:00+00:00,426.75,426.8999938964844,426.5,426.8500061035156,16712
2026-01-01 06:12:00+00:00,426.54998779296875,426.75,426.5,426.75,12526
2026-01-01 06:13:00+00:00,426.3999938964844,426.6000061035156,426.3999938964844,426.5,17343
2026-01-01 06:14:00+00:00,425.8500061035156,426.29998779296875,425.54998779296875,426.0,35484
2026-01-01 06:15:00+00:00,425.3500061035156,426.0,425.20001220703125,425.70001220703125,39484
2026-01-01 06:16:00+00:00,425.75,425.75,425.1000061035156,425.3500061035156,13604
2026-01-01 06:17:00+00:00,425.70001220703125,425.79998779296875,425.5,425.6000061035156,6906
2026-01-01 06:18:00+00:00,425.75,425.79998779296875,425.45001220703125,425.70001220703125,7848
2026-01-01 06:19:00+00:00,425.8999938964844,425.95001220703125,425.70001220703125,425.79998779296875,6737
2026-01-01 06:20:00+00:00,425.8500061035156,425.95001220703125,425.75,425.95001220703125,9151
2026-01-01 06:21:00+00:00,425.8999938964844,426.0,425.75,425.8999938964844,7780
2026-01-01 06:22:00+00:00,426.0,426.0,425.8500061035156,425.8500061035156,8239
2026-01-01 06:23:00+00:00,426.0,426.0,425.75,425.95001220703125,11122
2026-01-01 06:24:00+00:00,426.1000061035156,426.5,425.8999938964844,425.8999938964844,28190
2026-01-01 06:25:00+00:00,426.6000061035156,426.6000061035156,426.1499938964844,426.1499938964844,12320
2026-01-01 06:26:00+00:00,426.3500061035156,426.5,426.20001220703125,426.29998779296875,6678
2026-01-01 06:27:00+00:00,426.45001220703125,426.5,426.25,426.45001220703125,9280
2026-01-01 06:28:00+00:00,426.54998779296875,426.54998779296875,426.3999938964844,426.3999938964844,8303
2026-01-01 06:29:00+00:00,426.5,426.54998779296875,426.25,426.54998779296875,10011
2026-01-01 06:30:00+00:00,426.3999938964844,426.5,426.1499938964844,426.1499938964844,8409
2026-01-01 06:31:00+00:00,426.6000061035156,426.6000061035156,426.3999938964844,426.5,13325
2026-01-01 06:32:00+00:00,426.70001220703125,426.8999938964844,426.54998779296875,426.6000061035156,35684
2026-01-01 06:33:00+00:00,426.79998779296875,427.0,426.70001220703125,426.8999938964844,12738
2026-01-01 06:34:00+00:00,426.70001220703125,426.95001220703125,426.54998779296875,426.75,10771
2026-01-01 06:35:00+00:00,426.79998779296875,426.95001220703125,426.5,426.70001220703125,16186
2026-01-01 06:36:00+00:00,426.6499938964844,426.8999938964844,426.6499938964844,426.79998779296875,16252
2026-01-01 06:37:00+00:00,426.5,426.79998779296875,426.20001220703125,426.79998779296875,10972
2026-01-01 06:38:00+00:00,426.45001220703125,426.79998779296875,426.45001220703125,426.5,9682
2026-01-01 06:39:00+00:00,426.75,426.79998779296875,426.29998779296875,426.6000061035156,11111
2026-01-01 06:40:00+00:00,426.79998779296875,426.8500061035156,426.6000061035156,426.79998779296875,10296
2026-01-01 06:41:00+00:00,426.70001220703125,426.79998779296875,426.6000061035156,426.79998779296875,8117
2026-01-01 06:42:00+00:00,426.75,426.79998779296875,426.70001220703125,426.70001220703125,8168
2026-01-01 06:43:00+00:00,426.70001220703125,426.75,426.3500061035156,426.6000061035156,16901
2026-01-01 06:44:00+00:00,426.75,426.79998779296875,426.6000061035156,426.6000061035156,9208
2026-01-01 06:45:00+00:00,426.70001220703125,426.8500061035156,426.70001220703125,426.79998779296875,11869
2026-01-01 06:46:00+00:00,426.8500061035156,426.8999938964844,426.6499938964844,426.75,14733
2026-01-01 06:47:00+00:00,426.70001220703125,426.8500061035156,426.6000061035156,426.8500061035156,6870
2026-01-01 06:48:00+00:00,426.79998779296875,426.8999938964844,426.5,426.75,32949
2026-01-01 06:49:00+00:00,426.95001220703125,427.0,426.6000061035156,426.79998779296875,10982
2026-01-01 06:50:00+00:00,426.8999938964844,427.0,426.6499938964844,427.0,11937
2026-01-01 06:51:00+00:00,427.79998779296875,427.8999938964844,426.8500061035156,426.8500061035156,98754
2026-01-01 06:52:00+00:00,427.1000061035156,428.0,427.1000061035156,427.8500061035156,31817
2026-01-01 06:53:00+00:00,427.54998779296875,427.6000061035156,426.70001220703125,427.0,23776
2026-01-01 06:54:00+00:00,427.54998779296875,427.75,427.29998779296875,427.29998779296875,11609
2026-01-01 06:55:00+00:00,427.45001220703125,428.0,427.45001220703125,427.6000061035156,25988
2026-01-01 06:56:00+00:00,427.8500061035156,427.95001220703125,427.25,427.3999938964844,9929
2026-01-01 06:57:00+00:00,427.70001220703125,428.0,427.70001220703125,427.8999938964844,21018
2026-01-01 06:58:00+00:00,427.8500061035156,427.95001220703125,427.45001220703125,427.8500061035156,21498
2026-01-01 06:59:00+00:00,428.0,428.0,427.79998779296875,427.8999938964844,89880
2026-01-01 07:00:00+00:00,427.54998779296875,428.0,427.5,427.95001220703125,36774
2026-01-01 07:01:00+00:00,427.5,427.6499938964844,427.3999938964844,427.54998779296875,7484
2026-01-01 07:02:00+00:00,427.95001220703125,428.0,427.5,427.5,17813
2026-01-01 07:03:00+00:00,428.5,428.6499938964844,428.29998779296875,428.3999938964844,146170
2026-01-01 07:04:00+00:00,428.5,428.5,428.20001220703125,428.5,21103
2026-01-01 07:05:00+00:00,428.25,428.5,428.1499938964844,428.5,16030
2026-01-01 07:06:00+00:00,428.95001220703125,428.95001220703125,428.25,428.25,15675
2026-01-01 07:07:00+00:00,428.3999938964844,429.3500061035156,428.25,428.95001220703125,72315
2026-01-01 07:08:00+00:00,428.54998779296875,428.8500061035156,428.3999938964844,428.45001220703125,28417
2026-01-01 07:09:00+00:00,428.5,428.6000061035156,428.3999938964844,428.6000061035156,14326
2026-01-01 07:10:00+00:00,428.1000061035156,428.6000061035156,428.04998779296875,428.45001220703125,17026
2026-01-01 07:11:00+00:00,428.45001220703125,428.5,428.04998779296875,428.3999938964844,10726
2026-01-01 07:12:00+00:00,428.3999938964844,428.5,428.25,428.45001220703125,15234
2026-01-01 07:13:00+00:00,427.70001220703125,428.3999938964844,427.45001220703125,428.20001220703125,28758
2026-01-01 07:14:00+00:00,427.6499938964844,427.70001220703125,427.25,427.5,17854
2026-01-01 07:15:00+00:00,427.95001220703125,428.0,427.5,427.70001220703125,12322
2026-01-01 07:16:00+00:00,427.70001220703125,428.0,427.70001220703125,428.0,11212
2026-01-01 07:17:00+00:00,428.0,428.0,427.8500061035156,427.95001220703125,7248
2026-01-01 07:18:00+00:00,427.95001220703125,428.0,427.8999938964844,428.0,9676
2026-01-01 07:19:00+00:00,427.8500061035156,427.8999938964844,427.79998779296875,427.79998779296875,10787
2026-01-01 07:20:00+00:00,427.79998779296875,427.8500061035156,427.6000061035156,427.79998779296875,80299
2026-01-01 07:21:00+00:00,428.8500061035156,428.8500061035156,427.8500061035156,427.8999938964844,97556
2026-01-01 07:22:00+00:00,429.79998779296875,430.0,428.6499938964844,428.6499938964844,142635
2026-01-01 07:23:00+00:00,429.6499938964844,430.0,429.29998779296875,429.79998779296875,116638
2026-01-01 07:24:00+00:00,429.45001220703125,429.75,429.45001220703125,429.54998779296875,15359
2026-01-01 07:25:00+00:00,429.29998779296875,429.45001220703125,429.0,429.25,23189
2026-01-01 07:26:00+00:00,429.29998779296875,429.29998779296875,429.04998779296875,429.29998779296875,14379
2026-01-01 07:27:00+00:00,429.3500061035156,429.3999938964844,429.1000061035156,429.20001220703125,16681
2026-01-01 07:28:00+00:00,428.70001220703125,429.5,428.6000061035156,429.3999938964844,74656
2026-01-01 07:29:00+00:00,427.70001220703125,428.8999938964844,426.54998779296875,428.6000061035156,350213
2026-01-01 07:30:00+00:00,427.79998779296875,428.1499938964844,427.6499938964844,427.75,18852
2026-01-01 07:31:00+00:00,426.79998779296875,427.8999938964844,426.79998779296875,427.8999938964844,28046
2026-01-01 07:32:00+00:00,425.8500061035156,427.04998779296875,425.8500061035156,427.0,84766
2026-01-01 07:33:00+00:00,426.0,426.0,424.8500061035156,425.45001220703125,95605
2026-01-01 07:34:00+00:00,425.95001220703125,426.0,425.54998779296875,426.0,62129
2026-01-01 07:35:00+00:00,425.8999938964844,426.0,425.8999938964844,425.8999938964844,12074
2026-01-01 07:36:00+00:00,426.3500061035156,426.3999938964844,425.8500061035156,425.8999938964844,17095
2026-01-01 07:37:00+00:00,426.25,426.6499938964844,426.25,426.3999938964844,15050
2026-01-01 07:38:00+00:00,426.6499938964844,427.25,426.1000061035156,426.20001220703125,24300
2026-01-01 07:39:00+00:00,427.0,427.1499938964844,426.6000061035156,426.6000061035156,21554
2026-01-01 07:40:00+00:00,427.0,427.1000061035156,426.79998779296875,427.0,17011
2026-01-01 07:41:00+00:00,426.3999938964844,427.0,426.1000061035156,427.0,24535
2026-01-01 07:42:00+00:00,427.0,427.29998779296875,426.54998779296875,426.70001220703125,20423
2026-01-01 07:43:00+00:00,426.8500061035156,427.0,426.70001220703125,426.8999938964844,10853
2026-01-01 07:44:00+00:00,426.95001220703125,427.0,426.8500061035156,426.8999938964844,11026
2026-01-01 07:45:00+00:00,426.95001220703125,427.0,426.8999938964844,427.0,21460
2026-01-01 07:46:00+00:00,426.79998779296875,427.0,426.70001220703125,426.8999938964844,12177
2026-01-01 07:47:00+00:00,426.95001220703125,427.0,426.6000061035156,426.95001220703125,7922
2026-01-01 07:48:00+00:00,426.79998779296875,427.0,426.79998779296875,426.95001220703125,10742
2026-01-01 07:49:00+00:00,426.8999938964844,427.0,426.5,427.0,8336
2026-01-01 07:50:00+00:00,426.20001220703125,426.8999938964844,426.04998779296875,426.8999938964844,35205
2026-01-01 07:51:00+00:00,425.95001220703125,426.29998779296875,425.8999938964844,426.20001220703125,18992
2026-01-01 07:52:00+00:00,426.25,426.6000061035156,425.8999938964844,426.20001220703125,20400
2026-01-01 07:53:00+00:00,426.3500061035156,426.79998779296875,426.1499938964844,426.25,10192
2026-01-01 07:54:00+00:00,426.04998779296875,426.5,426.04998779296875,426.45001220703125,10802
2026-01-01 07:55:00+00:00,426.20001220703125,426.3999938964844,425.8999938964844,426.04998779296875,11202
2026-01-01 07:56:00+00:00,426.1000061035156,426.3999938964844,425.95001220703125,426.25,10398
2026-01-01 07:57:00+00:00,426.04998779296875,426.3999938964844,425.8500061035156,426.04998779296875,11592
2026-01-01 07:58:00+00:00,425.8999938964844,426.20001220703125,425.70001220703125,426.04998779296875,12956
2026-01-01 07:59:00+00:00,425.54998779296875,425.8999938964844,425.54998779296875,425.8999938964844,13689
2026-01-01 08:00:00+00:00,425.3500061035156,425.8500061035156,425.20001220703125,425.79998779296875,26077
2026-01-01 08:01:00+00:00,424.75,425.3999938964844,424.5,425.3500061035156,52664
2026-01-01 08:02:00+00:00,424.8999938964844,425.04998779296875,424.75,424.75,20646
2026-01-01 08:03:00+00:00,425.0,425.0,424.8999938964844,425.0,9771
2026-01-01 08:04:00+00:00,425.1000061035156,425.1000061035156,424.8999938964844,425.0,37230
2026-01-01 08:05:00+00:00,425.04998779296875,425.20001220703125,424.6000061035156,425.1000061035156,23812
2026-01-01 08:06:00+00:00,425.0,425.20001220703125,424.79998779296875,425.0,9038
2026-01-01 08:07:00+00:00,425.6000061035156,425.8500061035156,425.0,425.1000061035156,51306
2026-01-01 08:08:00+00:00,424.8999938964844,425.8500061035156,424.6000061035156,425.8500061035156,42706
2026-01-01 08:09:00+00:00,425.0,425.1499938964844,424.75,424.95001220703125,21126
2026-01-01 08:10:00+00:00,425.1499938964844,425.1499938964844,424.75,425.0,16471
2026-01-01 08:11:00+00:00,425.45001220703125,425.6499938964844,424.79998779296875,425.1499938964844,8630
2026-01-01 08:12:00+00:00,425.29998779296875,425.70001220703125,425.1499938964844,425.5,12448
2026-01-01 08:13:00+00:00,425.20001220703125,425.70001220703125,425.20001220703125,425.45001220703125,13132
2026-01-01 08:14:00+00:00,425.1000061035156,425.6000061035156,425.1000061035156,425.3999938964844,11548
2026-01-01 08:15:00+00:00,424.8999938964844,425.3500061035156,424.8999938964844,425.04998779296875,17246
2026-01-01 08:16:00+00:00,425.0,425.25,424.8999938964844,425.25,10646
2026-01-01 08:17:00+00:00,425.20001220703125,425.3500061035156,425.0,425.04998779296875,11303
2026-01-01 08:18:00+00:00,425.3999938964844,425.5,425.1000061035156,425.1000061035156,9675
2026-01-01 08:19:00+00:00,425.04998779296875,425.45001220703125,425.0,425.45001220703125,14287
2026-01-01 08:20:00+00:00,425.1000061035156,425.5,425.1000061035156,425.3999938964844,8295
2026-01-01 08:21:00+00:00,425.04998779296875,425.45001220703125,425.0,425.3500061035156,18720
2026-01-01 08:22:00+00:00,425.1000061035156,425.6000061035156,425.0,425.20001220703125,22987
2026-01-01 08:23:00+00:00,425.3500061035156,425.45001220703125,425.0,425.0,10777
2026-01-01 08:24:00+00:00,425.3500061035156,425.3999938964844,425.0,425.3500061035156,20651
2026-01-01 08:25:00+00:00,425.3999938964844,425.3999938964844,425.1499938964844,425.1499938964844,9286
2026-01-01 08:26:00+00:00,426.20001220703125,426.3999938964844,425.3999938964844,425.3999938964844,33791
2026-01-01 08:27:00+00:00,426.6000061035156,426.79998779296875,426.20001220703125,426.29998779296875,17111
2026-01-01 08:28:00+00:00,426.5,426.70001220703125,426.1000061035156,426.70001220703125,13028
2026-01-01 08:29:00+00:00,426.54998779296875,426.6000061035156,426.3999938964844,426.3999938964844,12471
2026-01-01 08:30:00+00:00,426.3999938964844,426.6000061035156,426.29998779296875,426.54998779296875,9401
2026-01-01 08:31:00+00:00,426.6000061035156,426.70001220703125,426.3999938964844,426.5,20398
2026-01-01 08:32:00+00:00,426.3999938964844,426.75,426.3999938964844,426.6499938964844,11259
2026-01-01 08:33:00+00:00,426.25,426.6499938964844,426.20001220703125,426.54998779296875,9762
2026-01-01 08:34:00+00:00,426.54998779296875,426.75,426.29998779296875,426.29998779296875,7934
2026-01-01 08:35:00+00:00,426.1000061035156,426.75,426.1000061035156,426.70001220703125,12117
2026-01-01 08:36:00+00:00,426.6499938964844,426.70001220703125,426.04998779296875,426.04998779296875,8956
2026-01-01 08:37:00+00:00,426.3999938964844,426.45001220703125,426.1000061035156,426.45001220703125,10911
2026-01-01 08:38:00+00:00,426.54998779296875,426.6499938964844,426.1499938964844,426.6000061035156,8392
2026-01-01 08:39:00+00:00,426.3999938964844,426.6499938964844,426.1499938964844,426.45001220703125,10497
2026-01-01 08:40:00+00:00,426.3999938964844,426.6499938964844,426.20001220703125,426.29998779296875,9885
2026-01-01 08:41:00+00:00,426.6000061035156,426.70001220703125,426.1499938964844,426.45001220703125,10426
2026-01-01 08:42:00+00:00,426.3500061035156,426.70001220703125,426.3500061035156,426.3500061035156,10509
2026-01-01 08:43:00+00:00,426.5,426.6000061035156,426.1499938964844,426.54998779296875,8793
2026-01-01 08:44:00+00:00,426.3500061035156,426.54998779296875,426.1499938964844,426.3500061035156,10709
2026-01-01 08:45:00+00:00,425.8999938964844,426.54998779296875,425.6000061035156,426.29998779296875,23455
2026-01-01 08:46:00+00:00,425.95001220703125,426.04998779296875,425.3999938964844,425.8500061035156,16622
2026-01-01 08:47:00+00:00,425.8999938964844,426.0,425.54998779296875,425.95001220703125,24940
2026-01-01 08:48:00+00:00,425.75,425.95001220703125,425.54998779296875,425.79998779296875,8678
2026-01-01 08:49:00+00:00,426.0,426.0,425.6499938964844,425.75,11567
2026-01-01 08:50:00+00:00,426.0,426.04998779296875,425.75,425.79998779296875,10308
2026-01-01 08:51:00+00:00,425.5,426.0,425.25,425.8500061035156,13419
2026-01-01 08:52:00+00:00,425.54998779296875,425.95001220703125,425.3500061035156,425.5,10147
2026-01-01 08:53:00+00:00,425.54998779296875,425.95001220703125,425.3999938964844,425.3999938964844,10859
2026-01-01 08:54:00+00:00,426.04998779296875,426.1499938964844,425.54998779296875,425.54998779296875,15464
2026-01-01 08:55:00+00:00,425.95001220703125,426.29998779296875,425.79998779296875,426.0,13437
2026-01-01 08:56:00+00:00,425.75,426.1000061035156,425.70001220703125,425.95001220703125,22017
2026-01-01 08:57:00+00:00,425.79998779296875,426.0,425.75,425.75,10140
2026-01-01 08:58:00+00:00,425.0,425.95001220703125,424.70001220703125,425.75,96847
2026-01-01 08:59:00+00:00,424.3999938964844,425.04998779296875,424.25,424.79998779296875,49362
2026-01-01 09:00:00+00:00,424.70001220703125,424.8500061035156,423.25,424.1000061035156,162339
2026-01-01 09:01:00+00:00,426.5,426.8500061035156,424.8500061035156,424.8500061035156,97208
2026-01-01 09:02:00+00:00,426.6000061035156,426.95001220703125,426.25,426.5,43782
2026-01-01 09:03:00+00:00,426.20001220703125,427.75,426.20001220703125,426.79998779296875,156677
2026-01-01 09:04:00+00:00,426.79998779296875,426.8999938964844,426.1499938964844,426.20001220703125,25168
2026-01-01 09:05:00+00:00,426.8500061035156,427.20001220703125,426.6499938964844,426.79998779296875,54877
2026-01-01 09:06:00+00:00,426.25,427.29998779296875,426.1000061035156,427.04998779296875,36876
2026-01-01 09:07:00+00:00,425.6499938964844,426.25,425.45001220703125,426.0,22488
2026-01-01 09:08:00+00:00,425.70001220703125,425.79998779296875,425.29998779296875,425.6499938964844,17969
2026-01-01 09:09:00+00:00,426.04998779296875,426.20001220703125,425.54998779296875,425.6499938964844,19901
2026-01-01 09:10:00+00:00,425.95001220703125,426.25,425.70001220703125,426.1499938964844,14699
2026-01-01 09:11:00+00:00,425.95001220703125,426.0,425.79998779296875,425.79998779296875,19588
2026-01-01 09:12:00+00:00,426.8999938964844,426.8999938964844,425.8999938964844,425.95001220703125,21696
2026-01-01 09:13:00+00:00,426.45001220703125,426.8999938964844,426.1000061035156,426.6499938964844,53440
2026-01-01 09:14:00+00:00,426.5,427.1499938964844,426.29998779296875,426.70001220703125,46938
2026-01-01 09:15:00+00:00,425.79998779296875,426.70001220703125,425.79998779296875,426.6499938964844,28893
2026-01-01 09:16:00+00:00,425.6000061035156,426.0,425.3500061035156,425.79998779296875,31921
2026-01-01 09:17:00+00:00,425.8500061035156,426.0,425.6000061035156,425.75,13060
2026-01-01 09:18:00+00:00,425.8999938964844,426.04998779296875,425.75,425.95001220703125,15905
2026-01-01 09:19:00+00:00,426.25,426.29998779296875,425.8500061035156,425.8999938964844,16846
2026-01-01 09:20:00+00:00,426.6499938964844,426.70001220703125,426.04998779296875,426.04998779296875,16931
2026-01-01 09:21:00+00:00,426.6499938964844,426.70001220703125,426.54998779296875,426.6000061035156,26529
2026-01-01 09:22:00+00:00,426.8500061035156,426.8500061035156,426.5,426.70001220703125,23901
2026-01-01 09:23:00+00:00,426.95001220703125,427.0,426.70001220703125,426.8500061035156,24880
2026-01-01 09:24:00+00:00,426.95001220703125,427.0,426.8999938964844,427.0,29969
2026-01-01 09:25:00+00:00,427.0,427.0,426.79998779296875,426.95001220703125,21896
2026-01-01 09:26:00+00:00,426.95001220703125,427.0,426.75,426.95001220703125,21929
2026-01-01 09:27:00+00:00,426.75,427.0,426.75,426.8999938964844,21832
2026-01-01 09:28:00+00:00,427.0,427.0,426.8999938964844,426.8999938964844,48090
2026-01-01 09:29:00+00:00,427.5,427.5,427.20001220703125,427.20001220703125,41200
2026-01-01 09:30:00+00:00,428.5,428.5,427.45001220703125,427.5,69039
2026-01-01 09:31:00+00:00,428.5,428.70001220703125,428.3500061035156,428.5,32583
2026-01-01 09:32:00+00:00,428.0,428.6000061035156,427.8999938964844,428.6000061035156,28631
2026-01-01 09:33:00+00:00,428.25,428.29998779296875,427.70001220703125,428.04998779296875,19270
2026-01-01 09:34:00+00:00,428.25,428.29998779296875,428.04998779296875,428.29998779296875,26132
2026-01-01 09:35:00+00:00,428.5,428.70001220703125,428.25,428.25,44043
2026-01-01 09:36:00+00:00,428.5,428.8999938964844,428.29998779296875,428.8999938964844,52901
2026-01-01 09:37:00+00:00,428.25,428.54998779296875,428.25,428.5,36911
2026-01-01 09:38:00+00:00,428.29998779296875,428.3500061035156,428.0,428.25,29692
2026-01-01 09:39:00+00:00,428.45001220703125,428.5,428.29998779296875,428.29998779296875,34567
2026-01-01 09:40:00+00:00,428.5,428.54998779296875,428.25,428.25,36439
2026-01-01 09:41:00+00:00,428.70001220703125,428.70001220703125,428.5,428.5,19254
2026-01-01 09:42:00+00:00,428.20001220703125,428.79998779296875,428.1499938964844,428.75,34503
2026-01-01 09:43:00+00:00,428.25,428.5,428.20001220703125,428.20001220703125,11160
2026-01-01 09:44:00+00:00,428.5,428.6000061035156,428.25,428.25,24246
2026-01-01 09:45:00+00:00,428.75,428.75,428.5,428.5,48634
2026-01-01 09:46:00+00:00,428.3500061035156,428.6499938964844,428.3500061035156,428.45001220703125,38963
2026-01-01 09:47:00+00:00,428.25,428.45001220703125,428.04998779296875,428.3500061035156,24784
2026-01-01 09:48:00+00:00,428.04998779296875,428.3999938964844,428.0,428.1000061035156,49256
2026-01-01 09:49:00+00:00,427.3999938964844,428.25,427.25,428.04998779296875,45078
2026-01-01 09:50:00+00:00,427.45001220703125,427.5,427.04998779296875,427.1499938964844,61074
2026-01-01 09:51:00+00:00,427.3500061035156,427.70001220703125,427.20001220703125,427.45001220703125,45335
2026-01-01 09:52:00+00:00,428.0,428.29998779296875,427.3500061035156,427.3500061035156,57497
2026-01-01 09:53:00+00:00,427.8500061035156,428.04998779296875,427.8500061035156,428.04998779296875,34523
2026-01-01 09:54:00+00:00,426.0,427.95001220703125,426.0,427.75,123260
2026-01-01 09:55:00+00:00,426.0,426.3500061035156,425.79998779296875,426.1499938964844,43565
2026-01-01 09:56:00+00:00,426.70001220703125,426.70001220703125,426.0,426.0,31540
2026-01-01 09:57:00+00:00,427.45001220703125,427.45001220703125,426.5,426.70001220703125,58978
2026-01-01 09:58:00+00:00,427.20001220703125,427.29998779296875,427.0,427.20001220703125,17461
2026-01-01 09:59:00+00:00,425.20001220703125,427.25,425.1000061035156,427.25,45982
2026-01-02 03:45:00+00:00,440.3999938964844,443.1000061035156,433.1000061035156,433.1000061035156,0
2026-01-02 03:46:00+00:00,439.20001220703125,440.25,436.8500061035156,440.25,247648
2026-01-02 03:47:00+00:00,440.54998779296875,441.3500061035156,437.5,439.20001220703125,153394
2026-01-02 03:48:00+00:00,437.20001220703125,441.70001220703125,436.95001220703125,440.5,201347
2026-01-02 03:49:00+00:00,437.6499938964844,437.8999938964844,435.8999938964844,437.45001220703125,143509
2026-01-02 03:50:00+00:00,438.8500061035156,439.0,436.8500061035156,437.75,113710
2026-01-02 03:51:00+00:00,436.79998779296875,439.45001220703125,436.79998779296875,438.8500061035156,119690
2026-01-02 03:52:00+00:00,437.04998779296875,437.45001220703125,436.5,437.0,53366
2026-01-02 03:53:00+00:00,436.20001220703125,437.04998779296875,436.1499938964844,437.0,57821
2026-01-02 03:54:00+00:00,435.5,436.45001220703125,435.20001220703125,436.20001220703125,69347
2026-01-02 03:55:00+00:00,434.8999938964844,435.6000061035156,434.29998779296875,435.5,109160
2026-01-02 03:56:00+00:00,434.45001220703125,435.1000061035156,433.6499938964844,434.8999938964844,82581
2026-01-02 03:57:00+00:00,434.25,434.95001220703125,433.79998779296875,434.45001220703125,44078
2026-01-02 03:58:00+00:00,435.1000061035156,435.54998779296875,434.20001220703125,434.20001220703125,67469
2026-01-02 03:59:00+00:00,434.8999938964844,435.3500061035156,434.45001220703125,435.3500061035156,37912
2026-01-02 04:00:00+00:00,434.6000061035156,435.25,434.3999938964844,434.8999938964844,67064
2026-01-02 04:01:00+00:00,433.79998779296875,434.5,433.79998779296875,434.5,62009
2026-01-02 04:02:00+00:00,433.95001220703125,434.0,433.79998779296875,433.8500061035156,71936
2026-01-02 04:03:00+00:00,434.54998779296875,434.79998779296875,433.75,434.0,33642
2026-01-02 04:04:00+00:00,434.79998779296875,435.0,434.45001220703125,434.54998779296875,24401
2026-01-02 04:05:00+00:00,434.8500061035156,434.8500061035156,434.20001220703125,434.70001220703125,81375
2026-01-02 04:06:00+00:00,437.0,437.0,435.25,435.25,95980
2026-01-02 04:07:00+00:00,438.3999938964844,438.95001220703125,436.8999938964844,437.0,485279
2026-01-02 04:08:00+00:00,436.70001220703125,437.54998779296875,436.45001220703125,437.54998779296875,235498
2026-01-02 04:09:00+00:00,436.8500061035156,437.0,436.5,436.75,70512
2026-01-02 04:10:00+00:00,437.6000061035156,437.75,436.79998779296875,436.79998779296875,78102
2026-01-02 04:11:00+00:00,439.20001220703125,439.3999938964844,437.3500061035156,437.6000061035156,60739
2026-01-02 04:12:00+00:00,439.20001220703125,439.5,438.6000061035156,439.20001220703125,57145
2026-01-02 04:13:00+00:00,439.6000061035156,439.6499938964844,438.3500061035156,439.1499938964844,185153
2026-01-02 04:14:00+00:00,439.0,439.8999938964844,438.8500061035156,439.5,48360
2026-01-02 04:15:00+00:00,439.8500061035156,440.04998779296875,439.0,439.1000061035156,208320
2026-01-02 04:16:00+00:00,440.0,440.25,439.8999938964844,440.0,49343
2026-01-02 04:17:00+00:00,440.04998779296875,440.20001220703125,439.54998779296875,440.1000061035156,85664
2026-01-02 04:18:00+00:00,441.1499938964844,441.6000061035156,440.04998779296875,440.04998779296875,125127
2026-01-02 04:19:00+00:00,441.1000061035156,441.6499938964844,440.70001220703125,441.3500061035156,91337
2026-01-02 04:20:00+00:00,440.20001220703125,441.20001220703125,440.20001220703125,440.75,95356
2026-01-02 04:21:00+00:00,440.20001220703125,440.5,439.8500061035156,440.20001220703125,50681
2026-01-02 04:22:00+00:00,440.04998779296875,440.5,440.0,440.0,49541
2026-01-02 04:23:00+00:00,440.0,440.5,440.0,440.04998779296875,28967
2026-01-02 04:24:00+00:00,440.0,440.45001220703125,440.0,440.0,32546
2026-01-02 04:25:00+00:00,440.0,440.5,440.0,440.04998779296875,27478
2026-01-02 04:26:00+00:00,440.0,440.1499938964844,440.0,440.0,15986
2026-01-02 04:27:00+00:00,439.8500061035156,440.1000061035156,439.54998779296875,440.0,69236
2026-01-02 04:28:00+00:00,440.04998779296875,440.8999938964844,439.75,439.8500061035156,61505
2026-01-02 04:29:00+00:00,441.0,441.0,440.0,440.04998779296875,28068
2026-01-02 04:30:00+00:00,440.70001220703125,441.0,440.3999938964844,440.70001220703125,25438
2026-01-02 04:31:00+00:00,440.54998779296875,440.8999938964844,440.54998779296875,440.8500061035156,27374
2026-01-02 04:32:00+00:00,440.1499938964844,440.79998779296875,440.1499938964844,440.70001220703125,31159
2026-01-02 04:33:00+00:00,440.1499938964844,440.45001220703125,440.1499938964844,440.1499938964844,14490
2026-01-02 04:34:00+00:00,440.3500061035156,440.70001220703125,440.1000061035156,440.1499938964844,22449
2026-01-02 04:35:00+00:00,440.25,440.3999938964844,440.1000061035156,440.3500061035156,25014
2026-01-02 04:36:00+00:00,440.04998779296875,440.25,440.04998779296875,440.1000061035156,15615
2026-01-02 04:37:00+00:00,440.04998779296875,440.1499938964844,440.04998779296875,440.1000061035156,20869
2026-01-02 04:38:00+00:00,440.5,440.5,439.8500061035156,440.1000061035156,61450
2026-01-02 04:39:00+00:00,440.04998779296875,440.3999938964844,440.0,440.3500061035156,16463
2026-01-02 04:40:00+00:00,440.1000061035156,440.1499938964844,440.0,440.1000061035156,31437
2026-01-02 04:41:00+00:00,440.0,440.25,440.0,440.1499938964844,18855
2026-01-02 04:42:00+00:00,440.0,440.29998779296875,439.3500061035156,440.04998779296875,116776
2026-01-02 04:43:00+00:00,439.8500061035156,440.1499938964844,439.79998779296875,439.95001220703125,23931
2026-01-02 04:44:00+00:00,440.1000061035156,440.1000061035156,439.79998779296875,439.8500061035156,23815
2026-01-02 04:45:00+00:00,440.0,440.1000061035156,440.0,440.1000061035156,19066
2026-01-02 04:46:00+00:00,440.0,440.04998779296875,440.0,440.04998779296875,20962
2026-01-02 04:47:00+00:00,440.0,440.1000061035156,440.0,440.0,28948
2026-01-02 04:48:00+00:00,439.6499938964844,440.04998779296875,439.5,440.0,44641
2026-01-02 04:49:00+00:00,439.79998779296875,440.0,439.6499938964844,439.8999938964844,16083
2026-01-02 04:50:00+00:00,439.8999938964844,440.0,439.70001220703125,439.8500061035156,15490
2026-01-02 04:51:00+00:00,439.45001220703125,439.95001220703125,439.20001220703125,439.95001220703125,44448
2026-01-02 04:52:00+00:00,439.3500061035156,439.8500061035156,439.25,439.5,34048
2026-01-02 04:53:00+00:00,439.04998779296875,439.75,439.04998779296875,439.3500061035156,38907
2026-01-02 04:54:00+00:00,438.45001220703125,438.95001220703125,438.3500061035156,438.79998779296875,53739
2026-01-02 04:55:00+00:00,438.5,438.6000061035156,438.5,438.54998779296875,22371
2026-01-02 04:56:00+00:00,438.79998779296875,439.0,438.5,438.54998779296875,27510
2026-01-02 04:57:00+00:00,439.45001220703125,439.6000061035156,438.8500061035156,438.8500061035156,28332
2026-01-02 04:58:00+00:00,439.5,439.6000061035156,439.3999938964844,439.5,19025
2026-01-02 04:59:00+00:00,439.3999938964844,439.8500061035156,439.3999938964844,439.5,40458
2026-01-02 05:00:00+00:00,439.45001220703125,439.45001220703125,439.04998779296875,439.3500061035156,55154
2026-01-02 05:01:00+00:00,439.6000061035156,439.8999938964844,439.5,439.54998779296875,22277
2026-01-02 05:02:00+00:00,439.70001220703125,439.8500061035156,439.54998779296875,439.6499938964844,30706
2026-01-02 05:03:00+00:00,439.79998779296875,440.0,439.6499938964844,439.6499938964844,31660
2026-01-02 05:04:00+00:00,439.75,439.8500061035156,439.75,439.8500061035156,14118
2026-01-02 05:05:00+00:00,438.79998779296875,439.79998779296875,438.79998779296875,439.75,54676
2026-01-02 05:06:00+00:00,438.0,438.8500061035156,438.0,438.75,71504
2026-01-02 05:07:00+00:00,438.20001220703125,438.6000061035156,437.8999938964844,437.95001220703125,49009
2026-01-02 05:08:00+00:00,438.29998779296875,438.5,438.20001220703125,438.20001220703125,27422
2026-01-02 05:09:00+00:00,438.29998779296875,438.3999938964844,438.25,438.29998779296875,13268
2026-01-02 05:10:00+00:00,438.1000061035156,438.29998779296875,438.1000061035156,438.29998779296875,25248
2026-01-02 05:11:00+00:00,438.20001220703125,438.3500061035156,438.1000061035156,438.1499938964844,42666
2026-01-02 05:12:00+00:00,438.1000061035156,438.20001220703125,438.1000061035156,438.1499938964844,17184
2026-01-02 05:13:00+00:00,438.1000061035156,438.1499938964844,438.04998779296875,438.1000061035156,22290
2026-01-02 05:14:00+00:00,437.95001220703125,438.1000061035156,437.8999938964844,438.04998779296875,45695
2026-01-02 05:15:00+00:00,438.04998779296875,438.1000061035156,437.95001220703125,438.0,24432
2026-01-02 05:16:00+00:00,438.04998779296875,438.04998779296875,437.95001220703125,438.04998779296875,21927
2026-01-02 05:17:00+00:00,439.3999938964844,439.5,438.75,438.8500061035156,39487
2026-01-02 05:18:00+00:00,439.5,439.6000061035156,439.1499938964844,439.3999938964844,17630
2026-01-02 05:19:00+00:00,439.6000061035156,439.79998779296875,439.45001220703125,439.45001220703125,19021
2026-01-02 05:20:00+00:00,439.95001220703125,440.0,439.54998779296875,439.6499938964844,174987
2026-01-02 05:21:00+00:00,439.79998779296875,440.6499938964844,439.75,440.0,117079
2026-01-02 05:22:00+00:00,439.70001220703125,439.79998779296875,439.6499938964844,439.79998779296875,13818
2026-01-02 05:23:00+00:00,439.25,439.75,439.25,439.70001220703125,20216
2026-01-02 05:24:00+00:00,439.6499938964844,439.70001220703125,439.1499938964844,439.29998779296875,25570
2026-01-02 05:25:00+00:00,439.8999938964844,440.0,439.54998779296875,439.6499938964844,15247
2026-01-02 05:26:00+00:00,440.0,440.0,439.54998779296875,439.8500061035156,20161
2026-01-02 05:27:00+00:00,439.75,440.0,439.6499938964844,439.8999938964844,12225
2026-01-02 05:28:00+00:00,439.75,439.79998779296875,439.54998779296875,439.75,13987
2026-01-02 05:29:00+00:00,439.79998779296875,439.79998779296875,439.6000061035156,439.75,11052
2026-01-02 05:30:00+00:00,439.8999938964844,440.25,439.75,439.75,27572
2026-01-02 05:31:00+00:00,439.95001220703125,440.0,439.6499938964844,439.70001220703125,16538
2026-01-02 05:32:00+00:00,439.8500061035156,440.0,439.6499938964844,439.95001220703125,12779
2026-01-02 05:33:00+00:00,439.70001220703125,440.0,439.70001220703125,439.8500061035156,21643
2026-01-02 05:34:00+00:00,439.70001220703125,440.0,439.6000061035156,440.0,24625
2026-01-02 05:35:00+00:00,439.95001220703125,440.0,439.6499938964844,439.75,14649
2026-01-02 05:36:00+00:00,439.70001220703125,439.95001220703125,439.6000061035156,439.8500061035156,11762
2026-01-02 05:37:00+00:00,439.95001220703125,439.95001220703125,439.6499938964844,439.70001220703125,11488
2026-01-02 05:38:00+00:00,440.0,440.0,439.8999938964844,439.95001220703125,15285
2026-01-02 05:39:00+00:00,438.6000061035156,440.0,438.6000061035156,440.0,94079
2026-01-02 05:40:00+00:00,439.20001220703125,439.5,438.6000061035156,438.6000061035156,22716
2026-01-02 05:41:00+00:00,440.1000061035156,440.20001220703125,439.20001220703125,439.25,62568
2026-01-02 05:42:00+00:00,439.25,440.1000061035156,439.04998779296875,440.1000061035156,20039
2026-01-02 05:43:00+00:00,439.25,439.29998779296875,439.20001220703125,439.25,13425
2026-01-02 05:44:00+00:00,439.20001220703125,439.29998779296875,439.20001220703125,439.20001220703125,18806
2026-01-02 05:45:00+00:00,439.25,439.29998779296875,439.1499938964844,439.25,21426
2026-01-02 05:46:00+00:00,440.0,440.0,439.20001220703125,439.29998779296875,49422
2026-01-02 05:47:00+00:00,439.8500061035156,440.0,439.75,440.0,14503
2026-01-02 05:48:00+00:00,440.0,440.0,439.8500061035156,439.8999938964844,15466
2026-01-02 05:49:00+00:00,440.0,440.0,439.95001220703125,440.0,17522
2026-01-02 05:50:00+00:00,440.0,440.3500061035156,439.8999938964844,439.95001220703125,51102
2026-01-02 05:51:00+00:00,440.1000061035156,440.1000061035156,440.0,440.0,14154
2026-01-02 05:52:00+00:00,440.1000061035156,440.1000061035156,440.04998779296875,440.04998779296875,10351
2026-01-02 05:53:00+00:00,439.8999938964844,440.1000061035156,439.79998779296875,440.04998779296875,29943
2026-01-02 05:54:00+00:00,440.0,440.0,439.79998779296875,439.8999938964844,28198
2026-01-02 05:55:00+00:00,439.75,440.0,439.70001220703125,440.0,12164
2026-01-02 05:56:00+00:00,439.95001220703125,440.0,439.6499938964844,439.75,11330
2026-01-02 05:57:00+00:00,439.8999938964844,439.95001220703125,439.75,439.95001220703125,10318
2026-01-02 05:58:00+00:00,439.95001220703125,440.0,439.8500061035156,439.8500061035156,9358
2026-01-02 05:59:00+00:00,439.95001220703125,440.0,439.75,439.95001220703125,77907
2026-01-02 06:00:00+00:00,440.0,440.04998779296875,439.79998779296875,439.95001220703125,28918
2026-01-02 06:01:00+00:00,440.0,440.0,439.8999938964844,440.0,11899
2026-01-02 06:02:00+00:00,440.3500061035156,440.3999938964844,439.95001220703125,440.0,85341
2026-01-02 06:03:00+00:00,440.29998779296875,440.3500061035156,440.25,440.29998779296875,20741
2026-01-02 06:04:00+00:00,440.04998779296875,440.29998779296875,440.0,440.29998779296875,17920
2026-01-02 06:05:00+00:00,440.3500061035156,440.3500061035156,440.0,440.04998779296875,22884
2026-01-02 06:06:00+00:00,440.04998779296875,440.3999938964844,440.0,440.3500061035156,57387
2026-01-02 06:07:00+00:00,440.0,440.04998779296875,439.95001220703125,440.04998779296875,12928
2026-01-02 06:08:00+00:00,440.3999938964844,440.3999938964844,439.8999938964844,440.0,21431
2026-01-02 06:09:00+00:00,440.1000061035156,440.3999938964844,440.0,440.3500061035156,13974
2026-01-02 06:10:00+00:00,440.1000061035156,440.20001220703125,440.0,440.1000061035156,11182
2026-01-02 06:11:00+00:00,440.0,440.1000061035156,440.0,440.1000061035156,11373
2026-01-02 06:12:00+00:00,440.0,440.1499938964844,440.0,440.0,15436
2026-01-02 06:13:00+00:00,440.0,440.1499938964844,440.0,440.04998779296875,46922
2026-01-02 06:14:00+00:00,440.1000061035156,440.1499938964844,440.0,440.04998779296875,22067
2026-01-02 06:15:00+00:00,440.1000061035156,440.1000061035156,440.0,440.04998779296875,12999
2026-01-02 06:16:00+00:00,440.04998779296875,440.25,440.04998779296875,440.1499938964844,22513
2026-01-02 06:17:00+00:00,440.1499938964844,440.29998779296875,440.04998779296875,440.1000061035156,23255
2026-01-02 06:18:00+00:00,440.1000061035156,440.1499938964844,440.04998779296875,440.04998779296875,14811
2026-01-02 06:19:00+00:00,440.1499938964844,440.25,440.0,440.1000061035156,15618
2026-01-02 06:20:00+00:00,440.20001220703125,440.54998779296875,440.1000061035156,440.1000061035156,97623
2026-01-02 06:21:00+00:00,440.3500061035156,440.3999938964844,440.29998779296875,440.3999938964844,35450
2026-01-02 06:22:00+00:00,440.3999938964844,440.3999938964844,440.3500061035156,440.3999938964844,26516
2026-01-02 06:23:00+00:00,440.3999938964844,440.3999938964844,440.3500061035156,440.3999938964844,17564
2026-01-02 06:24:00+00:00,440.29998779296875,440.3999938964844,440.29998779296875,440.3999938964844,26500
2026-01-02 06:25:00+00:00,440.29998779296875,440.3999938964844,440.25,440.3500061035156,15816
2026-01-02 06:26:00+00:00,440.3500061035156,440.3999938964844,440.25,440.25,15793
2026-01-02 06:27:00+00:00,440.79998779296875,440.79998779296875,440.3500061035156,440.3999938964844,49455
2026-01-02 06:28:00+00:00,440.8500061035156,440.8999938964844,440.70001220703125,440.75,26867
2026-01-02 06:29:00+00:00,440.3999938964844,440.8999938964844,440.3999938964844,440.8500061035156,45988
2026-01-02 06:30:00+00:00,440.3999938964844,440.6499938964844,440.3999938964844,440.5,19902
2026-01-02 06:31:00+00:00,440.5,440.75,440.3999938964844,440.5,18180
2026-01-02 06:32:00+00:00,440.5,440.75,440.3999938964844,440.70001220703125,18093
2026-01-02 06:33:00+00:00,440.6499938964844,440.75,440.5,440.54998779296875,20325
2026-01-02 06:34:00+00:00,440.6499938964844,440.79998779296875,440.54998779296875,440.70001220703125,22945
2026-01-02 06:35:00+00:00,441.79998779296875,441.8500061035156,440.6000061035156,440.6499938964844,136582
2026-01-02 06:36:00+00:00,441.70001220703125,441.70001220703125,441.3999938964844,441.5,36015
2026-01-02 06:37:00+00:00,441.5,441.70001220703125,441.5,441.6000061035156,27128
2026-01-02 06:38:00+00:00,441.29998779296875,441.54998779296875,441.04998779296875,441.5,36519
2026-01-02 06:39:00+00:00,442.3500061035156,442.3500061035156,441.20001220703125,441.25,99168
2026-01-02 06:40:00+00:00,444.45001220703125,444.54998779296875,442.70001220703125,442.70001220703125,259285
2026-01-02 06:41:00+00:00,444.79998779296875,444.8999938964844,444.45001220703125,444.45001220703125,64803
2026-01-02 06:42:00+00:00,444.8999938964844,445.0,443.70001220703125,444.79998779296875,287667
2026-01-02 06:43:00+00:00,446.1499938964844,446.6000061035156,444.8999938964844,445.0,231056
2026-01-02 06:44:00+00:00,446.04998779296875,446.20001220703125,445.70001220703125,446.1499938964844,51137
2026-01-02 06:45:00+00:00,447.3999938964844,447.95001220703125,445.6499938964844,446.04998779296875,189326
2026-01-02 06:46:00+00:00,446.5,447.1000061035156,446.29998779296875,447.1000061035156,81447
2026-01-02 06:47:00+00:00,445.6000061035156,446.5,445.54998779296875,446.3999938964844,55489
2026-01-02 06:48:00+00:00,445.29998779296875,446.5,445.1000061035156,445.79998779296875,81487
2026-01-02 06:49:00+00:00,445.1000061035156,445.3500061035156,445.04998779296875,445.3500061035156,25227
2026-01-02 06:50:00+00:00,445.95001220703125,445.95001220703125,445.1000061035156,445.1499938964844,60068
2026-01-02 06:51:00+00:00,445.54998779296875,445.8999938964844,445.54998779296875,445.8999938964844,18552
2026-01-02 06:52:00+00:00,445.6000061035156,445.79998779296875,445.3500061035156,445.6000061035156,24298
2026-01-02 06:53:00+00:00,445.20001220703125,445.6000061035156,445.1000061035156,445.45001220703125,30141
2026-01-02 06:54:00+00:00,445.25,445.6000061035156,445.1000061035156,445.29998779296875,30603
2026-01-02 06:55:00+00:00,445.04998779296875,445.25,445.04998779296875,445.25,17068
2026-01-02 06:56:00+00:00,445.04998779296875,445.29998779296875,445.04998779296875,445.04998779296875,28555
2026-01-02 06:57:00+00:00,445.04998779296875,445.20001220703125,445.0,445.1000061035156,25523
2026-01-02 06:58:00+00:00,445.5,445.79998779296875,445.04998779296875,445.04998779296875,30371
2026-01-02 06:59:00+00:00,445.75,446.54998779296875,445.25,445.5,59402
2026-01-02 07:00:00+00:00,445.29998779296875,446.0,445.1499938964844,445.8999938964844,20910
2026-01-02 07:01:00+00:00,445.70001220703125,445.75,445.25,445.29998779296875,20456
2026-01-02 07:02:00+00:00,445.0,445.6499938964844,445.0,445.54998779296875,39897
2026-01-02 07:03:00+00:00,445.5,445.6000061035156,445.0,445.04998779296875,24388
2026-01-02 07:04:00+00:00,445.1499938964844,445.6000061035156,445.1499938964844,445.6000061035156,11661
2026-01-02 07:05:00+00:00,445.1499938964844,445.45001220703125,445.1499938964844,445.25,17344
2026-01-02 07:06:00+00:00,445.1499938964844,445.45001220703125,445.1000061035156,445.20001220703125,24559
2026-01-02 07:07:00+00:00,444.79998779296875,445.3999938964844,444.79998779296875,445.29998779296875,80863
2026-01-02 07:08:00+00:00,445.29998779296875,445.3500061035156,444.3500061035156,444.79998779296875,44560
2026-01-02 07:09:00+00:00,444.5,445.29998779296875,444.5,445.25,21801
2026-01-02 07:10:00+00:00,444.70001220703125,444.79998779296875,444.45001220703125,444.45001220703125,17358
2026-01-02 07:11:00+00:00,445.0,445.20001220703125,444.6000061035156,444.6499938964844,24964
2026-01-02 07:12:00+00:00,444.8999938964844,445.20001220703125,444.79998779296875,445.04998779296875,17740
2026-01-02 07:13:00+00:00,444.8999938964844,445.3500061035156,444.79998779296875,444.8999938964844,25906
2026-01-02 07:14:00+00:00,443.75,445.0,443.6000061035156,444.8500061035156,65107
2026-01-02 07:15:00+00:00,443.8999938964844,444.3500061035156,443.6499938964844,443.6499938964844,30394
2026-01-02 07:16:00+00:00,443.95001220703125,444.0,443.6499938964844,443.79998779296875,22211
2026-01-02 07:17:00+00:00,443.8500061035156,444.1499938964844,443.5,444.0,26741
2026-01-02 07:18:00+00:00,443.54998779296875,444.0,443.3500061035156,443.8999938964844,32531
2026-01-02 07:19:00+00:00,443.70001220703125,443.8500061035156,443.54998779296875,443.54998779296875,16834
2026-01-02 07:20:00+00:00,443.79998779296875,444.1499938964844,443.70001220703125,443.8999938964844,21289
2026-01-02 07:21:00+00:00,443.70001220703125,443.8999938964844,443.54998779296875,443.8999938964844,15068
2026-01-02 07:22:00+00:00,443.6499938964844,443.8999938964844,443.6000061035156,443.70001220703125,16306
2026-01-02 07:23:00+00:00,443.5,443.75,443.5,443.6499938964844,17844
2026-01-02 07:24:00+00:00,443.6000061035156,443.6499938964844,443.54998779296875,443.54998779296875,14760
2026-01-02 07:25:00+00:00,443.6499938964844,443.8500061035156,443.5,443.6000061035156,18574
2026-01-02 07:26:00+00:00,443.8500061035156,444.1000061035156,443.54998779296875,443.54998779296875,23243
2026-01-02 07:27:00+00:00,444.1000061035156,444.25,443.79998779296875,443.8500061035156,37876
2026-01-02 07:28:00+00:00,444.04998779296875,444.20001220703125,443.95001220703125,444.1000061035156,28263
2026-01-02 07:29:00+00:00,444.1499938964844,444.1499938964844,444.0,444.0,17306
2026-01-02 07:30:00+00:00,444.1499938964844,444.5,444.04998779296875,444.1499938964844,29880
2026-01-02 07:31:00+00:00,443.8999938964844,444.20001220703125,443.8999938964844,444.1000061035156,37020
2026-01-02 07:32:00+00:00,443.6499938964844,443.95001220703125,443.6000061035156,443.8999938964844,26421
2026-01-02 07:33:00+00:00,443.54998779296875,443.6499938964844,443.5,443.6000061035156,17247
2026-01-02 07:34:00+00:00,443.04998779296875,443.6000061035156,443.0,443.54998779296875,71248
2026-01-02 07:35:00+00:00,443.20001220703125,443.20001220703125,442.8500061035156,443.0,95611
2026-01-02 07:36:00+00:00,443.3500061035156,443.5,443.1499938964844,443.1499938964844,26447
2026-01-02 07:37:00+00:00,443.1000061035156,443.29998779296875,443.04998779296875,443.25,16361
2026-01-02 07:38:00+00:00,443.1499938964844,443.20001220703125,442.8999938964844,443.1499938964844,38039
2026-01-02 07:39:00+00:00,442.8999938964844,443.1499938964844,442.8999938964844,443.1499938964844,18924
2026-01-02 07:40:00+00:00,442.8500061035156,443.0,442.79998779296875,442.8999938964844,29190
2026-01-02 07:41:00+00:00,442.6000061035156,442.8999938964844,442.3999938964844,442.8999938964844,27971
2026-01-02 07:42:00+00:00,442.8500061035156,442.8999938964844,442.25,442.5,38029
2026-01-02 07:43:00+00:00,442.8999938964844,443.0,442.79998779296875,442.8500061035156,19649
2026-01-02 07:44:00+00:00,442.3999938964844,442.8500061035156,442.3500061035156,442.8500061035156,25092
2026-01-02 07:45:00+00:00,442.1499938964844,442.45001220703125,442.1499938964844,442.3999938964844,17746
2026-01-02 07:46:00+00:00,442.25,442.29998779296875,442.1499938964844,442.20001220703125,18171
2026-01-02 07:47:00+00:00,442.1000061035156,442.3500061035156,442.1000061035156,442.25,21202
2026-01-02 07:48:00+00:00,442.1000061035156,442.25,442.04998779296875,442.1000061035156,19068
2026-01-02 07:49:00+00:00,442.3999938964844,442.45001220703125,442.04998779296875,442.1000061035156,19773
2026-01-02 07:50:00+00:00,442.1000061035156,442.45001220703125,442.1000061035156,442.3999938964844,17074
2026-01-02 07:51:00+00:00,442.1000061035156,442.25,442.04998779296875,442.1000061035156,14844
2026-01-02 07:52:00+00:00,442.0,442.1499938964844,442.0,442.1499938964844,14723
2026-01-02 07:53:00+00:00,442.04998779296875,442.1499938964844,442.0,442.1000061035156,14249
2026-01-02 07:54:00+00:00,441.3500061035156,442.1000061035156,441.25,442.1000061035156,70253
2026-01-02 07:55:00+00:00,441.1000061035156,441.3500061035156,441.04998779296875,441.3500061035156,33049
2026-01-02 07:56:00+00:00,441.0,441.20001220703125,441.0,441.1000061035156,23138
2026-01-02 07:57:00+00:00,441.0,441.20001220703125,440.95001220703125,441.0,19743
2026-01-02 07:58:00+00:00,440.8999938964844,441.1499938964844,440.8999938964844,441.04998779296875,16741
2026-01-02 07:59:00+00:00,440.8999938964844,441.1499938964844,440.75,440.8999938964844,34707
2026-01-02 08:00:00+00:00,440.79998779296875,441.1499938964844,440.6499938964844,440.8500061035156,38924
2026-01-02 08:01:00+00:00,440.8999938964844,441.25,440.75,440.79998779296875,22875
2026-01-02 08:02:00+00:00,440.8500061035156,441.25,440.79998779296875,440.8999938964844,39390
2026-01-02 08:03:00+00:00,440.6499938964844,440.95001220703125,440.6000061035156,440.79998779296875,17130
2026-01-02 08:04:00+00:00,440.5,440.6499938964844,440.5,440.6499938964844,18609
2026-01-02 08:05:00+00:00,440.25,440.54998779296875,440.20001220703125,440.5,28439
2026-01-02 08:06:00+00:00,440.1000061035156,440.29998779296875,440.04998779296875,440.29998779296875,22667
2026-01-02 08:07:00+00:00,440.1000061035156,440.3500061035156,440.04998779296875,440.04998779296875,16293
2026-01-02 08:08:00+00:00,440.0,440.1499938964844,440.0,440.1000061035156,103646
2026-01-02 08:09:00+00:00,440.1000061035156,440.29998779296875,440.0,440.04998779296875,34344
2026-01-02 08:10:00+00:00,440.3500061035156,440.6499938964844,440.0,440.1499938964844,20285
2026-01-02 08:11:00+00:00,440.3500061035156,440.3999938964844,440.25,440.3999938964844,10305
2026-01-02 08:12:00+00:00,440.3500061035156,440.3999938964844,440.29998779296875,440.3500061035156,12203
2026-01-02 08:13:00+00:00,440.29998779296875,440.45001220703125,440.29998779296875,440.29998779296875,21112
2026-01-02 08:14:00+00:00,440.3500061035156,440.3999938964844,440.1000061035156,440.29998779296875,39770
2026-01-02 08:15:00+00:00,440.25,440.3999938964844,439.8500061035156,440.29998779296875,31120
2026-01-02 08:16:00+00:00,440.20001220703125,440.3500061035156,440.0,440.25,13117
2026-01-02 08:17:00+00:00,440.20001220703125,440.3999938964844,440.1499938964844,440.29998779296875,15478
2026-01-02 08:18:00+00:00,440.0,440.25,440.0,440.20001220703125,10658
2026-01-02 08:19:00+00:00,440.0,440.1000061035156,439.95001220703125,440.0,15119
2026-01-02 08:20:00+00:00,440.1000061035156,440.3999938964844,440.1000061035156,440.3999938964844,17628
2026-01-02 08:21:00+00:00,440.1000061035156,440.3999938964844,440.0,440.1000061035156,16989
2026-01-02 08:22:00+00:00,440.04998779296875,440.3500061035156,440.0,440.25,13370
2026-01-02 08:23:00+00:00,440.0,440.1000061035156,440.0,440.04998779296875,13897
2026-01-02 08:24:00+00:00,440.0,440.1000061035156,440.0,440.04998779296875,12895
2026-01-02 08:25:00+00:00,440.04998779296875,440.1000061035156,440.0,440.04998779296875,13934
2026-01-02 08:26:00+00:00,440.04998779296875,440.1000061035156,440.0,440.04998779296875,9609
2026-01-02 08:27:00+00:00,440.20001220703125,440.3999938964844,440.0,440.0,18124
2026-01-02 08:28:00+00:00,441.3999938964844,441.70001220703125,440.1499938964844,440.25,48168
2026-01-02 08:29:00+00:00,441.5,441.5,441.20001220703125,441.3500061035156,23626
2026-01-02 08:30:00+00:00,441.5,441.6499938964844,441.45001220703125,441.45001220703125,12798
2026-01-02 08:31:00+00:00,440.45001220703125,441.6000061035156,440.45001220703125,441.54998779296875,20368
2026-01-02 08:32:00+00:00,440.54998779296875,440.8999938964844,440.45001220703125,440.45001220703125,11933
2026-01-02 08:33:00+00:00,440.70001220703125,440.8999938964844,440.45001220703125,440.5,14164
2026-01-02 08:34:00+00:00,440.6000061035156,440.79998779296875,440.54998779296875,440.6499938964844,11598
2026-01-02 08:35:00+00:00,440.8500061035156,440.8500061035156,440.6000061035156,440.75,13744
2026-01-02 08:36:00+00:00,440.6000061035156,440.79998779296875,440.6000061035156,440.70001220703125,10067
2026-01-02 08:37:00+00:00,440.6000061035156,440.8500061035156,440.54998779296875,440.6499938964844,10690
2026-01-02 08:38:00+00:00,440.5,440.6499938964844,440.5,440.6000061035156,12848
2026-01-02 08:39:00+00:00,440.5,440.6000061035156,440.3999938964844,440.5,12669
2026-01-02 08:40:00+00:00,440.45001220703125,440.6000061035156,440.3999938964844,440.5,13456
2026-01-02 08:41:00+00:00,440.3999938964844,440.54998779296875,440.3999938964844,440.45001220703125,10803
2026-01-02 08:42:00+00:00,441.04998779296875,441.29998779296875,440.25,440.3999938964844,41571
2026-01-02 08:43:00+00:00,440.79998779296875,441.1499938964844,440.70001220703125,441.1499938964844,9431
2026-01-02 08:44:00+00:00,440.5,441.0,440.5,440.79998779296875,11549
2026-01-02 08:45:00+00:00,440.3999938964844,440.8500061035156,440.29998779296875,440.29998779296875,14005
2026-01-02 08:46:00+00:00,440.70001220703125,440.8500061035156,440.3999938964844,440.45001220703125,11958
2026-01-02 08:47:00+00:00,440.5,440.70001220703125,440.3999938964844,440.6499938964844,14640
2026-01-02 08:48:00+00:00,440.45001220703125,440.6000061035156,440.3999938964844,440.54998779296875,13843
2026-01-02 08:49:00+00:00,440.5,440.6000061035156,440.3999938964844,440.3999938964844,8332
2026-01-02 08:50:00+00:00,440.70001220703125,441.20001220703125,440.3999938964844,440.3999938964844,25601
2026-01-02 08:51:00+00:00,440.6000061035156,440.8999938964844,440.54998779296875,440.6000061035156,7844
2026-01-02 08:52:00+00:00,440.6000061035156,440.8999938964844,440.54998779296875,440.54998779296875,13207
2026-01-02 08:53:00+00:00,440.79998779296875,440.8999938964844,440.6000061035156,440.6000061035156,14191
2026-01-02 08:54:00+00:00,440.79998779296875,441.0,440.6000061035156,440.6000061035156,14181
2026-01-02 08:55:00+00:00,440.8500061035156,440.95001220703125,440.79998779296875,440.79998779296875,11580
2026-01-02 08:56:00+00:00,441.29998779296875,441.45001220703125,440.79998779296875,440.79998779296875,18145
2026-01-02 08:57:00+00:00,441.3500061035156,441.5,440.8999938964844,441.29998779296875,19528
2026-01-02 08:58:00+00:00,441.1000061035156,441.45001220703125,441.04998779296875,441.45001220703125,13861
2026-01-02 08:59:00+00:00,441.1499938964844,441.3500061035156,441.1000061035156,441.1499938964844,12399
2026-01-02 09:00:00+00:00,441.1499938964844,441.5,441.1499938964844,441.20001220703125,20247
2026-01-02 09:01:00+00:00,441.1499938964844,441.3999938964844,441.1499938964844,441.20001220703125,12692
2026-01-02 09:02:00+00:00,441.6000061035156,441.6000061035156,441.1000061035156,441.1499938964844,39190
2026-01-02 09:03:00+00:00,442.1499938964844,442.6499938964844,441.5,441.5,47080
2026-01-02 09:04:00+00:00,442.6000061035156,442.8500061035156,442.1499938964844,442.1499938964844,20270
2026-01-02 09:05:00+00:00,442.29998779296875,442.70001220703125,442.29998779296875,442.6000061035156,19328
2026-01-02 09:06:00+00:00,442.45001220703125,442.54998779296875,442.20001220703125,442.3500061035156,37673
2026-01-02 09:07:00+00:00,442.8999938964844,443.1499938964844,442.3500061035156,442.45001220703125,76022
2026-01-02 09:08:00+00:00,442.79998779296875,443.29998779296875,442.6499938964844,443.1000061035156,32643
2026-01-02 09:09:00+00:00,442.79998779296875,442.8999938964844,442.75,442.79998779296875,12787
2026-01-02 09:10:00+00:00,442.75,442.79998779296875,442.6499938964844,442.79998779296875,18064
2026-01-02 09:11:00+00:00,442.79998779296875,443.29998779296875,442.75,442.79998779296875,20250
2026-01-02 09:12:00+00:00,442.95001220703125,443.29998779296875,442.8500061035156,442.8500061035156,18511
2026-01-02 09:13:00+00:00,442.8999938964844,442.95001220703125,442.8500061035156,442.95001220703125,14549
2026-01-02 09:14:00+00:00,443.04998779296875,443.1000061035156,442.8999938964844,442.8999938964844,18592
2026-01-02 09:15:00+00:00,442.1499938964844,443.0,442.04998779296875,443.0,60048
2026-01-02 09:16:00+00:00,442.20001220703125,442.29998779296875,442.0,442.20001220703125,19272
2026-01-02 09:17:00+00:00,441.8500061035156,442.1499938964844,441.8500061035156,442.04998779296875,16528
2026-01-02 09:18:00+00:00,441.8500061035156,442.0,441.54998779296875,441.8500061035156,23820
2026-01-02 09:19:00+00:00,441.8500061035156,441.8999938964844,441.6000061035156,441.8999938964844,23366
2026-01-02 09:20:00+00:00,441.5,441.8999938964844,441.3999938964844,441.8999938964844,20466
2026-01-02 09:21:00+00:00,441.3500061035156,441.54998779296875,441.3500061035156,441.5,16045
2026-01-02 09:22:00+00:00,441.29998779296875,441.45001220703125,441.25,441.3999938964844,12485
2026-01-02 09:23:00+00:00,441.3999938964844,441.45001220703125,441.25,441.29998779296875,23028
2026-01-02 09:24:00+00:00,441.6000061035156,441.8500061035156,441.3500061035156,441.3500061035156,18563
2026-01-02 09:25:00+00:00,441.5,441.70001220703125,441.45001220703125,441.70001220703125,11703
2026-01-02 09:26:00+00:00,441.5,441.70001220703125,441.45001220703125,441.5,15272
2026-01-02 09:27:00+00:00,441.6000061035156,441.79998779296875,441.54998779296875,441.6499938964844,13436
2026-01-02 09:28:00+00:00,441.75,442.0,441.54998779296875,441.6499938964844,18028
2026-01-02 09:29:00+00:00,441.8500061035156,441.8999938964844,441.6000061035156,441.6499938964844,12040
2026-01-02 09:30:00+00:00,442.3500061035156,442.8999938964844,442.3500061035156,442.3500061035156,34830
2026-01-02 09:31:00+00:00,442.1000061035156,442.45001220703125,442.1000061035156,442.45001220703125,17049
2026-01-02 09:32:00+00:00,442.3999938964844,442.6000061035156,442.1499938964844,442.20001220703125,23258
2026-01-02 09:33:00+00:00,442.75,442.79998779296875,442.3999938964844,442.3999938964844,19081
2026-01-02 09:34:00+00:00,442.8999938964844,442.8999938964844,442.6499938964844,442.6499938964844,15352
2026-01-02 09:35:00+00:00,443.5,443.6499938964844,442.8500061035156,442.8999938964844,49325
2026-01-02 09:36:00+00:00,443.45001220703125,443.79998779296875,443.45001220703125,443.5,17457
2026-01-02 09:37:00+00:00,443.6000061035156,443.75,443.45001220703125,443.5,26260
2026-01-02 09:38:00+00:00,443.0,443.75,442.95001220703125,443.70001220703125,62489
2026-01-02 09:39:00+00:00,442.75,443.0,442.75,442.8999938964844,32835
2026-01-02 09:40:00+00:00,442.79998779296875,442.8500061035156,442.75,442.79998779296875,28806
2026-01-02 09:41:00+00:00,442.3500061035156,442.8999938964844,442.29998779296875,442.79998779296875,50610
2026-01-02 09:42:00+00:00,442.29998779296875,442.54998779296875,442.29998779296875,442.3500061035156,30950
2026-01-02 09:43:00+00:00,442.5,442.5,442.25,442.29998779296875,31920
2026-01-02 09:44:00+00:00,442.79998779296875,443.0,442.45001220703125,442.45001220703125,30485
2026-01-02 09:45:00+00:00,442.6499938964844,442.8999938964844,442.6499938964844,442.79998779296875,41471
2026-01-02 09:46:00+00:00,442.79998779296875,442.95001220703125,442.6499938964844,442.70001220703125,42306
2026-01-02 09:47:00+00:00,442.75,442.8999938964844,442.75,442.79998779296875,28643
2026-01-02 09:48:00+00:00,441.8999938964844,442.29998779296875,441.70001220703125,441.8999938964844,157105
2026-01-02 09:49:00+00:00,441.75,442.0,441.75,441.8500061035156,46805
2026-01-02 09:50:00+00:00,441.1000061035156,441.79998779296875,441.04998779296875,441.75,55028
2026-01-02 09:51:00+00:00,441.04998779296875,441.1000061035156,441.0,441.1000061035156,46060
2026-01-02 09:52:00+00:00,441.95001220703125,441.95001220703125,441.04998779296875,441.04998779296875,36103
2026-01-02 09:53:00+00:00,441.8999938964844,442.0,441.79998779296875,441.8999938964844,37053
2026-01-02 09:54:00+00:00,442.3500061035156,442.45001220703125,441.8999938964844,441.8999938964844,81384
2026-01-02 09:55:00+00:00,441.0,442.5,441.0,442.45001220703125,108824
2026-01-02 09:56:00+00:00,441.79998779296875,442.1000061035156,441.1499938964844,441.1499938964844,35765
2026-01-02 09:57:00+00:00,441.79998779296875,441.79998779296875,441.70001220703125,441.79998779296875,27909
2026-01-02 09:58:00+00:00,441.25,442.0,441.20001220703125,442.0,67629
2026-01-02 09:59:00+00:00,442.1000061035156,442.25,441.20001220703125,441.25,45277
