Date_Time,Close,High,Low,Open,Volume
2025-12-26 03:45:00+00:00,77.63999938964844,77.7699966430664,77.43000030517578,77.43000030517578,0
2025-12-26 03:46:00+00:00,77.79000091552734,77.80000305175781,77.61000061035156,77.66000366210938,53975
2025-12-26 03:47:00+00:00,77.80000305175781,77.81999969482422,77.7699966430664,77.81999969482422,38759
2025-12-26 03:48:00+00:00,77.8499984741211,77.87999725341797,77.75,77.81999969482422,18748
2025-12-26 03:49:00+00:00,77.88999938964844,77.98999786376953,77.81999969482422,77.81999969482422,38185
2025-12-26 03:50:00+00:00,77.93000030517578,78.02999877929688,77.88999938964844,77.88999938964844,24372
2025-12-26 03:51:00+00:00,77.97000122070312,77.97000122070312,77.88999938964844,77.97000122070312,10494
2025-12-26 03:52:00+00:00,77.97000122070312,78.0,77.94999694824219,77.9800033569336,4369
2025-12-26 03:53:00+00:00,77.91999816894531,78.01000213623047,77.91999816894531,77.98999786376953,30001
2025-12-26 03:54:00+00:00,77.9800033569336,77.9800033569336,77.91999816894531,77.93000030517578,20269
2025-12-26 03:55:00+00:00,77.95999908447266,77.98999786376953,77.91000366210938,77.95999908447266,8477
2025-12-26 03:56:00+00:00,77.91999816894531,77.97000122070312,77.91999816894531,77.91999816894531,9188
2025-12-26 03:57:00+00:00,78.05999755859375,78.05999755859375,77.91999816894531,77.94000244140625,25655
2025-12-26 03:58:00+00:00,78.0999984741211,78.0999984741211,78.05000305175781,78.05999755859375,9291
2025-12-26 03:59:00+00:00,78.23999786376953,78.23999786376953,78.08999633789062,78.0999984741211,25575
2025-12-26 04:00:00+00:00,78.27999877929688,78.31999969482422,78.25,78.27999877929688,27793
2025-12-26 04:01:00+00:00,78.37000274658203,78.4000015258789,78.29000091552734,78.30999755859375,44884
2025-12-26 04:02:00+00:00,78.31999969482422,78.37999725341797,78.2699966430664,78.37000274658203,37327
2025-12-26 04:03:00+00:00,78.44000244140625,78.44999694824219,78.2300033569336,78.29000091552734,52514
2025-12-26 04:04:00+00:00,78.33000183105469,78.44000244140625,78.33000183105469,78.44000244140625,20478
2025-12-26 04:05:00+00:00,78.29000091552734,78.33999633789062,78.26000213623047,78.33000183105469,29564
2025-12-26 04:06:00+00:00,78.30999755859375,78.3499984741211,78.30000305175781,78.3499984741211,10589
2025-12-26 04:07:00+00:00,78.37999725341797,78.4000015258789,78.2699966430664,78.30000305175781,59302
2025-12-26 04:08:00+00:00,78.44999694824219,78.4800033569336,78.38999938964844,78.4000015258789,29000
2025-12-26 04:09:00+00:00,78.41000366210938,78.45999908447266,78.41000366210938,78.44999694824219,79828
2025-12-26 04:10:00+00:00,78.4000015258789,78.41999816894531,78.26000213623047,78.41999816894531,17802
2025-12-26 04:11:00+00:00,78.44000244140625,78.5,78.36000061035156,78.37000274658203,157690
2025-12-26 04:12:00+00:00,78.47000122070312,78.48999786376953,78.41999816894531,78.4800033569336,7972
2025-12-26 04:13:00+00:00,78.37999725341797,78.48999786376953,78.36000061035156,78.4800033569336,48757
2025-12-26 04:14:00+00:00,78.44999694824219,78.44999694824219,78.3499984741211,78.37999725341797,35678
2025-12-26 04:15:00+00:00,78.75,78.75,78.44000244140625,78.4800033569336,455362
2025-12-26 04:16:00+00:00,78.83000183105469,78.91999816894531,78.79000091552734,78.79000091552734,144482
2025-12-26 04:17:00+00:00,78.91999816894531,78.9800033569336,78.80999755859375,78.86000061035156,122417
2025-12-26 04:18:00+00:00,78.91999816894531,78.94000244140625,78.8499984741211,78.91999816894531,113148
2025-12-26 04:19:00+00:00,78.83000183105469,78.91999816894531,78.83000183105469,78.9000015258789,19402
2025-12-26 04:20:00+00:00,78.80000305175781,78.8499984741211,78.76000213623047,78.83000183105469,31701
2025-12-26 04:21:00+00:00,78.69999694824219,78.79000091552734,78.69999694824219,78.79000091552734,36779
2025-12-26 04:22:00+00:00,78.69000244140625,78.72000122070312,78.6500015258789,78.69999694824219,24081
2025-12-26 04:23:00+00:00,78.75,78.77999877929688,78.66999816894531,78.68000030517578,84919
2025-12-26 04:24:00+00:00,78.76000213623047,78.77999877929688,78.7300033569336,78.75,19766
2025-12-26 04:25:00+00:00,78.72000122070312,78.7699966430664,78.69999694824219,78.7699966430664,72001
2025-12-26 04:26:00+00:00,78.75,78.76000213623047,78.69999694824219,78.72000122070312,15945
2025-12-26 04:27:00+00:00,78.69999694824219,78.76000213623047,78.69999694824219,78.69999694824219,73485
2025-12-26 04:28:00+00:00,78.68000030517578,78.73999786376953,78.6500015258789,78.73999786376953,29497
2025-12-26 04:29:00+00:00,78.6500015258789,78.73999786376953,78.62999725341797,78.6500015258789,56541
2025-12-26 04:30:00+00:00,78.68000030517578,78.68000030517578,78.62000274658203,78.66000366210938,9367
2025-12-26 04:31:00+00:00,78.70999908447266,78.72000122070312,78.66000366210938,78.68000030517578,11835
2025-12-26 04:32:00+00:00,78.6500015258789,78.73999786376953,78.6500015258789,78.69999694824219,35138
2025-12-26 04:33:00+00:00,78.69999694824219,78.69999694824219,78.62999725341797,78.68000030517578,17218
2025-12-26 04:34:00+00:00,78.75,78.80000305175781,78.66999816894531,78.69999694824219,29919
2025-12-26 04:35:00+00:00,78.69999694824219,78.77999877929688,78.68000030517578,78.77999877929688,17968
2025-12-26 04:36:00+00:00,78.75,78.87000274658203,78.69999694824219,78.69999694824219,74466
2025-12-26 04:37:00+00:00,78.75,78.80999755859375,78.75,78.75,16884
2025-12-26 04:38:00+00:00,78.73999786376953,78.79000091552734,78.7300033569336,78.73999786376953,16090
2025-12-26 04:39:00+00:00,78.8499984741211,78.9000015258789,78.75,78.77999877929688,58994
2025-12-26 04:40:00+00:00,78.87000274658203,78.87999725341797,78.8499984741211,78.87999725341797,22526
2025-12-26 04:41:00+00:00,78.88999938964844,78.9000015258789,78.83999633789062,78.9000015258789,113477
2025-12-26 04:42:00+00:00,78.8499984741211,78.88999938964844,78.83999633789062,78.87999725341797,23084
2025-12-26 04:43:00+00:00,78.94000244140625,78.9800033569336,78.87999725341797,78.87999725341797,170992
2025-12-26 04:44:00+00:00,78.93000030517578,78.94999694824219,78.9000015258789,78.94000244140625,8737
2025-12-26 04:45:00+00:00,78.8499984741211,78.94999694824219,78.8499984741211,78.93000030517578,31477
2025-12-26 04:46:00+00:00,78.87999725341797,78.9000015258789,78.8499984741211,78.87999725341797,27461
2025-12-26 04:47:00+00:00,78.83000183105469,78.87999725341797,78.83000183105469,78.8499984741211,18874
2025-12-26 04:48:00+00:00,78.80000305175781,78.86000061035156,78.80000305175781,78.86000061035156,40667
2025-12-26 04:49:00+00:00,78.77999877929688,78.80999755859375,78.77999877929688,78.80000305175781,9242
2025-12-26 04:50:00+00:00,78.80000305175781,78.83999633789062,78.75,78.80999755859375,26286
2025-12-26 04:51:00+00:00,78.79000091552734,78.80000305175781,78.75,78.80000305175781,18132
2025-12-26 04:52:00+00:00,78.79000091552734,78.83000183105469,78.76000213623047,78.7699966430664,27150
2025-12-26 04:53:00+00:00,78.79000091552734,78.80000305175781,78.75,78.80000305175781,7916
2025-12-26 04:54:00+00:00,78.7699966430664,78.79000091552734,78.75,78.79000091552734,10401
2025-12-26 04:55:00+00:00,78.7699966430664,78.7699966430664,78.68000030517578,78.73999786376953,50072
2025-12-26 04:56:00+00:00,78.75,78.7699966430664,78.70999908447266,78.75,11346
2025-12-26 04:57:00+00:00,78.75,78.76000213623047,78.72000122070312,78.76000213623047,14568
2025-12-26 04:58:00+00:00,78.79000091552734,78.79000091552734,78.66999816894531,78.72000122070312,69089
2025-12-26 04:59:00+00:00,78.83999633789062,78.83999633789062,78.7699966430664,78.7699966430664,40549
2025-12-26 05:00:00+00:00,78.83000183105469,78.83999633789062,78.77999877929688,78.83999633789062,7362
2025-12-26 05:01:00+00:00,78.81999969482422,78.83000183105469,78.77999877929688,78.83000183105469,37296
2025-12-26 05:02:00+00:00,78.83999633789062,78.83999633789062,78.77999877929688,78.83000183105469,20287
2025-12-26 05:03:00+00:00,78.8499984741211,78.8499984741211,78.80999755859375,78.83999633789062,5351
2025-12-26 05:04:00+00:00,78.8499984741211,78.8499984741211,78.80999755859375,78.83000183105469,6313
2025-12-26 05:05:00+00:00,78.9000015258789,78.9000015258789,78.80999755859375,78.8499984741211,54326
2025-12-26 05:06:00+00:00,78.9000015258789,78.93000030517578,78.87000274658203,78.87000274658203,34673
2025-12-26 05:07:00+00:00,78.87000274658203,78.9000015258789,78.8499984741211,78.9000015258789,4648
2025-12-26 05:08:00+00:00,78.87999725341797,78.87999725341797,78.83999633789062,78.87000274658203,5849
2025-12-26 05:09:00+00:00,78.86000061035156,78.87999725341797,78.80999755859375,78.87999725341797,7270
2025-12-26 05:10:00+00:00,78.8499984741211,78.88999938964844,78.80999755859375,78.8499984741211,13222
2025-12-26 05:11:00+00:00,78.88999938964844,78.88999938964844,78.80999755859375,78.86000061035156,5207
2025-12-26 05:12:00+00:00,78.86000061035156,78.88999938964844,78.86000061035156,78.88999938964844,6176
2025-12-26 05:13:00+00:00,78.86000061035156,78.87999725341797,78.8499984741211,78.86000061035156,5125
2025-12-26 05:14:00+00:00,78.87999725341797,78.87999725341797,78.83999633789062,78.86000061035156,9073
2025-12-26 05:15:00+00:00,78.83000183105469,78.87999725341797,78.83000183105469,78.86000061035156,6035
2025-12-26 05:16:00+00:00,78.86000061035156,78.87000274658203,78.83000183105469,78.87000274658203,4789
2025-12-26 05:17:00+00:00,78.83000183105469,78.87000274658203,78.80999755859375,78.87000274658203,8935
2025-12-26 05:18:00+00:00,78.83000183105469,78.86000061035156,78.80999755859375,78.8499984741211,17924
2025-12-26 05:19:00+00:00,78.83000183105469,78.83999633789062,78.80999755859375,78.83999633789062,8508
2025-12-26 05:20:00+00:00,78.8499984741211,78.86000061035156,78.80999755859375,78.80999755859375,9156
2025-12-26 05:21:00+00:00,78.8499984741211,78.86000061035156,78.79000091552734,78.86000061035156,16777
2025-12-26 05:22:00+00:00,78.87000274658203,78.87000274658203,78.81999969482422,78.8499984741211,8681
2025-12-26 05:23:00+00:00,78.91000366210938,78.94000244140625,78.87000274658203,78.87000274658203,53084
2025-12-26 05:24:00+00:00,78.9000015258789,78.94000244140625,78.9000015258789,78.94000244140625,7725
2025-12-26 05:25:00+00:00,78.9000015258789,78.94000244140625,78.87999725341797,78.9000015258789,26183
2025-12-26 05:26:00+00:00,78.86000061035156,78.93000030517578,78.86000061035156,78.93000030517578,11529
2025-12-26 05:27:00+00:00,78.91000366210938,78.91999816894531,78.8499984741211,78.86000061035156,8916
2025-12-26 05:28:00+00:00,78.87999725341797,78.91999816894531,78.87999725341797,78.91999816894531,7506
2025-12-26 05:29:00+00:00,78.80999755859375,78.91999816894531,78.80999755859375,78.87999725341797,76058
2025-12-26 05:30:00+00:00,78.88999938964844,78.88999938964844,78.83000183105469,78.83999633789062,10132
2025-12-26 05:31:00+00:00,78.8499984741211,78.9000015258789,78.83999633789062,78.88999938964844,13461
2025-12-26 05:32:00+00:00,78.81999969482422,78.87000274658203,78.81999969482422,78.83000183105469,6245
2025-12-26 05:33:00+00:00,78.8499984741211,78.87000274658203,78.80999755859375,78.87000274658203,9545
2025-12-26 05:34:00+00:00,78.83000183105469,78.87000274658203,78.80999755859375,78.8499984741211,5715
2025-12-26 05:35:00+00:00,78.87999725341797,78.88999938964844,78.80000305175781,78.80999755859375,10714
2025-12-26 05:36:00+00:00,78.87000274658203,78.88999938964844,78.83999633789062,78.8499984741211,5425
2025-12-26 05:37:00+00:00,78.8499984741211,78.86000061035156,78.80000305175781,78.83000183105469,13309
2025-12-26 05:38:00+00:00,78.80999755859375,78.86000061035156,78.80000305175781,78.80999755859375,4469
2025-12-26 05:39:00+00:00,78.81999969482422,78.8499984741211,78.80000305175781,78.8499984741211,5509
2025-12-26 05:40:00+00:00,78.80999755859375,78.83999633789062,78.80000305175781,78.83000183105469,12342
2025-12-26 05:41:00+00:00,78.80999755859375,78.80999755859375,78.76000213623047,78.80000305175781,12766
2025-12-26 05:42:00+00:00,78.79000091552734,78.83000183105469,78.76000213623047,78.80000305175781,8666
2025-12-26 05:43:00+00:00,78.79000091552734,78.80000305175781,78.76000213623047,78.79000091552734,9193
2025-12-26 05:44:00+00:00,78.7699966430664,78.80000305175781,78.73999786376953,78.80000305175781,11401
2025-12-26 05:45:00+00:00,78.70999908447266,78.76000213623047,78.70999908447266,78.73999786376953,15748
2025-12-26 05:46:00+00:00,78.70999908447266,78.75,78.70999908447266,78.72000122070312,4969
2025-12-26 05:47:00+00:00,78.66999816894531,78.73999786376953,78.6500015258789,78.72000122070312,28908
2025-12-26 05:48:00+00:00,78.72000122070312,78.72000122070312,78.66000366210938,78.66999816894531,8236
2025-12-26 05:49:00+00:00,78.7300033569336,78.7699966430664,78.7300033569336,78.7699966430664,11545
2025-12-26 05:50:00+00:00,78.72000122070312,78.77999877929688,78.69000244140625,78.75,29978
2025-12-26 05:51:00+00:00,78.72000122070312,78.73999786376953,78.69000244140625,78.73999786376953,4778
2025-12-26 05:52:00+00:00,78.73999786376953,78.73999786376953,78.68000030517578,78.72000122070312,4798
2025-12-26 05:53:00+00:00,78.72000122070312,78.75,78.66999816894531,78.75,8462
2025-12-26 05:54:00+00:00,78.72000122070312,78.72000122070312,78.68000030517578,78.72000122070312,10986
2025-12-26 05:55:00+00:00,78.81999969482422,78.8499984741211,78.68000030517578,78.68000030517578,36298
2025-12-26 05:56:00+00:00,78.86000061035156,78.87999725341797,78.80999755859375,78.80999755859375,6753
2025-12-26 05:57:00+00:00,78.83000183105469,78.87000274658203,78.80000305175781,78.86000061035156,12809
2025-12-26 05:58:00+00:00,78.86000061035156,78.86000061035156,78.80000305175781,78.83000183105469,8668
2025-12-26 05:59:00+00:00,78.87000274658203,78.87000274658203,78.80000305175781,78.80999755859375,8109
2025-12-26 06:00:00+00:00,78.91999816894531,78.91999816894531,78.8499984741211,78.8499984741211,34004
2025-12-26 06:01:00+00:00,79.16000366210938,79.16999816894531,78.9000015258789,78.9000015258789,292485
2025-12-26 06:02:00+00:00,79.0999984741211,79.16000366210938,79.08000183105469,79.16000366210938,20710
2025-12-26 06:03:00+00:00,79.11000061035156,79.12000274658203,79.06999969482422,79.08999633789062,17811
2025-12-26 06:04:00+00:00,79.0,79.12999725341797,78.93000030517578,79.0999984741211,34500
2025-12-26 06:05:00+00:00,78.98999786376953,79.0199966430664,78.97000122070312,79.0199966430664,18057
2025-12-26 06:06:00+00:00,78.9800033569336,79.0,78.94000244140625,78.97000122070312,6215
2025-12-26 06:07:00+00:00,78.97000122070312,78.9800033569336,78.94000244140625,78.97000122070312,6751
2025-12-26 06:08:00+00:00,78.94999694824219,78.97000122070312,78.94000244140625,78.94000244140625,11729
2025-12-26 06:09:00+00:00,78.95999908447266,78.97000122070312,78.93000030517578,78.94999694824219,6638
2025-12-26 06:10:00+00:00,78.93000030517578,78.95999908447266,78.9000015258789,78.93000030517578,9804
2025-12-26 06:11:00+00:00,78.91000366210938,78.94999694824219,78.87999725341797,78.94000244140625,21609
2025-12-26 06:12:00+00:00,78.94000244140625,78.94999694824219,78.8499984741211,78.87999725341797,23734
2025-12-26 06:13:00+00:00,78.91999816894531,78.94000244140625,78.9000015258789,78.94000244140625,7484
2025-12-26 06:14:00+00:00,78.9000015258789,78.91999816894531,78.86000061035156,78.9000015258789,15197
2025-12-26 06:15:00+00:00,78.91000366210938,78.91999816894531,78.86000061035156,78.91999816894531,4554
2025-12-26 06:16:00+00:00,78.87000274658203,78.91999816894531,78.86000061035156,78.91000366210938,6539
2025-12-26 06:17:00+00:00,78.91000366210938,78.91999816894531,78.86000061035156,78.87000274658203,14351
2025-12-26 06:18:00+00:00,78.91999816894531,78.91999816894531,78.86000061035156,78.87999725341797,9187
2025-12-26 06:19:00+00:00,78.9000015258789,78.91999816894531,78.87999725341797,78.87999725341797,5767
2025-12-26 06:20:00+00:00,78.9000015258789,78.93000030517578,78.86000061035156,78.9000015258789,12089
2025-12-26 06:21:00+00:00,78.83000183105469,78.91000366210938,78.80000305175781,78.87000274658203,34592
2025-12-26 06:22:00+00:00,78.83000183105469,78.8499984741211,78.80000305175781,78.80000305175781,5749
2025-12-26 06:23:00+00:00,78.83999633789062,78.8499984741211,78.80999755859375,78.83000183105469,6489
2025-12-26 06:24:00+00:00,78.86000061035156,78.87000274658203,78.81999969482422,78.8499984741211,5352
2025-12-26 06:25:00+00:00,78.83999633789062,78.87000274658203,78.81999969482422,78.83000183105469,4575
2025-12-26 06:26:00+00:00,78.88999938964844,78.88999938964844,78.81999969482422,78.86000061035156,8726
2025-12-26 06:27:00+00:00,78.88999938964844,78.9000015258789,78.8499984741211,78.88999938964844,5932
2025-12-26 06:28:00+00:00,78.87000274658203,78.9000015258789,78.83999633789062,78.86000061035156,6145
2025-12-26 06:29:00+00:00,78.87999725341797,78.87999725341797,78.87000274658203,78.87999725341797,4809
2025-12-26 06:30:00+00:00,78.8499984741211,78.88999938964844,78.83000183105469,78.87999725341797,3892
2025-12-26 06:31:00+00:00,78.83999633789062,78.88999938964844,78.83999633789062,78.87999725341797,6897
2025-12-26 06:32:00+00:00,78.86000061035156,78.88999938964844,78.83999633789062,78.8499984741211,5407
2025-12-26 06:33:00+00:00,78.86000061035156,78.9000015258789,78.86000061035156,78.87999725341797,5011
2025-12-26 06:34:00+00:00,78.88999938964844,78.9000015258789,78.8499984741211,78.9000015258789,8545
2025-12-26 06:35:00+00:00,78.87000274658203,78.87999725341797,78.83999633789062,78.87999725341797,10675
2025-12-26 06:36:00+00:00,78.8499984741211,78.88999938964844,78.83999633789062,78.83999633789062,4919
2025-12-26 06:37:00+00:00,78.98999786376953,79.0,78.8499984741211,78.8499984741211,62938
2025-12-26 06:38:00+00:00,78.98999786376953,79.0,78.94999694824219,78.94999694824219,14035
2025-12-26 06:39:00+00:00,79.0,79.0,78.97000122070312,78.98999786376953,15906
2025-12-26 06:40:00+00:00,78.98999786376953,79.0,78.98999786376953,79.0,8290
2025-12-26 06:41:00+00:00,78.98999786376953,79.0,78.95999908447266,79.0,9009
2025-12-26 06:42:00+00:00,79.0,79.0,78.97000122070312,79.0,4151
2025-12-26 06:43:00+00:00,79.02999877929688,79.02999877929688,78.98999786376953,79.02999877929688,7640
2025-12-26 06:44:00+00:00,79.0,79.04000091552734,79.0,79.04000091552734,8901
2025-12-26 06:45:00+00:00,79.02999877929688,79.04000091552734,78.98999786376953,79.0,8999
2025-12-26 06:46:00+00:00,79.02999877929688,79.05000305175781,79.0,79.0,20878
2025-12-26 06:47:00+00:00,79.02999877929688,79.02999877929688,79.0,79.02999877929688,6241
2025-12-26 06:48:00+00:00,79.0199966430664,79.02999877929688,79.0,79.02999877929688,9250
2025-12-26 06:49:00+00:00,79.02999877929688,79.02999877929688,79.0,79.0199966430664,8333
2025-12-26 06:50:00+00:00,79.08999633789062,79.08999633789062,79.0,79.02999877929688,62690
2025-12-26 06:51:00+00:00,79.1500015258789,79.1500015258789,79.06999969482422,79.08999633789062,49852
2025-12-26 06:52:00+00:00,79.08999633789062,79.1500015258789,79.08999633789062,79.1500015258789,13412
2025-12-26 06:53:00+00:00,79.0999984741211,79.11000061035156,79.05999755859375,79.11000061035156,10629
2025-12-26 06:54:00+00:00,79.06999969482422,79.0999984741211,78.98999786376953,79.05999755859375,37394
2025-12-26 06:55:00+00:00,79.06999969482422,79.08000183105469,79.02999877929688,79.06999969482422,5560
2025-12-26 06:56:00+00:00,79.04000091552734,79.06999969482422,79.0199966430664,79.05000305175781,12731
2025-12-26 06:57:00+00:00,79.02999877929688,79.05000305175781,79.0,79.04000091552734,5194
2025-12-26 06:58:00+00:00,79.02999877929688,79.02999877929688,79.0,79.01000213623047,7719
2025-12-26 06:59:00+00:00,79.0199966430664,79.02999877929688,79.0,79.02999877929688,6858
2025-12-26 07:00:00+00:00,78.98999786376953,79.0199966430664,78.94999694824219,79.0199966430664,11142
2025-12-26 07:01:00+00:00,79.0,79.0,78.93000030517578,78.98999786376953,29439
2025-12-26 07:02:00+00:00,78.98999786376953,78.98999786376953,78.94999694824219,78.98999786376953,11420
2025-12-26 07:03:00+00:00,78.91000366210938,78.98999786376953,78.91000366210938,78.98999786376953,6412
2025-12-26 07:04:00+00:00,78.93000030517578,78.9800033569336,78.9000015258789,78.95999908447266,2654
2025-12-26 07:05:00+00:00,78.93000030517578,78.95999908447266,78.91000366210938,78.94999694824219,3697
2025-12-26 07:06:00+00:00,79.04000091552734,79.06999969482422,78.94000244140625,78.95999908447266,29405
2025-12-26 07:07:00+00:00,79.0,79.04000091552734,78.97000122070312,79.04000091552734,11102
2025-12-26 07:08:00+00:00,79.06999969482422,79.06999969482422,78.94999694824219,79.0199966430664,32587
2025-12-26 07:09:00+00:00,79.05999755859375,79.06999969482422,79.0199966430664,79.05000305175781,6247
2025-12-26 07:10:00+00:00,79.02999877929688,79.05999755859375,78.9800033569336,79.0199966430664,4703
2025-12-26 07:11:00+00:00,79.0199966430664,79.02999877929688,78.9800033569336,79.02999877929688,7252
2025-12-26 07:12:00+00:00,79.02999877929688,79.02999877929688,78.9800033569336,79.0199966430664,8702
2025-12-26 07:13:00+00:00,79.0,79.02999877929688,79.0,79.02999877929688,5589
2025-12-26 07:14:00+00:00,79.02999877929688,79.02999877929688,79.0,79.02999877929688,12058
2025-12-26 07:15:00+00:00,79.01000213623047,79.02999877929688,78.98999786376953,79.02999877929688,5657
2025-12-26 07:16:00+00:00,79.08999633789062,79.08999633789062,78.98999786376953,79.05999755859375,51272
2025-12-26 07:17:00+00:00,79.04000091552734,79.08999633789062,79.04000091552734,79.08999633789062,3263
2025-12-26 07:18:00+00:00,79.05000305175781,79.05000305175781,79.0199966430664,79.0199966430664,3944
2025-12-26 07:19:00+00:00,79.05999755859375,79.08000183105469,79.0199966430664,79.05000305175781,12432
2025-12-26 07:20:00+00:00,79.05999755859375,79.06999969482422,79.02999877929688,79.05999755859375,3681
2025-12-26 07:21:00+00:00,79.04000091552734,79.05999755859375,79.0,79.05999755859375,10193
2025-12-26 07:22:00+00:00,79.01000213623047,79.05000305175781,79.0,79.01000213623047,7771
2025-12-26 07:23:00+00:00,79.02999877929688,79.05000305175781,79.01000213623047,79.04000091552734,3233
2025-12-26 07:24:00+00:00,79.0,79.02999877929688,78.97000122070312,79.02999877929688,7828
2025-12-26 07:25:00+00:00,79.0,79.0,78.97000122070312,79.0,10515
2025-12-26 07:26:00+00:00,79.0,79.0199966430664,79.0,79.0199966430664,6673
2025-12-26 07:27:00+00:00,79.0,79.0199966430664,79.0,79.0,6471
2025-12-26 07:28:00+00:00,79.0,79.04000091552734,78.98999786376953,78.98999786376953,14492
2025-12-26 07:29:00+00:00,78.9800033569336,79.0,78.9800033569336,79.0,6207
2025-12-26 07:30:00+00:00,78.94999694824219,79.0,78.94999694824219,79.0,9620
2025-12-26 07:31:00+00:00,78.94000244140625,78.98999786376953,78.93000030517578,78.94999694824219,14427
2025-12-26 07:32:00+00:00,78.94000244140625,78.97000122070312,78.93000030517578,78.93000030517578,14063
2025-12-26 07:33:00+00:00,78.87000274658203,78.9800033569336,78.83000183105469,78.93000030517578,16985
2025-12-26 07:34:00+00:00,78.83999633789062,78.9000015258789,78.80999755859375,78.87000274658203,97439
2025-12-26 07:35:00+00:00,78.87000274658203,78.88999938964844,78.70999908447266,78.83999633789062,83543
2025-12-26 07:36:00+00:00,78.87999725341797,78.88999938964844,78.80999755859375,78.87999725341797,16488
2025-12-26 07:37:00+00:00,78.83999633789062,78.9000015258789,78.83999633789062,78.87999725341797,10408
2025-12-26 07:38:00+00:00,78.80999755859375,78.87999725341797,78.80000305175781,78.87999725341797,15412
2025-12-26 07:39:00+00:00,78.8499984741211,78.86000061035156,78.80000305175781,78.86000061035156,11093
2025-12-26 07:40:00+00:00,78.83999633789062,78.8499984741211,78.80000305175781,78.8499984741211,10058
2025-12-26 07:41:00+00:00,78.83999633789062,78.8499984741211,78.80000305175781,78.80000305175781,10102
2025-12-26 07:42:00+00:00,78.9000015258789,78.9000015258789,78.79000091552734,78.80000305175781,24602
2025-12-26 07:43:00+00:00,78.80999755859375,78.9000015258789,78.80000305175781,78.86000061035156,9662
2025-12-26 07:44:00+00:00,78.87000274658203,78.87999725341797,78.80000305175781,78.80000305175781,14604
2025-12-26 07:45:00+00:00,78.86000061035156,78.88999938964844,78.83000183105469,78.83999633789062,9282
2025-12-26 07:46:00+00:00,78.87999725341797,78.87999725341797,78.83000183105469,78.87000274658203,8457
2025-12-26 07:47:00+00:00,78.87000274658203,78.87999725341797,78.83000183105469,78.87999725341797,17145
2025-12-26 07:48:00+00:00,78.87999725341797,78.88999938964844,78.83999633789062,78.83999633789062,9766
2025-12-26 07:49:00+00:00,78.83000183105469,78.87999725341797,78.81999969482422,78.87999725341797,13533
2025-12-26 07:50:00+00:00,78.81999969482422,78.87999725341797,78.81999969482422,78.87000274658203,10459
2025-12-26 07:51:00+00:00,78.87000274658203,78.87999725341797,78.81999969482422,78.83000183105469,9807
2025-12-26 07:52:00+00:00,78.87000274658203,78.87000274658203,78.81999969482422,78.83000183105469,11293
2025-12-26 07:53:00+00:00,78.83000183105469,78.87000274658203,78.80999755859375,78.81999969482422,12984
2025-12-26 07:54:00+00:00,78.83000183105469,78.86000061035156,78.81999969482422,78.83000183105469,12408
2025-12-26 07:55:00+00:00,78.81999969482422,78.8499984741211,78.81999969482422,78.81999969482422,9755
2025-12-26 07:56:00+00:00,78.73999786376953,78.81999969482422,78.73999786376953,78.81999969482422,29263
2025-12-26 07:57:00+00:00,78.79000091552734,78.79000091552734,78.75,78.76000213623047,10698
2025-12-26 07:58:00+00:00,78.80999755859375,78.81999969482422,78.75,78.75,9096
2025-12-26 07:59:00+00:00,78.7699966430664,78.80999755859375,78.75,78.80999755859375,12206
2025-12-26 08:00:00+00:00,78.80999755859375,78.80999755859375,78.76000213623047,78.80999755859375,9826
2025-12-26 08:01:00+00:00,78.7699966430664,78.81999969482422,78.7699966430664,78.80999755859375,14158
2025-12-26 08:02:00+00:00,78.80000305175781,78.80999755859375,78.7699966430664,78.80999755859375,8460
2025-12-26 08:03:00+00:00,78.7699966430664,78.80999755859375,78.7699966430664,78.7699966430664,10989
2025-12-26 08:04:00+00:00,78.75,78.80000305175781,78.72000122070312,78.80000305175781,37963
2025-12-26 08:05:00+00:00,78.83000183105469,78.83999633789062,78.75,78.75,31277
2025-12-26 08:06:00+00:00,78.79000091552734,78.87000274658203,78.79000091552734,78.83000183105469,19248
2025-12-26 08:07:00+00:00,78.83000183105469,78.83999633789062,78.77999877929688,78.79000091552734,23240
2025-12-26 08:08:00+00:00,78.77999877929688,78.83000183105469,78.77999877929688,78.77999877929688,13093
2025-12-26 08:09:00+00:00,78.77999877929688,78.83000183105469,78.7699966430664,78.77999877929688,10468
2025-12-26 08:10:00+00:00,78.80000305175781,78.81999969482422,78.75,78.81999969482422,14818
2025-12-26 08:11:00+00:00,78.76000213623047,78.80000305175781,78.72000122070312,78.75,115955
2025-12-26 08:12:00+00:00,78.70999908447266,78.7699966430664,78.70999908447266,78.72000122070312,19326
2025-12-26 08:13:00+00:00,78.76000213623047,78.76000213623047,78.70999908447266,78.70999908447266,11897
2025-12-26 08:14:00+00:00,78.77999877929688,78.79000091552734,78.72000122070312,78.72000122070312,10949
2025-12-26 08:15:00+00:00,78.80000305175781,78.83999633789062,78.72000122070312,78.76000213623047,52856
2025-12-26 08:16:00+00:00,78.72000122070312,78.83999633789062,78.72000122070312,78.80000305175781,23883
2025-12-26 08:17:00+00:00,78.69999694824219,78.83000183105469,78.69999694824219,78.76000213623047,54814
2025-12-26 08:18:00+00:00,78.70999908447266,78.73999786376953,78.69999694824219,78.69999694824219,9657
2025-12-26 08:19:00+00:00,78.70999908447266,78.75,78.69999694824219,78.70999908447266,9705
2025-12-26 08:20:00+00:00,78.69000244140625,78.75,78.68000030517578,78.70999908447266,13762
2025-12-26 08:21:00+00:00,78.72000122070312,78.7300033569336,78.66000366210938,78.69999694824219,39053
2025-12-26 08:22:00+00:00,78.66000366210938,78.72000122070312,78.6500015258789,78.72000122070312,11361
2025-12-26 08:23:00+00:00,78.66000366210938,78.69999694824219,78.6500015258789,78.66000366210938,12009
2025-12-26 08:24:00+00:00,78.66000366210938,78.69000244140625,78.66000366210938,78.66000366210938,13445
2025-12-26 08:25:00+00:00,78.66000366210938,78.69999694824219,78.66000366210938,78.69000244140625,12262
2025-12-26 08:26:00+00:00,78.66000366210938,78.69000244140625,78.66000366210938,78.66000366210938,11591
2025-12-26 08:27:00+00:00,78.68000030517578,78.73999786376953,78.66999816894531,78.69999694824219,25267
2025-12-26 08:28:00+00:00,78.73999786376953,78.75,78.68000030517578,78.7300033569336,9881
2025-12-26 08:29:00+00:00,78.69999694824219,78.73999786376953,78.69999694824219,78.69999694824219,8572
2025-12-26 08:30:00+00:00,78.72000122070312,78.73999786376953,78.69999694824219,78.69999694824219,13543
2025-12-26 08:31:00+00:00,78.68000030517578,78.7300033569336,78.68000030517578,78.72000122070312,9374
2025-12-26 08:32:00+00:00,78.69000244140625,78.7300033569336,78.68000030517578,78.68000030517578,9423
2025-12-26 08:33:00+00:00,78.68000030517578,78.73999786376953,78.68000030517578,78.73999786376953,8947
2025-12-26 08:34:00+00:00,78.68000030517578,78.73999786376953,78.68000030517578,78.69999694824219,16115
2025-12-26 08:35:00+00:00,78.66999816894531,78.72000122070312,78.66999816894531,78.69999694824219,9428
2025-12-26 08:36:00+00:00,78.66999816894531,78.69999694824219,78.66999816894531,78.66999816894531,8530
2025-12-26 08:37:00+00:00,78.6500015258789,78.69999694824219,78.63999938964844,78.69999694824219,35574
2025-12-26 08:38:00+00:00,78.62000274658203,78.66999816894531,78.62000274658203,78.6500015258789,22083
2025-12-26 08:39:00+00:00,78.6500015258789,78.66999816894531,78.62000274658203,78.62000274658203,22546
2025-12-26 08:40:00+00:00,78.62000274658203,78.69000244140625,78.62000274658203,78.62999725341797,34471
2025-12-26 08:41:00+00:00,78.66000366210938,78.69999694824219,78.62000274658203,78.63999938964844,11203
2025-12-26 08:42:00+00:00,78.63999938964844,78.66999816894531,78.62000274658203,78.62999725341797,10030
2025-12-26 08:43:00+00:00,78.6500015258789,78.7300033569336,78.61000061035156,78.68000030517578,44634
2025-12-26 08:44:00+00:00,78.66999816894531,78.69999694824219,78.6500015258789,78.6500015258789,7595
2025-12-26 08:45:00+00:00,78.63999938964844,78.70999908447266,78.62999725341797,78.66000366210938,12667
2025-12-26 08:46:00+00:00,78.63999938964844,78.70999908447266,78.63999938964844,78.66999816894531,10847
2025-12-26 08:47:00+00:00,78.62000274658203,78.69999694824219,78.62000274658203,78.66999816894531,11355
2025-12-26 08:48:00+00:00,78.62000274658203,78.66000366210938,78.62000274658203,78.62000274658203,8940
2025-12-26 08:49:00+00:00,78.63999938964844,78.6500015258789,78.62000274658203,78.62000274658203,7607
2025-12-26 08:50:00+00:00,78.62000274658203,78.6500015258789,78.5999984741211,78.62000274658203,18792
2025-12-26 08:51:00+00:00,78.56999969482422,78.63999938964844,78.55999755859375,78.5999984741211,28369
2025-12-26 08:52:00+00:00,78.55000305175781,78.58000183105469,78.55000305175781,78.56999969482422,11617
2025-12-26 08:53:00+00:00,78.55000305175781,78.58000183105469,78.5199966430664,78.55000305175781,14572
2025-12-26 08:54:00+00:00,78.58000183105469,78.58000183105469,78.52999877929688,78.54000091552734,11824
2025-12-26 08:55:00+00:00,78.5199966430664,78.58000183105469,78.5199966430664,78.58000183105469,10483
2025-12-26 08:56:00+00:00,78.5199966430664,78.55999755859375,78.51000213623047,78.54000091552734,11418
2025-12-26 08:57:00+00:00,78.55000305175781,78.58000183105469,78.51000213623047,78.58000183105469,22702
2025-12-26 08:58:00+00:00,78.55000305175781,78.55000305175781,78.5,78.55000305175781,24526
2025-12-26 08:59:00+00:00,78.5,78.54000091552734,78.5,78.5,16624
2025-12-26 09:00:00+00:00,78.51000213623047,78.58000183105469,78.5,78.5,17725
2025-12-26 09:01:00+00:00,78.51000213623047,78.52999877929688,78.5,78.5199966430664,22481
2025-12-26 09:02:00+00:00,78.45999908447266,78.5,78.45999908447266,78.5,24457
2025-12-26 09:03:00+00:00,78.4000015258789,78.48999786376953,78.4000015258789,78.44999694824219,27112
2025-12-26 09:04:00+00:00,78.4000015258789,78.43000030517578,78.4000015258789,78.4000015258789,11387
2025-12-26 09:05:00+00:00,78.3499984741211,78.4000015258789,78.3499984741211,78.4000015258789,28704
2025-12-26 09:06:00+00:00,78.30999755859375,78.37000274658203,78.30000305175781,78.37000274658203,15243
2025-12-26 09:07:00+00:00,78.31999969482422,78.36000061035156,78.30000305175781,78.30999755859375,14446
2025-12-26 09:08:00+00:00,78.3499984741211,78.38999938964844,78.31999969482422,78.3499984741211,11515
2025-12-26 09:09:00+00:00,78.3499984741211,78.38999938964844,78.33000183105469,78.3499984741211,11228
2025-12-26 09:10:00+00:00,78.33999633789062,78.4000015258789,78.33999633789062,78.33999633789062,10521
2025-12-26 09:11:00+00:00,78.31999969482422,78.37999725341797,78.31999969482422,78.33999633789062,10401
2025-12-26 09:12:00+00:00,78.30999755859375,78.36000061035156,78.30999755859375,78.31999969482422,9156
2025-12-26 09:13:00+00:00,78.3499984741211,78.36000061035156,78.30999755859375,78.30999755859375,8848
2025-12-26 09:14:00+00:00,78.31999969482422,78.3499984741211,78.30999755859375,78.3499984741211,8884
2025-12-26 09:15:00+00:00,78.33999633789062,78.3499984741211,78.30000305175781,78.31999969482422,2786
2025-12-26 09:16:00+00:00,78.26000213623047,78.33999633789062,78.25,78.30000305175781,32121
2025-12-26 09:17:00+00:00,78.2300033569336,78.29000091552734,78.20999908447266,78.26000213623047,21823
2025-12-26 09:18:00+00:00,78.19999694824219,78.2300033569336,78.19999694824219,78.20999908447266,12353
2025-12-26 09:19:00+00:00,78.18000030517578,78.20999908447266,78.16999816894531,78.19999694824219,7926
2025-12-26 09:20:00+00:00,78.16999816894531,78.19999694824219,78.16999816894531,78.18000030517578,12903
2025-12-26 09:21:00+00:00,78.23999786376953,78.2699966430664,78.16999816894531,78.19999694824219,16396
2025-12-26 09:22:00+00:00,78.27999877929688,78.30000305175781,78.19999694824219,78.19999694824219,11796
2025-12-26 09:23:00+00:00,78.26000213623047,78.31999969482422,78.25,78.31999969482422,19324
2025-12-26 09:24:00+00:00,78.2699966430664,78.30999755859375,78.26000213623047,78.29000091552734,8790
2025-12-26 09:25:00+00:00,78.31999969482422,78.37000274658203,78.26000213623047,78.27999877929688,26924
2025-12-26 09:26:00+00:00,78.33000183105469,78.36000061035156,78.30000305175781,78.31999969482422,8916
2025-12-26 09:27:00+00:00,78.33999633789062,78.37999725341797,78.30000305175781,78.31999969482422,30716
2025-12-26 09:28:00+00:00,78.3499984741211,78.38999938964844,78.31999969482422,78.33000183105469,23375
2025-12-26 09:29:00+00:00,78.54000091552734,78.58000183105469,78.33999633789062,78.37000274658203,47266
2025-12-26 09:30:00+00:00,78.48999786376953,78.6500015258789,78.48999786376953,78.54000091552734,46900
2025-12-26 09:31:00+00:00,78.54000091552734,78.54000091552734,78.45999908447266,78.47000122070312,89188
2025-12-26 09:32:00+00:00,78.51000213623047,78.55000305175781,78.5,78.52999877929688,15652
2025-12-26 09:33:00+00:00,78.45999908447266,78.52999877929688,78.43000030517578,78.51000213623047,31310
2025-12-26 09:34:00+00:00,78.37000274658203,78.44999694824219,78.37000274658203,78.44999694824219,35482
2025-12-26 09:35:00+00:00,78.37000274658203,78.48999786376953,78.3499984741211,78.37000274658203,22494
2025-12-26 09:36:00+00:00,78.4000015258789,78.47000122070312,78.3499984741211,78.37000274658203,25409
2025-12-26 09:37:00+00:00,78.4000015258789,78.51000213623047,78.3499984741211,78.41999816894531,24151
2025-12-26 09:38:00+00:00,78.38999938964844,78.51000213623047,78.36000061035156,78.38999938964844,26249
2025-12-26 09:39:00+00:00,78.41000366210938,78.44000244140625,78.37000274658203,78.37999725341797,19316
2025-12-26 09:40:00+00:00,78.41000366210938,78.44999694824219,78.37999725341797,78.41000366210938,36125
2025-12-26 09:41:00+00:00,78.41000366210938,78.5,78.38999938964844,78.44000244140625,26336
2025-12-26 09:42:00+00:00,78.4800033569336,78.55000305175781,78.4000015258789,78.4000015258789,45376
2025-12-26 09:43:00+00:00,78.44999694824219,78.48999786376953,78.43000030517578,78.4800033569336,20342
2025-12-26 09:44:00+00:00,78.48999786376953,78.5199966430664,78.44999694824219,78.44999694824219,51438
2025-12-26 09:45:00+00:00,78.3499984741211,78.54000091552734,78.3499984741211,78.4800033569336,84716
2025-12-26 09:46:00+00:00,78.37000274658203,78.41000366210938,78.33000183105469,78.4000015258789,27973
2025-12-26 09:47:00+00:00,78.37000274658203,78.41000366210938,78.36000061035156,78.37000274658203,16941
2025-12-26 09:48:00+00:00,78.37000274658203,78.41000366210938,78.3499984741211,78.37000274658203,57993
2025-12-26 09:49:00+00:00,78.30999755859375,78.37000274658203,78.30999755859375,78.37000274658203,40949
2025-12-26 09:50:00+00:00,78.31999969482422,78.33999633789062,78.30000305175781,78.31999969482422,26163
2025-12-26 09:51:00+00:00,78.33000183105469,78.37000274658203,78.30000305175781,78.30999755859375,32759
2025-12-26 09:52:00+00:00,78.25,78.33000183105469,78.25,78.33000183105469,49432
2025-12-26 09:53:00+00:00,78.19999694824219,78.27999877929688,78.19999694824219,78.25,44165
2025-12-26 09:54:00+00:00,78.19999694824219,78.25,78.16999816894531,78.19999694824219,34866
2025-12-26 09:55:00+00:00,78.16000366210938,78.19999694824219,78.1500015258789,78.19999694824219,28992
2025-12-26 09:56:00+00:00,78.19000244140625,78.19999694824219,78.1500015258789,78.16000366210938,44760
2025-12-26 09:57:00+00:00,78.22000122070312,78.25,78.19999694824219,78.2300033569336,62296
2025-12-26 09:58:00+00:00,78.23999786376953,78.23999786376953,78.19999694824219,78.22000122070312,25511
2025-12-26 09:59:00+00:00,78.2300033569336,78.30000305175781,78.19999694824219,78.19999694824219,60529
2025-12-29 03:45:00+00:00,78.08999633789062,78.36000061035156,78.08999633789062,78.36000061035156,0
2025-12-29 03:46:00+00:00,78.2300033569336,78.2300033569336,78.05999755859375,78.05999755859375,35925
2025-12-29 03:47:00+00:00,78.0,78.1500015258789,78.0,78.1500015258789,71543
2025-12-29 03:48:00+00:00,78.11000061035156,78.11000061035156,78.01000213623047,78.01000213623047,44725
2025-12-29 03:49:00+00:00,78.08000183105469,78.12000274658203,78.05000305175781,78.0999984741211,49991
2025-12-29 03:50:00+00:00,77.9800033569336,78.13999938964844,77.9800033569336,78.06999969482422,80801
2025-12-29 03:51:00+00:00,77.91999816894531,77.97000122070312,77.9000015258789,77.95999908447266,39168
2025-12-29 03:52:00+00:00,77.97000122070312,77.97000122070312,77.9000015258789,77.9000015258789,40573
2025-12-29 03:53:00+00:00,77.9800033569336,77.9800033569336,77.93000030517578,77.93000030517578,27907
2025-12-29 03:54:00+00:00,77.94000244140625,77.9800033569336,77.91999816894531,77.9800033569336,7239
2025-12-29 03:55:00+00:00,78.0199966430664,78.0199966430664,77.91999816894531,77.91999816894531,63000
2025-12-29 03:56:00+00:00,78.0,78.13999938964844,78.0,78.04000091552734,30600
2025-12-29 03:57:00+00:00,78.05000305175781,78.08000183105469,78.04000091552734,78.04000091552734,7994
2025-12-29 03:58:00+00:00,78.0199966430664,78.05000305175781,78.01000213623047,78.02999877929688,5903
2025-12-29 03:59:00+00:00,78.0,78.04000091552734,78.0,78.04000091552734,7180
2025-12-29 04:00:00+00:00,78.0,78.0199966430664,77.97000122070312,78.0,41894
2025-12-29 04:01:00+00:00,78.04000091552734,78.05999755859375,78.01000213623047,78.02999877929688,30105
2025-12-29 04:02:00+00:00,78.1500015258789,78.1500015258789,78.0199966430664,78.0199966430664,39420
2025-12-29 04:03:00+00:00,78.18000030517578,78.19999694824219,78.13999938964844,78.18000030517578,26093
2025-12-29 04:04:00+00:00,78.13999938964844,78.19999694824219,78.11000061035156,78.19999694824219,18325
2025-12-29 04:05:00+00:00,78.0999984741211,78.12999725341797,78.0999984741211,78.12000274658203,16500
2025-12-29 04:06:00+00:00,78.08000183105469,78.12999725341797,78.08000183105469,78.12999725341797,16521
2025-12-29 04:07:00+00:00,78.02999877929688,78.08000183105469,78.02999877929688,78.08000183105469,11605
2025-12-29 04:08:00+00:00,78.05999755859375,78.0999984741211,78.0,78.0199966430664,87816
2025-12-29 04:09:00+00:00,78.13999938964844,78.13999938964844,78.0999984741211,78.0999984741211,24041
2025-12-29 04:10:00+00:00,78.06999969482422,78.18000030517578,78.06999969482422,78.12999725341797,23442
2025-12-29 04:11:00+00:00,78.05000305175781,78.08999633789062,78.04000091552734,78.05000305175781,4450
2025-12-29 04:12:00+00:00,78.0199966430664,78.08999633789062,78.01000213623047,78.05000305175781,11457
2025-12-29 04:13:00+00:00,78.08000183105469,78.08000183105469,78.01000213623047,78.05000305175781,14008
2025-12-29 04:14:00+00:00,78.04000091552734,78.05000305175781,78.04000091552734,78.04000091552734,1920
2025-12-29 04:15:00+00:00,78.0,78.02999877929688,78.0,78.02999877929688,42174
2025-12-29 04:16:00+00:00,78.01000213623047,78.02999877929688,78.0,78.01000213623047,3073
2025-12-29 04:17:00+00:00,78.0199966430664,78.02999877929688,78.0,78.02999877929688,4144
2025-12-29 04:18:00+00:00,78.02999877929688,78.02999877929688,78.01000213623047,78.02999877929688,17074
2025-12-29 04:19:00+00:00,78.05000305175781,78.06999969482422,78.01000213623047,78.02999877929688,15739
2025-12-29 04:20:00+00:00,78.0,78.02999877929688,77.9800033569336,78.02999877929688,25274
2025-12-29 04:21:00+00:00,77.9800033569336,78.0,77.95999908447266,77.95999908447266,19888
2025-12-29 04:22:00+00:00,78.0,78.0,77.95999908447266,78.0,11801
2025-12-29 04:23:00+00:00,77.97000122070312,78.0,77.97000122070312,78.0,16303
2025-12-29 04:24:00+00:00,77.91999816894531,77.97000122070312,77.91999816894531,77.95999908447266,47700
2025-12-29 04:25:00+00:00,77.80999755859375,77.91999816894531,77.80999755859375,77.9000015258789,73951
2025-12-29 04:26:00+00:00,77.75,77.8499984741211,77.75,77.80999755859375,69082
2025-12-29 04:27:00+00:00,77.69999694824219,77.79000091552734,77.66000366210938,77.79000091552734,37551
2025-12-29 04:28:00+00:00,77.68000030517578,77.69999694824219,77.66000366210938,77.69999694824219,22300
2025-12-29 04:29:00+00:00,77.68000030517578,77.69999694824219,77.62999725341797,77.69999694824219,21075
2025-12-29 04:30:00+00:00,77.66999816894531,77.68000030517578,77.6500015258789,77.68000030517578,10516
2025-12-29 04:31:00+00:00,77.63999938964844,77.66999816894531,77.58000183105469,77.66999816894531,138051
2025-12-29 04:32:00+00:00,77.62999725341797,77.6500015258789,77.62000274658203,77.63999938964844,26862
2025-12-29 04:33:00+00:00,77.6500015258789,77.6500015258789,77.62999725341797,77.62999725341797,17628
2025-12-29 04:34:00+00:00,77.61000061035156,77.6500015258789,77.61000061035156,77.62999725341797,9367
2025-12-29 04:35:00+00:00,77.6500015258789,77.6500015258789,77.61000061035156,77.61000061035156,12030
2025-12-29 04:36:00+00:00,77.66000366210938,77.66999816894531,77.6500015258789,77.6500015258789,8755
2025-12-29 04:37:00+00:00,77.7300033569336,77.75,77.69000244140625,77.69000244140625,22503
2025-12-29 04:38:00+00:00,77.73999786376953,77.73999786376953,77.69999694824219,77.72000122070312,3753
2025-12-29 04:39:00+00:00,77.69999694824219,77.73999786376953,77.69999694824219,77.73999786376953,11726
2025-12-29 04:40:00+00:00,77.73999786376953,77.73999786376953,77.69999694824219,77.69999694824219,10450
2025-12-29 04:41:00+00:00,77.70999908447266,77.75,77.69999694824219,77.73999786376953,11758
2025-12-29 04:42:00+00:00,77.68000030517578,77.70999908447266,77.66000366210938,77.70999908447266,19142
2025-12-29 04:43:00+00:00,77.62999725341797,77.68000030517578,77.62999725341797,77.68000030517578,36362
2025-12-29 04:44:00+00:00,77.63999938964844,77.66000366210938,77.62999725341797,77.62999725341797,5295
2025-12-29 04:45:00+00:00,77.5999984741211,77.66000366210938,77.58999633789062,77.66000366210938,28259
2025-12-29 04:46:00+00:00,77.62000274658203,77.62000274658203,77.5999984741211,77.61000061035156,328
2025-12-29 04:47:00+00:00,77.58999633789062,77.62000274658203,77.58000183105469,77.62000274658203,12044
2025-12-29 04:48:00+00:00,77.61000061035156,77.61000061035156,77.58999633789062,77.61000061035156,2235
2025-12-29 04:49:00+00:00,77.58000183105469,77.58000183105469,77.55999755859375,77.58000183105469,36846
2025-12-29 04:50:00+00:00,77.58000183105469,77.58000183105469,77.54000091552734,77.58000183105469,182738
2025-12-29 04:51:00+00:00,77.5999984741211,77.61000061035156,77.58000183105469,77.58000183105469,4088
2025-12-29 04:52:00+00:00,77.63999938964844,77.63999938964844,77.5999984741211,77.5999984741211,6624
2025-12-29 04:53:00+00:00,77.54000091552734,77.63999938964844,77.54000091552734,77.63999938964844,31559
2025-12-29 04:54:00+00:00,77.56999969482422,77.56999969482422,77.54000091552734,77.54000091552734,10965
2025-12-29 04:55:00+00:00,77.5,77.58000183105469,77.5,77.55000305175781,27260
2025-12-29 04:56:00+00:00,77.55000305175781,77.55000305175781,77.51000213623047,77.51000213623047,10244
2025-12-29 04:57:00+00:00,77.75,77.7699966430664,77.55000305175781,77.55000305175781,47031
2025-12-29 04:58:00+00:00,77.62000274658203,77.72000122070312,77.5999984741211,77.66999816894531,21481
2025-12-29 04:59:00+00:00,77.56999969482422,77.5999984741211,77.55000305175781,77.5999984741211,4259
2025-12-29 05:00:00+00:00,77.55000305175781,77.56999969482422,77.54000091552734,77.56999969482422,13657
2025-12-29 05:01:00+00:00,77.48999786376953,77.55000305175781,77.48999786376953,77.55000305175781,54013
2025-12-29 05:02:00+00:00,77.55000305175781,77.55000305175781,77.45999908447266,77.48999786376953,33638
2025-12-29 05:03:00+00:00,77.5,77.56999969482422,77.47000122070312,77.56999969482422,7195
2025-12-29 05:04:00+00:00,77.55000305175781,77.55000305175781,77.5,77.5,7198
2025-12-29 05:05:00+00:00,77.52999877929688,77.54000091552734,77.51000213623047,77.54000091552734,3585
2025-12-29 05:06:00+00:00,77.4800033569336,77.52999877929688,77.45999908447266,77.52999877929688,22366
2025-12-29 05:07:00+00:00,77.44999694824219,77.4800033569336,77.44999694824219,77.4800033569336,12037
2025-12-29 05:08:00+00:00,77.45999908447266,77.45999908447266,77.45999908447266,77.45999908447266,28012
2025-12-29 05:09:00+00:00,77.4800033569336,77.4800033569336,77.44000244140625,77.44000244140625,2349
2025-12-29 05:10:00+00:00,77.44999694824219,77.4800033569336,77.43000030517578,77.4800033569336,5195
2025-12-29 05:11:00+00:00,77.44000244140625,77.44000244140625,77.43000030517578,77.44000244140625,4911
2025-12-29 05:12:00+00:00,77.41000366210938,77.44000244140625,77.41000366210938,77.44000244140625,3505
2025-12-29 05:13:00+00:00,77.41000366210938,77.41999816894531,77.41000366210938,77.41999816894531,3396
2025-12-29 05:14:00+00:00,77.41999816894531,77.41999816894531,77.41000366210938,77.41000366210938,5015
2025-12-29 05:15:00+00:00,77.41999816894531,77.41999816894531,77.41000366210938,77.41999816894531,7361
2025-12-29 05:16:00+00:00,77.41999816894531,77.41999816894531,77.41000366210938,77.41999816894531,3234
2025-12-29 05:17:00+00:00,77.38999938964844,77.41999816894531,77.38999938964844,77.41999816894531,32271
2025-12-29 05:18:00+00:00,77.37999725341797,77.4000015258789,77.37999725341797,77.4000015258789,5403
2025-12-29 05:19:00+00:00,77.37999725341797,77.37999725341797,77.37000274658203,77.37999725341797,2510
2025-12-29 05:20:00+00:00,77.33999633789062,77.37000274658203,77.31999969482422,77.37000274658203,25264
2025-12-29 05:21:00+00:00,77.37999725341797,77.37999725341797,77.33999633789062,77.33999633789062,35696
2025-12-29 05:22:00+00:00,77.41000366210938,77.41000366210938,77.4000015258789,77.4000015258789,19704
2025-12-29 05:23:00+00:00,77.4000015258789,77.44000244140625,77.37999725341797,77.44000244140625,9115
2025-12-29 05:24:00+00:00,77.36000061035156,77.4000015258789,77.33999633789062,77.4000015258789,6658
2025-12-29 05:25:00+00:00,77.41000366210938,77.41000366210938,77.36000061035156,77.36000061035156,3438
2025-12-29 05:26:00+00:00,77.4000015258789,77.41999816894531,77.38999938964844,77.41000366210938,2350
2025-12-29 05:27:00+00:00,77.43000030517578,77.43000030517578,77.4000015258789,77.41999816894531,3503
2025-12-29 05:28:00+00:00,77.41999816894531,77.44000244140625,77.38999938964844,77.41000366210938,5396
2025-12-29 05:29:00+00:00,77.43000030517578,77.44000244140625,77.4000015258789,77.44000244140625,9545
2025-12-29 05:30:00+00:00,77.4000015258789,77.43000030517578,77.4000015258789,77.43000030517578,7956
2025-12-29 05:31:00+00:00,77.3499984741211,77.41000366210938,77.3499984741211,77.41000366210938,4810
2025-12-29 05:32:00+00:00,77.31999969482422,77.3499984741211,77.30999755859375,77.3499984741211,17999
2025-12-29 05:33:00+00:00,77.2699966430664,77.33000183105469,77.26000213623047,77.31999969482422,32140
2025-12-29 05:34:00+00:00,77.30000305175781,77.30000305175781,77.25,77.25,37264
2025-12-29 05:35:00+00:00,77.30000305175781,77.30000305175781,77.27999877929688,77.30000305175781,3819
2025-12-29 05:36:00+00:00,77.29000091552734,77.30000305175781,77.25,77.30000305175781,20208
2025-12-29 05:37:00+00:00,77.2699966430664,77.29000091552734,77.26000213623047,77.26000213623047,3381
2025-12-29 05:38:00+00:00,77.26000213623047,77.29000091552734,77.26000213623047,77.29000091552734,14623
2025-12-29 05:39:00+00:00,77.30000305175781,77.30000305175781,77.27999877929688,77.27999877929688,4870
2025-12-29 05:40:00+00:00,77.29000091552734,77.30999755859375,77.2699966430664,77.30000305175781,5589
2025-12-29 05:41:00+00:00,77.29000091552734,77.30000305175781,77.26000213623047,77.29000091552734,2798
2025-12-29 05:42:00+00:00,77.30000305175781,77.30000305175781,77.27999877929688,77.29000091552734,3385
2025-12-29 05:43:00+00:00,77.27999877929688,77.30000305175781,77.25,77.27999877929688,3644
2025-12-29 05:44:00+00:00,77.27999877929688,77.27999877929688,77.25,77.25,8187
2025-12-29 05:45:00+00:00,77.2699966430664,77.27999877929688,77.25,77.27999877929688,4867
2025-12-29 05:46:00+00:00,77.30000305175781,77.30000305175781,77.2699966430664,77.2699966430664,18802
2025-12-29 05:47:00+00:00,77.29000091552734,77.29000091552734,77.26000213623047,77.2699966430664,6335
2025-12-29 05:48:00+00:00,77.26000213623047,77.27999877929688,77.2300033569336,77.27999877929688,13995
2025-12-29 05:49:00+00:00,77.25,77.26000213623047,77.22000122070312,77.26000213623047,1239
2025-12-29 05:50:00+00:00,77.23999786376953,77.25,77.22000122070312,77.25,4720
2025-12-29 05:51:00+00:00,77.22000122070312,77.23999786376953,77.20999908447266,77.22000122070312,4337
2025-12-29 05:52:00+00:00,77.20999908447266,77.22000122070312,77.19999694824219,77.22000122070312,18520
2025-12-29 05:53:00+00:00,77.19000244140625,77.20999908447266,77.18000030517578,77.19999694824219,17478
2025-12-29 05:54:00+00:00,77.19000244140625,77.19000244140625,77.18000030517578,77.19000244140625,6442
2025-12-29 05:55:00+00:00,77.1500015258789,77.19000244140625,77.1500015258789,77.16000366210938,20561
2025-12-29 05:56:00+00:00,77.12999725341797,77.18000030517578,77.11000061035156,77.18000030517578,19923
2025-12-29 05:57:00+00:00,77.11000061035156,77.12999725341797,77.06999969482422,77.12999725341797,8169
2025-12-29 05:58:00+00:00,77.05000305175781,77.11000061035156,77.05000305175781,77.0999984741211,9437
2025-12-29 05:59:00+00:00,77.05000305175781,77.06999969482422,77.05000305175781,77.05000305175781,7340
2025-12-29 06:00:00+00:00,77.0199966430664,77.05999755859375,77.0199966430664,77.05999755859375,34441
2025-12-29 06:01:00+00:00,77.04000091552734,77.04000091552734,77.01000213623047,77.0199966430664,40258
2025-12-29 06:02:00+00:00,77.02999877929688,77.04000091552734,77.01000213623047,77.01000213623047,10558
2025-12-29 06:03:00+00:00,77.02999877929688,77.04000091552734,77.0199966430664,77.04000091552734,6704
2025-12-29 06:04:00+00:00,77.02999877929688,77.02999877929688,77.01000213623047,77.01000213623047,8534
2025-12-29 06:05:00+00:00,77.0199966430664,77.02999877929688,77.0,77.02999877929688,8789
2025-12-29 06:06:00+00:00,77.02999877929688,77.02999877929688,77.0,77.0199966430664,9484
2025-12-29 06:07:00+00:00,77.0199966430664,77.02999877929688,77.01000213623047,77.01000213623047,5481
2025-12-29 06:08:00+00:00,77.01000213623047,77.0199966430664,77.0,77.01000213623047,22522
2025-12-29 06:09:00+00:00,77.02999877929688,77.02999877929688,77.0,77.0,12599
2025-12-29 06:10:00+00:00,77.0199966430664,77.0199966430664,77.0,77.0199966430664,9322
2025-12-29 06:11:00+00:00,76.95999908447266,77.0199966430664,76.95999908447266,77.0199966430664,115762
2025-12-29 06:12:00+00:00,76.94000244140625,76.95999908447266,76.91999816894531,76.95999908447266,12658
2025-12-29 06:13:00+00:00,76.9000015258789,76.94000244140625,76.9000015258789,76.93000030517578,13561
2025-12-29 06:14:00+00:00,76.93000030517578,76.93000030517578,76.9000015258789,76.91999816894531,20155
2025-12-29 06:15:00+00:00,76.94000244140625,76.94000244140625,76.9000015258789,76.94000244140625,7129
2025-12-29 06:16:00+00:00,76.94000244140625,76.94000244140625,76.91000366210938,76.94000244140625,9023
2025-12-29 06:17:00+00:00,76.94000244140625,76.94999694824219,76.91999816894531,76.94999694824219,11144
2025-12-29 06:18:00+00:00,76.95999908447266,77.0,76.91999816894531,76.94000244140625,18484
2025-12-29 06:19:00+00:00,76.95999908447266,76.9800033569336,76.94000244140625,76.94000244140625,7552
2025-12-29 06:20:00+00:00,76.94999694824219,76.95999908447266,76.94000244140625,76.95999908447266,5383
2025-12-29 06:21:00+00:00,76.94999694824219,76.95999908447266,76.94000244140625,76.94000244140625,11411
2025-12-29 06:22:00+00:00,76.8499984741211,76.94999694824219,76.83999633789062,76.94999694824219,74657
2025-12-29 06:23:00+00:00,76.87999725341797,76.87999725341797,76.83999633789062,76.8499984741211,17475
2025-12-29 06:24:00+00:00,76.94000244140625,76.98999786376953,76.8499984741211,76.87999725341797,45914
2025-12-29 06:25:00+00:00,77.01000213623047,77.01000213623047,76.93000030517578,76.93000030517578,16253
2025-12-29 06:26:00+00:00,76.9800033569336,76.98999786376953,76.91999816894531,76.9800033569336,9075
2025-12-29 06:27:00+00:00,77.0,77.0,76.93000030517578,76.94000244140625,16184
2025-12-29 06:28:00+00:00,77.16000366210938,77.16000366210938,77.0,77.0,33928
2025-12-29 06:29:00+00:00,77.0999984741211,77.1500015258789,77.05000305175781,77.13999938964844,12297
2025-12-29 06:30:00+00:00,77.0999984741211,77.0999984741211,77.04000091552734,77.05999755859375,4509
2025-12-29 06:31:00+00:00,77.2300033569336,77.2300033569336,77.08999633789062,77.0999984741211,36058
2025-12-29 06:32:00+00:00,77.1500015258789,77.22000122070312,77.1500015258789,77.19999694824219,16244
2025-12-29 06:33:00+00:00,77.18000030517578,77.19000244140625,77.12000274658203,77.19000244140625,9613
2025-12-29 06:34:00+00:00,77.18000030517578,77.18000030517578,77.1500015258789,77.16000366210938,25356
2025-12-29 06:35:00+00:00,77.22000122070312,77.2300033569336,77.16999816894531,77.19999694824219,31691
2025-12-29 06:36:00+00:00,77.19000244140625,77.2300033569336,77.18000030517578,77.19000244140625,4998
2025-12-29 06:37:00+00:00,77.19999694824219,77.20999908447266,77.18000030517578,77.20999908447266,5154
2025-12-29 06:38:00+00:00,77.16999816894531,77.19999694824219,77.16999816894531,77.18000030517578,6383
2025-12-29 06:39:00+00:00,77.19999694824219,77.20999908447266,77.18000030517578,77.19999694824219,10429
2025-12-29 06:40:00+00:00,77.19999694824219,77.19999694824219,77.18000030517578,77.19999694824219,6606
2025-12-29 06:41:00+00:00,77.19999694824219,77.19999694824219,77.18000030517578,77.19999694824219,11889
2025-12-29 06:42:00+00:00,77.2699966430664,77.30000305175781,77.19999694824219,77.19999694824219,36419
2025-12-29 06:43:00+00:00,77.2300033569336,77.27999877929688,77.2300033569336,77.2699966430664,6851
2025-12-29 06:44:00+00:00,77.19000244140625,77.2300033569336,77.16000366210938,77.18000030517578,6896
2025-12-29 06:45:00+00:00,77.26000213623047,77.26000213623047,77.1500015258789,77.1500015258789,27317
2025-12-29 06:46:00+00:00,77.2300033569336,77.26000213623047,77.19999694824219,77.26000213623047,42517
2025-12-29 06:47:00+00:00,77.23999786376953,77.25,77.19000244140625,77.19000244140625,13209
2025-12-29 06:48:00+00:00,77.2300033569336,77.23999786376953,77.19999694824219,77.23999786376953,16070
2025-12-29 06:49:00+00:00,77.18000030517578,77.2300033569336,77.16000366210938,77.19999694824219,26652
2025-12-29 06:50:00+00:00,77.16000366210938,77.18000030517578,77.12999725341797,77.18000030517578,8750
2025-12-29 06:51:00+00:00,77.12000274658203,77.16000366210938,77.08000183105469,77.12999725341797,7218
2025-12-29 06:52:00+00:00,77.08999633789062,77.12000274658203,77.04000091552734,77.12000274658203,15925
2025-12-29 06:53:00+00:00,77.0,77.08999633789062,77.0,77.08999633789062,43075
2025-12-29 06:54:00+00:00,77.08999633789062,77.12000274658203,77.01000213623047,77.01000213623047,29451
2025-12-29 06:55:00+00:00,77.01000213623047,77.08999633789062,76.9800033569336,77.05000305175781,10409
2025-12-29 06:56:00+00:00,77.0,77.04000091552734,76.9800033569336,77.01000213623047,11219
2025-12-29 06:57:00+00:00,77.0,77.0199966430664,76.97000122070312,77.0199966430664,6968
2025-12-29 06:58:00+00:00,77.0199966430664,77.0199966430664,77.0,77.0199966430664,5567
2025-12-29 06:59:00+00:00,77.08999633789062,77.0999984741211,76.95999908447266,77.01000213623047,53362
2025-12-29 07:00:00+00:00,77.05999755859375,77.12000274658203,77.0199966430664,77.08999633789062,33600
2025-12-29 07:01:00+00:00,77.02999877929688,77.05999755859375,76.98999786376953,77.0199966430664,21075
2025-12-29 07:02:00+00:00,77.0199966430664,77.05000305175781,76.95999908447266,77.02999877929688,18988
2025-12-29 07:03:00+00:00,77.0,77.0199966430664,76.94999694824219,77.0199966430664,5872
2025-12-29 07:04:00+00:00,76.94000244140625,77.0,76.91999816894531,77.0,5462
2025-12-29 07:05:00+00:00,76.91999816894531,76.94999694824219,76.91999816894531,76.94999694824219,5800
2025-12-29 07:06:00+00:00,76.94000244140625,76.94999694824219,76.9000015258789,76.94999694824219,10526
2025-12-29 07:07:00+00:00,77.02999877929688,77.02999877929688,76.91999816894531,76.94000244140625,33323
2025-12-29 07:08:00+00:00,77.01000213623047,77.05000305175781,76.9800033569336,77.02999877929688,12298
2025-12-29 07:09:00+00:00,77.0,77.0199966430664,76.9800033569336,77.0199966430664,3738
2025-12-29 07:10:00+00:00,77.01000213623047,77.01000213623047,76.95999908447266,76.98999786376953,7717
2025-12-29 07:11:00+00:00,76.9800033569336,77.01000213623047,76.95999908447266,77.01000213623047,15506
2025-12-29 07:12:00+00:00,76.98999786376953,76.98999786376953,76.95999908447266,76.95999908447266,12740
2025-12-29 07:13:00+00:00,76.9800033569336,77.0,76.9800033569336,76.98999786376953,5221
2025-12-29 07:14:00+00:00,76.95999908447266,77.0,76.95999908447266,77.0,6696
2025-12-29 07:15:00+00:00,76.94000244140625,76.9800033569336,76.94000244140625,76.9800033569336,16509
2025-12-29 07:16:00+00:00,76.91000366210938,76.94999694824219,76.91000366210938,76.93000030517578,19782
2025-12-29 07:17:00+00:00,77.0199966430664,77.05999755859375,76.91000366210938,76.91999816894531,60088
2025-12-29 07:18:00+00:00,77.0199966430664,77.02999877929688,76.97000122070312,77.01000213623047,6014
2025-12-29 07:19:00+00:00,77.0,77.0,76.9800033569336,76.98999786376953,10218
2025-12-29 07:20:00+00:00,77.0,77.02999877929688,76.9800033569336,76.9800033569336,11475
2025-12-29 07:21:00+00:00,77.04000091552734,77.04000091552734,76.98999786376953,76.98999786376953,7370
2025-12-29 07:22:00+00:00,77.0,77.0199966430664,76.9800033569336,77.01000213623047,9210
2025-12-29 07:23:00+00:00,76.9800033569336,77.0,76.9800033569336,77.0,6175
2025-12-29 07:24:00+00:00,76.98999786376953,76.98999786376953,76.94000244140625,76.97000122070312,5713
2025-12-29 07:25:00+00:00,76.95999908447266,76.98999786376953,76.94000244140625,76.98999786376953,7177
2025-12-29 07:26:00+00:00,76.91999816894531,76.98999786376953,76.91999816894531,76.98999786376953,5640
2025-12-29 07:27:00+00:00,76.91999816894531,76.94999694824219,76.91999816894531,76.94999694824219,4986
2025-12-29 07:28:00+00:00,76.9800033569336,76.98999786376953,76.91999816894531,76.91999816894531,19967
2025-12-29 07:29:00+00:00,76.94000244140625,76.9800033569336,76.94000244140625,76.9800033569336,9472
2025-12-29 07:30:00+00:00,76.94999694824219,76.94999694824219,76.91000366210938,76.94999694824219,5787
2025-12-29 07:31:00+00:00,76.91999816894531,76.94999694824219,76.9000015258789,76.91999816894531,11500
2025-12-29 07:32:00+00:00,76.94000244140625,76.94000244140625,76.9000015258789,76.91999816894531,6821
2025-12-29 07:33:00+00:00,76.94000244140625,76.94000244140625,76.91999816894531,76.94000244140625,6659
2025-12-29 07:34:00+00:00,76.94000244140625,76.94000244140625,76.91999816894531,76.91999816894531,5469
2025-12-29 07:35:00+00:00,76.93000030517578,76.9800033569336,76.91000366210938,76.91000366210938,45717
2025-12-29 07:36:00+00:00,76.94999694824219,76.9800033569336,76.91000366210938,76.91000366210938,19512
2025-12-29 07:37:00+00:00,76.9800033569336,76.9800033569336,76.93000030517578,76.93000030517578,13481
2025-12-29 07:38:00+00:00,77.0,77.01000213623047,76.94999694824219,76.97000122070312,7133
2025-12-29 07:39:00+00:00,76.97000122070312,76.98999786376953,76.94999694824219,76.98999786376953,9408
2025-12-29 07:40:00+00:00,76.94000244140625,76.97000122070312,76.91000366210938,76.94999694824219,16703
2025-12-29 07:41:00+00:00,76.91999816894531,76.94000244140625,76.9000015258789,76.94000244140625,4800
2025-12-29 07:42:00+00:00,76.94000244140625,76.95999908447266,76.9000015258789,76.91999816894531,17886
2025-12-29 07:43:00+00:00,76.94000244140625,76.94999694824219,76.9000015258789,76.94999694824219,7170
2025-12-29 07:44:00+00:00,76.9000015258789,76.94000244140625,76.9000015258789,76.94000244140625,7939
2025-12-29 07:45:00+00:00,76.9000015258789,76.91000366210938,76.87999725341797,76.9000015258789,9642
2025-12-29 07:46:00+00:00,76.87999725341797,76.9000015258789,76.87000274658203,76.9000015258789,4376
2025-12-29 07:47:00+00:00,76.87999725341797,76.9000015258789,76.87999725341797,76.87999725341797,45709
2025-12-29 07:48:00+00:00,76.9000015258789,76.9000015258789,76.87999725341797,76.9000015258789,8189
2025-12-29 07:49:00+00:00,76.9000015258789,76.91000366210938,76.87999725341797,76.9000015258789,5972
2025-12-29 07:50:00+00:00,76.91000366210938,76.91000366210938,76.87999725341797,76.9000015258789,4843
2025-12-29 07:51:00+00:00,76.9000015258789,76.91000366210938,76.87000274658203,76.91000366210938,7947
2025-12-29 07:52:00+00:00,76.9000015258789,76.9000015258789,76.86000061035156,76.9000015258789,7349
2025-12-29 07:53:00+00:00,76.9000015258789,76.91000366210938,76.86000061035156,76.86000061035156,6718
2025-12-29 07:54:00+00:00,76.91000366210938,76.91000366210938,76.87999725341797,76.9000015258789,6140
2025-12-29 07:55:00+00:00,76.9000015258789,76.91000366210938,76.87999725341797,76.87999725341797,6177
2025-12-29 07:56:00+00:00,76.9000015258789,76.9000015258789,76.87999725341797,76.9000015258789,5255
2025-12-29 07:57:00+00:00,76.8499984741211,76.9000015258789,76.8499984741211,76.9000015258789,5238
2025-12-29 07:58:00+00:00,76.86000061035156,76.87000274658203,76.8499984741211,76.8499984741211,10359
2025-12-29 07:59:00+00:00,76.86000061035156,76.88999938964844,76.86000061035156,76.88999938964844,33806
2025-12-29 08:00:00+00:00,76.9000015258789,76.9000015258789,76.86000061035156,76.88999938964844,17501
2025-12-29 08:01:00+00:00,76.87999725341797,76.91000366210938,76.86000061035156,76.9000015258789,5214
2025-12-29 08:02:00+00:00,76.87999725341797,76.9000015258789,76.8499984741211,76.9000015258789,6214
2025-12-29 08:03:00+00:00,76.87000274658203,76.87999725341797,76.8499984741211,76.87999725341797,4866
2025-12-29 08:04:00+00:00,76.87000274658203,76.87000274658203,76.8499984741211,76.8499984741211,8699
2025-12-29 08:05:00+00:00,76.87000274658203,76.87000274658203,76.8499984741211,76.87000274658203,5093
2025-12-29 08:06:00+00:00,76.87000274658203,76.87000274658203,76.81999969482422,76.87000274658203,9028
2025-12-29 08:07:00+00:00,76.86000061035156,76.88999938964844,76.8499984741211,76.8499984741211,18295
2025-12-29 08:08:00+00:00,76.87000274658203,76.87999725341797,76.83999633789062,76.87999725341797,6079
2025-12-29 08:09:00+00:00,76.86000061035156,76.87000274658203,76.83999633789062,76.87000274658203,7214
2025-12-29 08:10:00+00:00,76.8499984741211,76.86000061035156,76.83000183105469,76.83999633789062,12492
2025-12-29 08:11:00+00:00,76.86000061035156,76.86000061035156,76.83000183105469,76.86000061035156,6220
2025-12-29 08:12:00+00:00,76.83999633789062,76.86000061035156,76.81999969482422,76.86000061035156,11918
2025-12-29 08:13:00+00:00,76.93000030517578,76.93000030517578,76.81999969482422,76.83999633789062,43101
2025-12-29 08:14:00+00:00,76.91999816894531,76.94000244140625,76.9000015258789,76.93000030517578,14275
2025-12-29 08:15:00+00:00,76.91999816894531,76.94000244140625,76.9000015258789,76.91999816894531,5057
2025-12-29 08:16:00+00:00,76.94000244140625,76.94000244140625,76.9000015258789,76.91999816894531,4887
2025-12-29 08:17:00+00:00,76.88999938964844,76.94000244140625,76.86000061035156,76.94000244140625,19554
2025-12-29 08:18:00+00:00,76.93000030517578,76.94000244140625,76.86000061035156,76.86000061035156,21952
2025-12-29 08:19:00+00:00,76.94999694824219,76.95999908447266,76.87999725341797,76.91000366210938,12906
2025-12-29 08:20:00+00:00,76.95999908447266,76.95999908447266,76.91000366210938,76.95999908447266,6969
2025-12-29 08:21:00+00:00,76.98999786376953,76.98999786376953,76.94000244140625,76.94000244140625,14661
2025-12-29 08:22:00+00:00,76.9800033569336,76.98999786376953,76.97000122070312,76.98999786376953,4732
2025-12-29 08:23:00+00:00,76.94999694824219,76.9800033569336,76.93000030517578,76.95999908447266,5848
2025-12-29 08:24:00+00:00,76.94999694824219,76.97000122070312,76.93000030517578,76.94999694824219,13789
2025-12-29 08:25:00+00:00,76.94000244140625,76.97000122070312,76.94000244140625,76.94999694824219,13357
2025-12-29 08:26:00+00:00,76.94999694824219,76.94999694824219,76.93000030517578,76.94999694824219,7718
2025-12-29 08:27:00+00:00,76.9000015258789,76.94999694824219,76.9000015258789,76.94999694824219,28589
2025-12-29 08:28:00+00:00,76.87000274658203,76.91999816894531,76.87000274658203,76.9000015258789,5974
2025-12-29 08:29:00+00:00,76.97000122070312,76.9800033569336,76.87999725341797,76.87999725341797,56421
2025-12-29 08:30:00+00:00,76.9800033569336,76.9800033569336,76.95999908447266,76.97000122070312,1531
2025-12-29 08:31:00+00:00,76.9800033569336,76.9800033569336,76.95999908447266,76.9800033569336,8215
2025-12-29 08:32:00+00:00,76.98999786376953,77.11000061035156,76.9800033569336,76.9800033569336,48435
2025-12-29 08:33:00+00:00,76.98999786376953,77.04000091552734,76.98999786376953,77.0,16702
2025-12-29 08:34:00+00:00,77.02999877929688,77.04000091552734,76.97000122070312,76.97000122070312,4430
2025-12-29 08:35:00+00:00,77.04000091552734,77.04000091552734,76.98999786376953,76.98999786376953,10321
2025-12-29 08:36:00+00:00,77.0199966430664,77.04000091552734,77.0,77.0,5483
2025-12-29 08:37:00+00:00,77.12000274658203,77.1500015258789,77.0199966430664,77.0199966430664,49206
2025-12-29 08:38:00+00:00,77.08000183105469,77.0999984741211,77.04000091552734,77.08999633789062,5885
2025-12-29 08:39:00+00:00,77.08000183105469,77.08999633789062,77.04000091552734,77.05000305175781,4264
2025-12-29 08:40:00+00:00,77.0199966430664,77.08000183105469,77.0199966430664,77.08000183105469,6429
2025-12-29 08:41:00+00:00,77.0199966430664,77.05000305175781,77.0199966430664,77.0199966430664,4132
2025-12-29 08:42:00+00:00,76.9800033569336,77.05000305175781,76.95999908447266,77.05000305175781,43107
2025-12-29 08:43:00+00:00,76.98999786376953,76.98999786376953,76.97000122070312,76.97000122070312,16849
2025-12-29 08:44:00+00:00,76.94000244140625,76.98999786376953,76.93000030517578,76.97000122070312,4919
2025-12-29 08:45:00+00:00,76.9000015258789,76.9800033569336,76.9000015258789,76.93000030517578,37810
2025-12-29 08:46:00+00:00,76.87000274658203,76.9000015258789,76.86000061035156,76.9000015258789,10329
2025-12-29 08:47:00+00:00,76.87000274658203,76.87000274658203,76.86000061035156,76.86000061035156,7010
2025-12-29 08:48:00+00:00,76.87000274658203,76.87000274658203,76.86000061035156,76.87000274658203,5316
2025-12-29 08:49:00+00:00,76.83000183105469,76.87000274658203,76.81999969482422,76.86000061035156,9552
2025-12-29 08:50:00+00:00,76.81999969482422,76.83000183105469,76.80999755859375,76.80999755859375,11930
2025-12-29 08:51:00+00:00,76.86000061035156,76.86000061035156,76.80999755859375,76.80999755859375,57368
2025-12-29 08:52:00+00:00,76.91999816894531,76.93000030517578,76.8499984741211,76.8499984741211,27174
2025-12-29 08:53:00+00:00,76.91999816894531,76.91999816894531,76.86000061035156,76.88999938964844,8970
2025-12-29 08:54:00+00:00,76.95999908447266,76.95999908447266,76.91000366210938,76.91000366210938,9766
2025-12-29 08:55:00+00:00,76.91999816894531,76.94999694824219,76.91000366210938,76.91999816894531,4302
2025-12-29 08:56:00+00:00,76.94999694824219,76.94999694824219,76.91000366210938,76.91999816894531,11039
2025-12-29 08:57:00+00:00,76.94999694824219,77.0,76.93000030517578,76.94999694824219,23740
2025-12-29 08:58:00+00:00,76.97000122070312,76.98999786376953,76.94000244140625,76.94999694824219,4706
2025-12-29 08:59:00+00:00,76.94999694824219,76.97000122070312,76.91999816894531,76.94999694824219,4698
2025-12-29 09:00:00+00:00,76.91000366210938,76.94999694824219,76.9000015258789,76.94999694824219,21642
2025-12-29 09:01:00+00:00,76.86000061035156,76.91000366210938,76.86000061035156,76.9000015258789,11736
2025-12-29 09:02:00+00:00,76.86000061035156,76.87999725341797,76.83999633789062,76.86000061035156,5849
2025-12-29 09:03:00+00:00,76.88999938964844,76.88999938964844,76.86000061035156,76.86000061035156,28102
2025-12-29 09:04:00+00:00,76.87000274658203,76.88999938964844,76.86000061035156,76.88999938964844,6788
2025-12-29 09:05:00+00:00,76.83999633789062,76.88999938964844,76.83000183105469,76.86000061035156,12659
2025-12-29 09:06:00+00:00,76.83999633789062,76.83999633789062,76.83000183105469,76.83000183105469,7079
2025-12-29 09:07:00+00:00,76.80999755859375,76.83999633789062,76.80999755859375,76.83000183105469,24134
2025-12-29 09:08:00+00:00,76.80999755859375,76.80999755859375,76.80000305175781,76.80999755859375,7909
2025-12-29 09:09:00+00:00,76.81999969482422,76.81999969482422,76.80000305175781,76.80000305175781,28755
2025-12-29 09:10:00+00:00,76.79000091552734,76.81999969482422,76.79000091552734,76.80000305175781,45418
2025-12-29 09:11:00+00:00,76.79000091552734,76.79000091552734,76.7699966430664,76.79000091552734,7332
2025-12-29 09:12:00+00:00,76.70999908447266,76.79000091552734,76.70999908447266,76.7699966430664,58875
2025-12-29 09:13:00+00:00,76.69999694824219,76.69999694824219,76.68000030517578,76.69999694824219,50380
2025-12-29 09:14:00+00:00,76.69000244140625,76.69999694824219,76.68000030517578,76.68000030517578,15246
2025-12-29 09:15:00+00:00,76.68000030517578,76.69000244140625,76.66000366210938,76.69000244140625,22389
2025-12-29 09:16:00+00:00,76.69000244140625,76.69000244140625,76.6500015258789,76.66999816894531,29580
2025-12-29 09:17:00+00:00,76.69000244140625,76.69000244140625,76.6500015258789,76.68000030517578,5760
2025-12-29 09:18:00+00:00,76.69000244140625,76.69999694824219,76.66000366210938,76.66999816894531,11474
2025-12-29 09:19:00+00:00,76.68000030517578,76.69999694824219,76.66999816894531,76.69000244140625,7236
2025-12-29 09:20:00+00:00,76.68000030517578,76.68000030517578,76.66000366210938,76.66999816894531,7469
2025-12-29 09:21:00+00:00,76.66000366210938,76.66999816894531,76.6500015258789,76.66000366210938,11632
2025-12-29 09:22:00+00:00,76.6500015258789,76.66000366210938,76.62000274658203,76.66000366210938,64702
2025-12-29 09:23:00+00:00,76.66999816894531,76.69999694824219,76.62999725341797,76.62999725341797,27995
2025-12-29 09:24:00+00:00,76.66999816894531,76.69000244140625,76.63999938964844,76.66999816894531,7903
2025-12-29 09:25:00+00:00,76.66000366210938,76.69000244140625,76.66000366210938,76.68000030517578,13010
2025-12-29 09:26:00+00:00,76.66999816894531,76.68000030517578,76.6500015258789,76.66000366210938,22226
2025-12-29 09:27:00+00:00,76.83000183105469,76.8499984741211,76.7300033569336,76.7300033569336,109732
2025-12-29 09:28:00+00:00,76.80000305175781,76.8499984741211,76.77999877929688,76.8499984741211,21594
2025-12-29 09:29:00+00:00,76.83999633789062,76.87999725341797,76.80000305175781,76.83999633789062,58718
2025-12-29 09:30:00+00:00,76.83999633789062,76.95999908447266,76.83999633789062,76.88999938964844,69359
2025-12-29 09:31:00+00:00,76.93000030517578,76.93000030517578,76.83000183105469,76.87000274658203,25589
2025-12-29 09:32:00+00:00,76.91999816894531,76.94000244140625,76.9000015258789,76.9000015258789,13291
2025-12-29 09:33:00+00:00,76.91000366210938,76.94000244140625,76.9000015258789,76.91999816894531,37963
2025-12-29 09:34:00+00:00,76.9000015258789,76.91000366210938,76.88999938964844,76.91000366210938,23299
2025-12-29 09:35:00+00:00,76.87999725341797,76.91000366210938,76.86000061035156,76.88999938964844,31648
2025-12-29 09:36:00+00:00,76.88999938964844,76.9000015258789,76.86000061035156,76.86000061035156,12486
2025-12-29 09:37:00+00:00,76.87000274658203,76.9000015258789,76.87000274658203,76.9000015258789,22894
2025-12-29 09:38:00+00:00,76.8499984741211,76.87000274658203,76.8499984741211,76.8499984741211,16738
2025-12-29 09:39:00+00:00,76.8499984741211,76.87000274658203,76.8499984741211,76.87000274658203,29742
2025-12-29 09:40:00+00:00,76.83000183105469,76.86000061035156,76.83000183105469,76.8499984741211,23826
2025-12-29 09:41:00+00:00,76.86000061035156,76.86000061035156,76.81999969482422,76.83999633789062,82229
2025-12-29 09:42:00+00:00,76.86000061035156,76.9000015258789,76.83000183105469,76.86000061035156,52774
2025-12-29 09:43:00+00:00,76.86000061035156,76.9000015258789,76.86000061035156,76.86000061035156,17143
2025-12-29 09:44:00+00:00,76.8499984741211,76.87000274658203,76.83999633789062,76.86000061035156,25533
2025-12-29 09:45:00+00:00,76.83000183105469,76.8499984741211,76.80999755859375,76.83999633789062,66126
2025-12-29 09:46:00+00:00,76.83999633789062,76.83999633789062,76.80999755859375,76.83999633789062,72980
2025-12-29 09:47:00+00:00,76.81999969482422,76.86000061035156,76.81999969482422,76.83999633789062,42582
2025-12-29 09:48:00+00:00,76.81999969482422,76.8499984741211,76.80000305175781,76.8499984741211,134453
2025-12-29 09:49:00+00:00,76.80000305175781,76.8499984741211,76.80000305175781,76.81999969482422,23549
2025-12-29 09:50:00+00:00,76.79000091552734,76.80000305175781,76.77999877929688,76.77999877929688,36928
2025-12-29 09:51:00+00:00,76.88999938964844,76.88999938964844,76.77999877929688,76.79000091552734,47618
2025-12-29 09:52:00+00:00,76.83999633789062,76.88999938964844,76.83000183105469,76.88999938964844,37625
2025-12-29 09:53:00+00:00,76.75,76.8499984741211,76.72000122070312,76.83000183105469,91194
2025-12-29 09:54:00+00:00,76.79000091552734,76.79000091552734,76.69999694824219,76.76000213623047,108051
2025-12-29 09:55:00+00:00,76.69000244140625,76.76000213623047,76.69000244140625,76.7300033569336,43384
2025-12-29 09:56:00+00:00,76.63999938964844,76.69000244140625,76.62000274658203,76.69000244140625,70646
2025-12-29 09:57:00+00:00,76.7300033569336,76.7300033569336,76.62999725341797,76.63999938964844,64703
2025-12-29 09:58:00+00:00,76.62999725341797,76.72000122070312,76.58000183105469,76.72000122070312,76483
2025-12-29 09:59:00+00:00,76.62000274658203,76.6500015258789,76.5,76.5,27866
2025-12-30 03:45:00+00:00,77.08000183105469,77.2699966430664,76.80000305175781,76.81999969482422,0
2025-12-30 03:46:00+00:00,77.12000274658203,77.30000305175781,77.08999633789062,77.08999633789062,127092
2025-12-30 03:47:00+00:00,77.2300033569336,77.2300033569336,77.0999984741211,77.19000244140625,136251
2025-12-30 03:48:00+00:00,77.1500015258789,77.19000244140625,77.11000061035156,77.18000030517578,73178
2025-12-30 03:49:00+00:00,77.18000030517578,77.19999694824219,77.1500015258789,77.19999694824219,54019
2025-12-30 03:50:00+00:00,77.11000061035156,77.19999694824219,77.11000061035156,77.19999694824219,62051
2025-12-30 03:51:00+00:00,77.12999725341797,77.19000244140625,77.12999725341797,77.12999725341797,77367
2025-12-30 03:52:00+00:00,77.0999984741211,77.13999938964844,77.04000091552734,77.0999984741211,40578
2025-12-30 03:53:00+00:00,77.13999938964844,77.13999938964844,77.05999755859375,77.0999984741211,23397
2025-12-30 03:54:00+00:00,77.16999816894531,77.19000244140625,77.1500015258789,77.16000366210938,47843
2025-12-30 03:55:00+00:00,77.27999877929688,77.27999877929688,77.12999725341797,77.18000030517578,160634
2025-12-30 03:56:00+00:00,77.16000366210938,77.30000305175781,77.16000366210938,77.26000213623047,48770
2025-12-30 03:57:00+00:00,77.22000122070312,77.23999786376953,77.18000030517578,77.18000030517578,9357
2025-12-30 03:58:00+00:00,77.16000366210938,77.20999908447266,77.1500015258789,77.19999694824219,37580
2025-12-30 03:59:00+00:00,77.16000366210938,77.19999694824219,77.16000366210938,77.16999816894531,18859
2025-12-30 04:00:00+00:00,77.12000274658203,77.18000030517578,77.12000274658203,77.18000030517578,14703
2025-12-30 04:01:00+00:00,77.18000030517578,77.18000030517578,77.1500015258789,77.1500015258789,9422
2025-12-30 04:02:00+00:00,77.30999755859375,77.31999969482422,77.16999816894531,77.18000030517578,42451
2025-12-30 04:03:00+00:00,77.22000122070312,77.30999755859375,77.22000122070312,77.30999755859375,59347
2025-12-30 04:04:00+00:00,77.11000061035156,77.23999786376953,77.11000061035156,77.23999786376953,32026
2025-12-30 04:05:00+00:00,77.05999755859375,77.12000274658203,76.98999786376953,77.0999984741211,92911
2025-12-30 04:06:00+00:00,77.02999877929688,77.16999816894531,76.93000030517578,77.05999755859375,25972
2025-12-30 04:07:00+00:00,77.01000213623047,77.05999755859375,76.9800033569336,77.01000213623047,14519
2025-12-30 04:08:00+00:00,76.97000122070312,77.05000305175781,76.97000122070312,77.01000213623047,20458
2025-12-30 04:09:00+00:00,76.98999786376953,76.98999786376953,76.95999908447266,76.95999908447266,18541
2025-12-30 04:10:00+00:00,77.0,77.0,76.97000122070312,77.0,8332
2025-12-30 04:11:00+00:00,76.98999786376953,77.0,76.97000122070312,77.0,33822
2025-12-30 04:12:00+00:00,77.11000061035156,77.11000061035156,76.97000122070312,76.97000122070312,42302
2025-12-30 04:13:00+00:00,77.12000274658203,77.12000274658203,77.08000183105469,77.08000183105469,11440
2025-12-30 04:14:00+00:00,77.16000366210938,77.16999816894531,77.12000274658203,77.12000274658203,16975
2025-12-30 04:15:00+00:00,77.04000091552734,77.16000366210938,77.04000091552734,77.16000366210938,16403
2025-12-30 04:16:00+00:00,77.01000213623047,77.05999755859375,76.98999786376953,77.05999755859375,21337
2025-12-30 04:17:00+00:00,76.9800033569336,77.0,76.9800033569336,76.98999786376953,3495
2025-12-30 04:18:00+00:00,76.93000030517578,76.9800033569336,76.93000030517578,76.9800033569336,9734
2025-12-30 04:19:00+00:00,76.94999694824219,76.95999908447266,76.93000030517578,76.93000030517578,4730
2025-12-30 04:20:00+00:00,76.91999816894531,76.94000244140625,76.91999816894531,76.93000030517578,7341
2025-12-30 04:21:00+00:00,76.93000030517578,76.95999908447266,76.93000030517578,76.95999908447266,2393
2025-12-30 04:22:00+00:00,76.94999694824219,76.98999786376953,76.94000244140625,76.95999908447266,6612
2025-12-30 04:23:00+00:00,76.98999786376953,76.98999786376953,76.94000244140625,76.94999694824219,3731
2025-12-30 04:24:00+00:00,76.9800033569336,76.98999786376953,76.94999694824219,76.98999786376953,1265
2025-12-30 04:25:00+00:00,76.94999694824219,76.9800033569336,76.94999694824219,76.95999908447266,18706
2025-12-30 04:26:00+00:00,76.94999694824219,77.0,76.94999694824219,76.94999694824219,5874
2025-12-30 04:27:00+00:00,76.93000030517578,76.9800033569336,76.93000030517578,76.9800033569336,17563
2025-12-30 04:28:00+00:00,76.97000122070312,76.97000122070312,76.93000030517578,76.95999908447266,8753
2025-12-30 04:29:00+00:00,76.94999694824219,77.01000213623047,76.94999694824219,77.0,14086
2025-12-30 04:30:00+00:00,76.9800033569336,76.98999786376953,76.94999694824219,76.94999694824219,5322
2025-12-30 04:31:00+00:00,76.97000122070312,76.9800033569336,76.94999694824219,76.9800033569336,3292
2025-12-30 04:32:00+00:00,76.9800033569336,76.9800033569336,76.94999694824219,76.97000122070312,5597
2025-12-30 04:33:00+00:00,76.94999694824219,77.0,76.94999694824219,77.0,5935
2025-12-30 04:34:00+00:00,76.98999786376953,76.98999786376953,76.94999694824219,76.9800033569336,1831
2025-12-30 04:35:00+00:00,76.94999694824219,76.94999694824219,76.94999694824219,76.94999694824219,4289
2025-12-30 04:36:00+00:00,76.93000030517578,76.97000122070312,76.9000015258789,76.94999694824219,20914
2025-12-30 04:37:00+00:00,76.93000030517578,76.94999694824219,76.9000015258789,76.93000030517578,2117
2025-12-30 04:38:00+00:00,77.01000213623047,77.05000305175781,76.98999786376953,76.98999786376953,30835
2025-12-30 04:39:00+00:00,76.9800033569336,77.04000091552734,76.9800033569336,77.0,7872
2025-12-30 04:40:00+00:00,77.02999877929688,77.05000305175781,77.01000213623047,77.02999877929688,6031
2025-12-30 04:41:00+00:00,77.05000305175781,77.05000305175781,77.01000213623047,77.04000091552734,6091
2025-12-30 04:42:00+00:00,77.08999633789062,77.08999633789062,77.05000305175781,77.05000305175781,6687
2025-12-30 04:43:00+00:00,77.0999984741211,77.0999984741211,77.04000091552734,77.0999984741211,17295
2025-12-30 04:44:00+00:00,77.12000274658203,77.12000274658203,77.06999969482422,77.0999984741211,9632
2025-12-30 04:45:00+00:00,77.16000366210938,77.16999816894531,77.0999984741211,77.12000274658203,21505
2025-12-30 04:46:00+00:00,77.12999725341797,77.16000366210938,77.12000274658203,77.13999938964844,6527
2025-12-30 04:47:00+00:00,77.33999633789062,77.36000061035156,77.12000274658203,77.12000274658203,36312
2025-12-30 04:48:00+00:00,77.3499984741211,77.36000061035156,77.27999877929688,77.33000183105469,17231
2025-12-30 04:49:00+00:00,77.37999725341797,77.4800033569336,77.31999969482422,77.3499984741211,82320
2025-12-30 04:50:00+00:00,77.44000244140625,77.44000244140625,77.37000274658203,77.37000274658203,15901
2025-12-30 04:51:00+00:00,77.41000366210938,77.44000244140625,77.37000274658203,77.41999816894531,17835
2025-12-30 04:52:00+00:00,77.4000015258789,77.41999816894531,77.37000274658203,77.37999725341797,16631
2025-12-30 04:53:00+00:00,77.47000122070312,77.4800033569336,77.4000015258789,77.4000015258789,35520
2025-12-30 04:54:00+00:00,77.47000122070312,77.47000122070312,77.43000030517578,77.43000030517578,4165
2025-12-30 04:55:00+00:00,77.47000122070312,77.47000122070312,77.44999694824219,77.44999694824219,21192
2025-12-30 04:56:00+00:00,77.4000015258789,77.47000122070312,77.4000015258789,77.47000122070312,9800
2025-12-30 04:57:00+00:00,77.45999908447266,77.47000122070312,77.44000244140625,77.44999694824219,14424
2025-12-30 04:58:00+00:00,77.44999694824219,77.45999908447266,77.41999816894531,77.45999908447266,6160
2025-12-30 04:59:00+00:00,77.38999938964844,77.44999694824219,77.38999938964844,77.41999816894531,19064
2025-12-30 05:00:00+00:00,77.37999725341797,77.4000015258789,77.3499984741211,77.4000015258789,8607
2025-12-30 05:01:00+00:00,77.4000015258789,77.4000015258789,77.3499984741211,77.3499984741211,10767
2025-12-30 05:02:00+00:00,77.4000015258789,77.41000366210938,77.38999938964844,77.38999938964844,3504
2025-12-30 05:03:00+00:00,77.33000183105469,77.4000015258789,77.33000183105469,77.4000015258789,28474
2025-12-30 05:04:00+00:00,77.29000091552734,77.33000183105469,77.25,77.33000183105469,27511
2025-12-30 05:05:00+00:00,77.29000091552734,77.29000091552734,77.19999694824219,77.29000091552734,37012
2025-12-30 05:06:00+00:00,77.25,77.30000305175781,77.18000030517578,77.29000091552734,16910
2025-12-30 05:07:00+00:00,77.26000213623047,77.27999877929688,77.25,77.25,3169
2025-12-30 05:08:00+00:00,77.30000305175781,77.30000305175781,77.26000213623047,77.29000091552734,3584
2025-12-30 05:09:00+00:00,77.29000091552734,77.30000305175781,77.26000213623047,77.29000091552734,7201
2025-12-30 05:10:00+00:00,77.30000305175781,77.30000305175781,77.25,77.26000213623047,6948
2025-12-30 05:11:00+00:00,77.30000305175781,77.30000305175781,77.27999877929688,77.27999877929688,8920
2025-12-30 05:12:00+00:00,77.27999877929688,77.33000183105469,77.26000213623047,77.30000305175781,37208
2025-12-30 05:13:00+00:00,77.27999877929688,77.31999969482422,77.27999877929688,77.30000305175781,6615
2025-12-30 05:14:00+00:00,77.30000305175781,77.30000305175781,77.26000213623047,77.27999877929688,14347
2025-12-30 05:15:00+00:00,77.33000183105469,77.33999633789062,77.29000091552734,77.30000305175781,9825
2025-12-30 05:16:00+00:00,77.36000061035156,77.36000061035156,77.30999755859375,77.33000183105469,18893
2025-12-30 05:17:00+00:00,77.45999908447266,77.45999908447266,77.36000061035156,77.36000061035156,33151
2025-12-30 05:18:00+00:00,77.43000030517578,77.47000122070312,77.41000366210938,77.45999908447266,13475
2025-12-30 05:19:00+00:00,77.48999786376953,77.48999786376953,77.43000030517578,77.44999694824219,56249
2025-12-30 05:20:00+00:00,77.54000091552734,77.58000183105469,77.48999786376953,77.55999755859375,101992
2025-12-30 05:21:00+00:00,77.62000274658203,77.63999938964844,77.51000213623047,77.51000213623047,1331923
2025-12-30 05:22:00+00:00,77.80000305175781,77.83000183105469,77.66000366210938,77.68000030517578,70872
2025-12-30 05:23:00+00:00,77.7300033569336,77.83000183105469,77.68000030517578,77.81999969482422,141121
2025-12-30 05:24:00+00:00,77.77999877929688,77.77999877929688,77.69999694824219,77.69999694824219,25954
2025-12-30 05:25:00+00:00,77.62999725341797,77.77999877929688,77.62999725341797,77.77999877929688,45599
2025-12-30 05:26:00+00:00,77.62999725341797,77.66999816894531,77.58000183105469,77.6500015258789,55867
2025-12-30 05:27:00+00:00,77.58000183105469,77.6500015258789,77.58000183105469,77.62999725341797,15870
2025-12-30 05:28:00+00:00,77.58999633789062,77.5999984741211,77.58000183105469,77.58999633789062,28616
2025-12-30 05:29:00+00:00,77.58000183105469,77.58000183105469,77.54000091552734,77.58000183105469,9990
2025-12-30 05:30:00+00:00,77.51000213623047,77.55000305175781,77.51000213623047,77.54000091552734,22700
2025-12-30 05:31:00+00:00,77.4800033569336,77.5199966430664,77.44000244140625,77.5199966430664,54279
2025-12-30 05:32:00+00:00,77.44999694824219,77.4800033569336,77.44999694824219,77.4800033569336,8836
2025-12-30 05:33:00+00:00,77.41000366210938,77.4800033569336,77.38999938964844,77.4800033569336,24811
2025-12-30 05:34:00+00:00,77.44000244140625,77.44000244140625,77.41000366210938,77.41000366210938,12195
2025-12-30 05:35:00+00:00,77.41999816894531,77.43000030517578,77.4000015258789,77.43000030517578,11789
2025-12-30 05:36:00+00:00,77.37999725341797,77.43000030517578,77.37999725341797,77.41999816894531,33929
2025-12-30 05:37:00+00:00,77.41000366210938,77.41999816894531,77.37999725341797,77.41000366210938,21721
2025-12-30 05:38:00+00:00,77.43000030517578,77.43000030517578,77.4000015258789,77.41000366210938,13204
2025-12-30 05:39:00+00:00,77.4000015258789,77.41000366210938,77.4000015258789,77.41000366210938,7515
2025-12-30 05:40:00+00:00,77.38999938964844,77.41999816894531,77.37999725341797,77.41000366210938,10376
2025-12-30 05:41:00+00:00,77.38999938964844,77.41999816894531,77.31999969482422,77.37000274658203,70909
2025-12-30 05:42:00+00:00,77.44999694824219,77.44999694824219,77.36000061035156,77.41999816894531,30548
2025-12-30 05:43:00+00:00,77.41000366210938,77.44999694824219,77.41000366210938,77.44999694824219,22666
2025-12-30 05:44:00+00:00,77.4000015258789,77.43000030517578,77.38999938964844,77.41000366210938,13705
2025-12-30 05:45:00+00:00,77.4000015258789,77.43000030517578,77.37000274658203,77.4000015258789,11070
2025-12-30 05:46:00+00:00,77.4000015258789,77.4000015258789,77.37000274658203,77.4000015258789,18091
2025-12-30 05:47:00+00:00,77.37000274658203,77.4000015258789,77.36000061035156,77.4000015258789,8476
2025-12-30 05:48:00+00:00,77.37999725341797,77.37999725341797,77.3499984741211,77.37999725341797,23183
2025-12-30 05:49:00+00:00,77.30000305175781,77.37999725341797,77.2699966430664,77.37999725341797,59664
2025-12-30 05:50:00+00:00,77.27999877929688,77.33999633789062,77.27999877929688,77.30999755859375,10796
2025-12-30 05:51:00+00:00,77.25,77.30000305175781,77.23999786376953,77.30000305175781,9110
2025-12-30 05:52:00+00:00,77.23999786376953,77.2699966430664,77.2300033569336,77.2699966430664,25214
2025-12-30 05:53:00+00:00,77.30000305175781,77.3499984741211,77.2300033569336,77.2300033569336,17788
2025-12-30 05:54:00+00:00,77.30999755859375,77.33000183105469,77.29000091552734,77.33000183105469,13548
2025-12-30 05:55:00+00:00,77.3499984741211,77.3499984741211,77.2699966430664,77.30999755859375,15950
2025-12-30 05:56:00+00:00,77.25,77.3499984741211,77.2300033569336,77.3499984741211,71563
2025-12-30 05:57:00+00:00,77.30999755859375,77.3499984741211,77.19999694824219,77.29000091552734,1941633
2025-12-30 05:58:00+00:00,77.33000183105469,77.3499984741211,77.30999755859375,77.31999969482422,61967
2025-12-30 05:59:00+00:00,77.22000122070312,77.33000183105469,77.22000122070312,77.33000183105469,20067
2025-12-30 06:00:00+00:00,77.12999725341797,77.19000244140625,77.12999725341797,77.19000244140625,38792
2025-12-30 06:01:00+00:00,77.23999786376953,77.26000213623047,77.12999725341797,77.12999725341797,25250
2025-12-30 06:02:00+00:00,77.22000122070312,77.30000305175781,77.19000244140625,77.26000213623047,31081
2025-12-30 06:03:00+00:00,77.19000244140625,77.23999786376953,77.18000030517578,77.22000122070312,11682
2025-12-30 06:04:00+00:00,77.19000244140625,77.25,77.19000244140625,77.20999908447266,12984
2025-12-30 06:05:00+00:00,77.12000274658203,77.22000122070312,77.05000305175781,77.19000244140625,140043
2025-12-30 06:06:00+00:00,77.05999755859375,77.11000061035156,77.05000305175781,77.11000061035156,11481
2025-12-30 06:07:00+00:00,77.05999755859375,77.08999633789062,77.05999755859375,77.08999633789062,12948
2025-12-30 06:08:00+00:00,77.06999969482422,77.0999984741211,77.04000091552734,77.08000183105469,30927
2025-12-30 06:09:00+00:00,77.05999755859375,77.08999633789062,77.04000091552734,77.08000183105469,10996
2025-12-30 06:10:00+00:00,77.0999984741211,77.1500015258789,77.05999755859375,77.05999755859375,19573
2025-12-30 06:11:00+00:00,77.19000244140625,77.23999786376953,77.12000274658203,77.12000274658203,18520
2025-12-30 06:12:00+00:00,77.22000122070312,77.22000122070312,77.1500015258789,77.19000244140625,9430
2025-12-30 06:13:00+00:00,77.19000244140625,77.23999786376953,77.19000244140625,77.22000122070312,15756
2025-12-30 06:14:00+00:00,77.1500015258789,77.19999694824219,77.06999969482422,77.18000030517578,29829
2025-12-30 06:15:00+00:00,77.19999694824219,77.19999694824219,77.1500015258789,77.1500015258789,25338
2025-12-30 06:16:00+00:00,77.19000244140625,77.23999786376953,77.16000366210938,77.20999908447266,10924
2025-12-30 06:17:00+00:00,77.30000305175781,77.31999969482422,77.16999816894531,77.16999816894531,146050
2025-12-30 06:18:00+00:00,77.30000305175781,77.30000305175781,77.2699966430664,77.27999877929688,19335
2025-12-30 06:19:00+00:00,77.23999786376953,77.29000091552734,77.23999786376953,77.29000091552734,13736
2025-12-30 06:20:00+00:00,77.19000244140625,77.26000213623047,77.19000244140625,77.2300033569336,13755
2025-12-30 06:21:00+00:00,77.1500015258789,77.25,77.1500015258789,77.25,11865
2025-12-30 06:22:00+00:00,77.19999694824219,77.19999694824219,77.1500015258789,77.1500015258789,14257
2025-12-30 06:23:00+00:00,77.18000030517578,77.20999908447266,77.16999816894531,77.19999694824219,9282
2025-12-30 06:24:00+00:00,77.23999786376953,77.23999786376953,77.19000244140625,77.19999694824219,9135
2025-12-30 06:25:00+00:00,77.22000122070312,77.25,77.22000122070312,77.25,7420
2025-12-30 06:26:00+00:00,77.23999786376953,77.23999786376953,77.19999694824219,77.22000122070312,8478
2025-12-30 06:27:00+00:00,77.2699966430664,77.2699966430664,77.19999694824219,77.19999694824219,10047
2025-12-30 06:28:00+00:00,77.31999969482422,77.3499984741211,77.2300033569336,77.2699966430664,16126
2025-12-30 06:29:00+00:00,77.30999755859375,77.31999969482422,77.27999877929688,77.31999969482422,10221
2025-12-30 06:30:00+00:00,77.27999877929688,77.30999755859375,77.27999877929688,77.29000091552734,8900
2025-12-30 06:31:00+00:00,77.27999877929688,77.30000305175781,77.2300033569336,77.27999877929688,18561
2025-12-30 06:32:00+00:00,77.2699966430664,77.27999877929688,77.2300033569336,77.2699966430664,10411
2025-12-30 06:33:00+00:00,77.30000305175781,77.3499984741211,77.23999786376953,77.25,80218
2025-12-30 06:34:00+00:00,77.30999755859375,77.30999755859375,77.2699966430664,77.27999877929688,10819
2025-12-30 06:35:00+00:00,77.4000015258789,77.4000015258789,77.29000091552734,77.30999755859375,91926
2025-12-30 06:36:00+00:00,77.38999938964844,77.43000030517578,77.36000061035156,77.38999938964844,49113
2025-12-30 06:37:00+00:00,77.33000183105469,77.4000015258789,77.33000183105469,77.38999938964844,11535
2025-12-30 06:38:00+00:00,77.3499984741211,77.37999725341797,77.33999633789062,77.33999633789062,12499
2025-12-30 06:39:00+00:00,77.30999755859375,77.3499984741211,77.30999755859375,77.3499984741211,14500
2025-12-30 06:40:00+00:00,77.33000183105469,77.33000183105469,77.30999755859375,77.31999969482422,9272
2025-12-30 06:41:00+00:00,77.33000183105469,77.33000183105469,77.30000305175781,77.33000183105469,16338
2025-12-30 06:42:00+00:00,77.37999725341797,77.37999725341797,77.31999969482422,77.33000183105469,21957
2025-12-30 06:43:00+00:00,77.29000091552734,77.37999725341797,77.29000091552734,77.37999725341797,7583
2025-12-30 06:44:00+00:00,77.29000091552734,77.33000183105469,77.26000213623047,77.30000305175781,30476
2025-12-30 06:45:00+00:00,77.29000091552734,77.30000305175781,77.2699966430664,77.27999877929688,14696
2025-12-30 06:46:00+00:00,77.3499984741211,77.37000274658203,77.2699966430664,77.29000091552734,30432
2025-12-30 06:47:00+00:00,77.37000274658203,77.37000274658203,77.30999755859375,77.3499984741211,11511
2025-12-30 06:48:00+00:00,77.30999755859375,77.37000274658203,77.30999755859375,77.37000274658203,8729
2025-12-30 06:49:00+00:00,77.33000183105469,77.3499984741211,77.31999969482422,77.31999969482422,10668
2025-12-30 06:50:00+00:00,77.33000183105469,77.3499984741211,77.30999755859375,77.33000183105469,9762
2025-12-30 06:51:00+00:00,77.33000183105469,77.33999633789062,77.30999755859375,77.33000183105469,7685
2025-12-30 06:52:00+00:00,77.29000091552734,77.33999633789062,77.29000091552734,77.33000183105469,28428
2025-12-30 06:53:00+00:00,77.30999755859375,77.33999633789062,77.29000091552734,77.29000091552734,9202
2025-12-30 06:54:00+00:00,77.3499984741211,77.3499984741211,77.30000305175781,77.30999755859375,9661
2025-12-30 06:55:00+00:00,77.30999755859375,77.36000061035156,77.30999755859375,77.36000061035156,12605
2025-12-30 06:56:00+00:00,77.33000183105469,77.37000274658203,77.30000305175781,77.30000305175781,8772
2025-12-30 06:57:00+00:00,77.33000183105469,77.3499984741211,77.30000305175781,77.33999633789062,9374
2025-12-30 06:58:00+00:00,77.33000183105469,77.33999633789062,77.30999755859375,77.30999755859375,9407
2025-12-30 06:59:00+00:00,77.30999755859375,77.33999633789062,77.30000305175781,77.33999633789062,9624
2025-12-30 07:00:00+00:00,77.36000061035156,77.37000274658203,77.30999755859375,77.33000183105469,8261
2025-12-30 07:01:00+00:00,77.31999969482422,77.36000061035156,77.30999755859375,77.36000061035156,10259
2025-12-30 07:02:00+00:00,77.30999755859375,77.33999633789062,77.30999755859375,77.30999755859375,11708
2025-12-30 07:03:00+00:00,77.33000183105469,77.36000061035156,77.30999755859375,77.30999755859375,13135
2025-12-30 07:04:00+00:00,77.3499984741211,77.36000061035156,77.31999969482422,77.36000061035156,8661
2025-12-30 07:05:00+00:00,77.33999633789062,77.33999633789062,77.30999755859375,77.33999633789062,12462
2025-12-30 07:06:00+00:00,77.33000183105469,77.3499984741211,77.2699966430664,77.33999633789062,62027
2025-12-30 07:07:00+00:00,77.27999877929688,77.33999633789062,77.2699966430664,77.33999633789062,11153
2025-12-30 07:08:00+00:00,77.30000305175781,77.33999633789062,77.27999877929688,77.30000305175781,22977
2025-12-30 07:09:00+00:00,77.33000183105469,77.37999725341797,77.29000091552734,77.29000091552734,22630
2025-12-30 07:10:00+00:00,77.37000274658203,77.37000274658203,77.30000305175781,77.33000183105469,21454
2025-12-30 07:11:00+00:00,77.36000061035156,77.37999725341797,77.33999633789062,77.3499984741211,26649
2025-12-30 07:12:00+00:00,77.33999633789062,77.36000061035156,77.31999969482422,77.33999633789062,29380
2025-12-30 07:13:00+00:00,77.37000274658203,77.43000030517578,77.33000183105469,77.33999633789062,57318
2025-12-30 07:14:00+00:00,77.37999725341797,77.37999725341797,77.33999633789062,77.37000274658203,8281
2025-12-30 07:15:00+00:00,77.31999969482422,77.37999725341797,77.31999969482422,77.37999725341797,9991
2025-12-30 07:16:00+00:00,77.36000061035156,77.37000274658203,77.33000183105469,77.37000274658203,9900
2025-12-30 07:17:00+00:00,77.3499984741211,77.36000061035156,77.33000183105469,77.33999633789062,8064
2025-12-30 07:18:00+00:00,77.30999755859375,77.3499984741211,77.30000305175781,77.3499984741211,8009
2025-12-30 07:19:00+00:00,77.29000091552734,77.31999969482422,77.29000091552734,77.30999755859375,9198
2025-12-30 07:20:00+00:00,77.30999755859375,77.30999755859375,77.29000091552734,77.30999755859375,8620
2025-12-30 07:21:00+00:00,77.30999755859375,77.30999755859375,77.27999877929688,77.29000091552734,8251
2025-12-30 07:22:00+00:00,77.29000091552734,77.30999755859375,77.27999877929688,77.30999755859375,8016
2025-12-30 07:23:00+00:00,77.30000305175781,77.30000305175781,77.27999877929688,77.29000091552734,7392
2025-12-30 07:24:00+00:00,77.29000091552734,77.31999969482422,77.27999877929688,77.27999877929688,11071
2025-12-30 07:25:00+00:00,77.27999877929688,77.31999969482422,77.27999877929688,77.29000091552734,7678
2025-12-30 07:26:00+00:00,77.30000305175781,77.31999969482422,77.27999877929688,77.27999877929688,9598
2025-12-30 07:27:00+00:00,77.31999969482422,77.31999969482422,77.29000091552734,77.30000305175781,13193
2025-12-30 07:28:00+00:00,77.29000091552734,77.33999633789062,77.29000091552734,77.31999969482422,8655
2025-12-30 07:29:00+00:00,77.29000091552734,77.33000183105469,77.29000091552734,77.33000183105469,8878
2025-12-30 07:30:00+00:00,77.29000091552734,77.30999755859375,77.27999877929688,77.30999755859375,8633
2025-12-30 07:31:00+00:00,77.27999877929688,77.30000305175781,77.27999877929688,77.30000305175781,10432
2025-12-30 07:32:00+00:00,77.30000305175781,77.30999755859375,77.27999877929688,77.29000091552734,8095
2025-12-30 07:33:00+00:00,77.29000091552734,77.30000305175781,77.27999877929688,77.27999877929688,9206
2025-12-30 07:34:00+00:00,77.3499984741211,77.3499984741211,77.23999786376953,77.27999877929688,83741
2025-12-30 07:35:00+00:00,77.47000122070312,77.55000305175781,77.43000030517578,77.44999694824219,233885
2025-12-30 07:36:00+00:00,78.5,78.7300033569336,77.41999816894531,77.47000122070312,1292111
2025-12-30 07:37:00+00:00,78.30000305175781,78.61000061035156,78.30000305175781,78.5,180107
2025-12-30 07:38:00+00:00,78.41999816894531,78.43000030517578,78.2300033569336,78.33999633789062,95744
2025-12-30 07:39:00+00:00,78.41000366210938,78.5,78.38999938964844,78.44999694824219,47824
2025-12-30 07:40:00+00:00,78.44999694824219,78.5,78.37000274658203,78.41000366210938,71911
2025-12-30 07:41:00+00:00,78.54000091552734,78.55000305175781,78.44999694824219,78.48999786376953,83557
2025-12-30 07:42:00+00:00,78.56999969482422,78.58000183105469,78.51000213623047,78.55000305175781,34834
2025-12-30 07:43:00+00:00,78.54000091552734,78.58000183105469,78.44999694824219,78.55000305175781,94630
2025-12-30 07:44:00+00:00,78.45999908447266,78.54000091552734,78.44999694824219,78.5,51292
2025-12-30 07:45:00+00:00,78.43000030517578,78.45999908447266,78.41000366210938,78.45999908447266,53837
2025-12-30 07:46:00+00:00,78.44000244140625,78.44000244140625,78.41000366210938,78.41000366210938,37862
2025-12-30 07:47:00+00:00,78.44000244140625,78.44000244140625,78.37000274658203,78.43000030517578,61019
2025-12-30 07:48:00+00:00,78.41000366210938,78.44999694824219,78.4000015258789,78.44999694824219,42381
2025-12-30 07:49:00+00:00,78.38999938964844,78.44999694824219,78.38999938964844,78.41999816894531,43894
2025-12-30 07:50:00+00:00,78.37999725341797,78.4000015258789,78.36000061035156,78.37999725341797,28575
2025-12-30 07:51:00+00:00,78.33000183105469,78.37999725341797,78.33000183105469,78.37999725341797,31524
2025-12-30 07:52:00+00:00,78.31999969482422,78.33999633789062,78.31999969482422,78.33999633789062,39713
2025-12-30 07:53:00+00:00,78.3499984741211,78.37999725341797,78.3499984741211,78.36000061035156,29211
2025-12-30 07:54:00+00:00,78.3499984741211,78.37000274658203,78.33999633789062,78.3499984741211,20175
2025-12-30 07:55:00+00:00,78.31999969482422,78.3499984741211,78.30000305175781,78.3499984741211,33046
2025-12-30 07:56:00+00:00,78.37999725341797,78.37999725341797,78.30999755859375,78.30999755859375,24938
2025-12-30 07:57:00+00:00,78.43000030517578,78.43000030517578,78.37999725341797,78.4000015258789,63939
2025-12-30 07:58:00+00:00,78.37000274658203,78.41999816894531,78.37000274658203,78.41999816894531,22087
2025-12-30 07:59:00+00:00,78.37999725341797,78.37999725341797,78.3499984741211,78.37999725341797,15339
2025-12-30 08:00:00+00:00,78.33000183105469,78.37000274658203,78.31999969482422,78.3499984741211,12052
2025-12-30 08:01:00+00:00,78.31999969482422,78.3499984741211,78.30999755859375,78.31999969482422,17296
2025-12-30 08:02:00+00:00,78.33999633789062,78.33999633789062,78.30999755859375,78.33999633789062,20458
2025-12-30 08:03:00+00:00,78.37999725341797,78.37999725341797,78.31999969482422,78.31999969482422,15928
2025-12-30 08:04:00+00:00,78.4000015258789,78.41999816894531,78.31999969482422,78.33999633789062,39811
2025-12-30 08:05:00+00:00,78.4000015258789,78.4000015258789,78.37000274658203,78.37000274658203,9849
2025-12-30 08:06:00+00:00,78.36000061035156,78.4000015258789,78.36000061035156,78.36000061035156,11531
2025-12-30 08:07:00+00:00,78.3499984741211,78.38999938964844,78.33999633789062,78.36000061035156,11021
2025-12-30 08:08:00+00:00,78.3499984741211,78.37000274658203,78.33999633789062,78.3499984741211,14562
2025-12-30 08:09:00+00:00,78.37999725341797,78.37999725341797,78.31999969482422,78.33000183105469,34074
2025-12-30 08:10:00+00:00,78.33999633789062,78.37999725341797,78.33000183105469,78.3499984741211,9383
2025-12-30 08:11:00+00:00,78.36000061035156,78.37999725341797,78.33000183105469,78.37000274658203,35989
2025-12-30 08:12:00+00:00,78.3499984741211,78.37999725341797,78.33999633789062,78.37999725341797,16251
2025-12-30 08:13:00+00:00,78.37999725341797,78.38999938964844,78.3499984741211,78.37000274658203,23842
2025-12-30 08:14:00+00:00,78.3499984741211,78.38999938964844,78.3499984741211,78.38999938964844,11965
2025-12-30 08:15:00+00:00,78.38999938964844,78.4000015258789,78.3499984741211,78.36000061035156,10105
2025-12-30 08:16:00+00:00,78.3499984741211,78.4000015258789,78.3499984741211,78.37000274658203,21253
2025-12-30 08:17:00+00:00,78.33000183105469,78.36000061035156,78.33000183105469,78.36000061035156,59205
2025-12-30 08:18:00+00:00,78.37999725341797,78.37999725341797,78.33000183105469,78.33999633789062,12909
2025-12-30 08:19:00+00:00,78.3499984741211,78.37999725341797,78.33999633789062,78.3499984741211,11999
2025-12-30 08:20:00+00:00,78.29000091552734,78.3499984741211,78.26000213623047,78.3499984741211,78986
2025-12-30 08:21:00+00:00,78.18000030517578,78.30000305175781,78.1500015258789,78.30000305175781,36459
2025-12-30 08:22:00+00:00,78.19000244140625,78.23999786376953,78.0999984741211,78.1500015258789,28270
2025-12-30 08:23:00+00:00,78.19999694824219,78.25,78.19999694824219,78.25,10309
2025-12-30 08:24:00+00:00,78.19999694824219,78.2300033569336,78.19000244140625,78.22000122070312,10306
2025-12-30 08:25:00+00:00,78.20999908447266,78.20999908447266,78.16999816894531,78.20999908447266,27811
2025-12-30 08:26:00+00:00,78.22000122070312,78.2300033569336,78.19999694824219,78.2300033569336,10561
2025-12-30 08:27:00+00:00,78.22000122070312,78.22000122070312,78.19000244140625,78.22000122070312,10365
2025-12-30 08:28:00+00:00,78.16000366210938,78.20999908447266,78.16000366210938,78.20999908447266,12008
2025-12-30 08:29:00+00:00,78.0999984741211,78.18000030517578,78.0999984741211,78.16999816894531,31229
2025-12-30 08:30:00+00:00,78.12000274658203,78.13999938964844,78.0999984741211,78.13999938964844,11083
2025-12-30 08:31:00+00:00,78.11000061035156,78.18000030517578,78.0999984741211,78.11000061035156,50186
2025-12-30 08:32:00+00:00,78.16999816894531,78.16999816894531,78.0999984741211,78.11000061035156,14264
2025-12-30 08:33:00+00:00,78.12999725341797,78.18000030517578,78.12000274658203,78.12999725341797,13790
2025-12-30 08:34:00+00:00,78.16000366210938,78.16000366210938,78.11000061035156,78.11000061035156,17802
2025-12-30 08:35:00+00:00,78.20999908447266,78.20999908447266,78.19000244140625,78.19999694824219,10793
2025-12-30 08:36:00+00:00,78.20999908447266,78.20999908447266,78.19999694824219,78.20999908447266,9523
2025-12-30 08:37:00+00:00,78.20999908447266,78.20999908447266,78.16999816894531,78.20999908447266,26110
2025-12-30 08:38:00+00:00,78.16000366210938,78.18000030517578,78.1500015258789,78.16999816894531,7972
2025-12-30 08:39:00+00:00,78.16000366210938,78.16000366210938,78.12999725341797,78.16000366210938,8350
2025-12-30 08:40:00+00:00,78.19999694824219,78.19999694824219,78.16000366210938,78.16000366210938,16903
2025-12-30 08:41:00+00:00,78.31999969482422,78.31999969482422,78.18000030517578,78.19999694824219,33165
2025-12-30 08:42:00+00:00,78.30999755859375,78.33999633789062,78.29000091552734,78.33999633789062,23190
2025-12-30 08:43:00+00:00,78.36000061035156,78.38999938964844,78.29000091552734,78.29000091552734,32752
2025-12-30 08:44:00+00:00,78.37000274658203,78.38999938964844,78.33000183105469,78.38999938964844,36748
2025-12-30 08:45:00+00:00,78.36000061035156,78.4000015258789,78.36000061035156,78.36000061035156,28945
2025-12-30 08:46:00+00:00,78.36000061035156,78.4000015258789,78.3499984741211,78.37000274658203,14353
2025-12-30 08:47:00+00:00,78.30999755859375,78.37999725341797,78.30000305175781,78.36000061035156,19042
2025-12-30 08:48:00+00:00,78.3499984741211,78.3499984741211,78.30999755859375,78.3499984741211,10930
2025-12-30 08:49:00+00:00,78.33000183105469,78.3499984741211,78.33000183105469,78.3499984741211,8250
2025-12-30 08:50:00+00:00,78.31999969482422,78.33999633789062,78.29000091552734,78.33999633789062,18722
2025-12-30 08:51:00+00:00,78.2699966430664,78.30999755859375,78.2699966430664,78.29000091552734,20023
2025-12-30 08:52:00+00:00,78.25,78.30000305175781,78.23999786376953,78.23999786376953,19530
2025-12-30 08:53:00+00:00,78.30000305175781,78.30000305175781,78.23999786376953,78.2699966430664,17727
2025-12-30 08:54:00+00:00,78.31999969482422,78.33000183105469,78.29000091552734,78.29000091552734,20307
2025-12-30 08:55:00+00:00,78.29000091552734,78.31999969482422,78.29000091552734,78.30000305175781,19339
2025-12-30 08:56:00+00:00,78.23999786376953,78.29000091552734,78.23999786376953,78.29000091552734,10860
2025-12-30 08:57:00+00:00,78.27999877929688,78.29000091552734,78.23999786376953,78.23999786376953,8482
2025-12-30 08:58:00+00:00,78.25,78.29000091552734,78.23999786376953,78.27999877929688,12855
2025-12-30 08:59:00+00:00,78.26000213623047,78.26000213623047,78.2300033569336,78.26000213623047,11672
2025-12-30 09:00:00+00:00,78.26000213623047,78.26000213623047,78.25,78.26000213623047,42034
2025-12-30 09:01:00+00:00,78.25,78.2699966430664,78.23999786376953,78.23999786376953,18288
2025-12-30 09:02:00+00:00,78.23999786376953,78.27999877929688,78.2300033569336,78.2300033569336,34116
2025-12-30 09:03:00+00:00,78.25,78.26000213623047,78.22000122070312,78.22000122070312,24744
2025-12-30 09:04:00+00:00,78.2699966430664,78.27999877929688,78.22000122070312,78.23999786376953,48861
2025-12-30 09:05:00+00:00,78.20999908447266,78.2699966430664,78.20999908447266,78.2699966430664,31047
2025-12-30 09:06:00+00:00,78.25,78.29000091552734,78.16999816894531,78.25,98881
2025-12-30 09:07:00+00:00,78.26000213623047,78.27999877929688,78.23999786376953,78.23999786376953,27540
2025-12-30 09:08:00+00:00,78.27999877929688,78.29000091552734,78.2300033569336,78.2300033569336,19307
2025-12-30 09:09:00+00:00,78.27999877929688,78.27999877929688,78.2300033569336,78.26000213623047,42189
2025-12-30 09:10:00+00:00,78.25,78.30000305175781,78.25,78.27999877929688,30865
2025-12-30 09:11:00+00:00,78.30000305175781,78.30000305175781,78.25,78.29000091552734,19693
2025-12-30 09:12:00+00:00,78.30999755859375,78.33999633789062,78.27999877929688,78.30000305175781,51572
2025-12-30 09:13:00+00:00,78.30000305175781,78.30000305175781,78.2699966430664,78.2699966430664,53915
2025-12-30 09:14:00+00:00,78.37999725341797,78.37999725341797,78.27999877929688,78.27999877929688,35736
2025-12-30 09:15:00+00:00,78.25,78.38999938964844,78.12999725341797,78.3499984741211,186854
2025-12-30 09:16:00+00:00,78.25,78.30999755859375,78.22000122070312,78.30999755859375,28200
2025-12-30 09:17:00+00:00,78.2699966430664,78.33000183105469,78.25,78.27999877929688,13863
2025-12-30 09:18:00+00:00,78.26000213623047,78.29000091552734,78.23999786376953,78.29000091552734,38355
2025-12-30 09:19:00+00:00,78.33999633789062,78.33999633789062,78.25,78.25,16350
2025-12-30 09:20:00+00:00,78.4000015258789,78.44000244140625,78.31999969482422,78.3499984741211,60469
2025-12-30 09:21:00+00:00,78.41000366210938,78.43000030517578,78.38999938964844,78.38999938964844,9610
2025-12-30 09:22:00+00:00,78.38999938964844,78.41000366210938,78.3499984741211,78.4000015258789,50929
2025-12-30 09:23:00+00:00,78.4000015258789,78.4000015258789,78.33000183105469,78.3499984741211,17990
2025-12-30 09:24:00+00:00,78.37000274658203,78.4000015258789,78.36000061035156,78.36000061035156,16040
2025-12-30 09:25:00+00:00,78.3499984741211,78.36000061035156,78.31999969482422,78.36000061035156,26608
2025-12-30 09:26:00+00:00,78.37000274658203,78.38999938964844,78.33999633789062,78.33999633789062,32345
2025-12-30 09:27:00+00:00,78.44999694824219,78.52999877929688,78.37999725341797,78.38999938964844,205482
2025-12-30 09:28:00+00:00,78.44999694824219,78.47000122070312,78.38999938964844,78.41999816894531,149515
2025-12-30 09:29:00+00:00,78.4800033569336,78.48999786376953,78.41999816894531,78.41999816894531,11145
2025-12-30 09:30:00+00:00,78.3499984741211,78.5999984741211,78.3499984741211,78.52999877929688,217877
2025-12-30 09:31:00+00:00,78.5,78.51000213623047,78.41000366210938,78.48999786376953,113521
2025-12-30 09:32:00+00:00,78.5199966430664,78.5199966430664,78.5,78.51000213623047,70104
2025-12-30 09:33:00+00:00,78.54000091552734,78.58999633789062,78.5199966430664,78.5199966430664,76676
2025-12-30 09:34:00+00:00,78.54000091552734,78.56999969482422,78.5199966430664,78.5199966430664,62117
2025-12-30 09:35:00+00:00,78.62999725341797,78.66000366210938,78.5,78.5199966430664,356895
2025-12-30 09:36:00+00:00,78.58999633789062,78.63999938964844,78.54000091552734,78.63999938964844,112927
2025-12-30 09:37:00+00:00,78.58000183105469,78.58999633789062,78.5199966430664,78.55999755859375,48746
2025-12-30 09:38:00+00:00,78.5999984741211,78.62999725341797,78.58000183105469,78.58000183105469,49667
2025-12-30 09:39:00+00:00,78.5999984741211,78.63999938964844,78.5999984741211,78.5999984741211,108639
2025-12-30 09:40:00+00:00,78.62999725341797,78.62999725341797,78.5999984741211,78.61000061035156,151983
2025-12-30 09:41:00+00:00,78.62999725341797,78.62999725341797,78.61000061035156,78.61000061035156,53831
2025-12-30 09:42:00+00:00,78.62000274658203,78.63999938964844,78.62000274658203,78.63999938964844,61933
2025-12-30 09:43:00+00:00,78.62000274658203,78.62999725341797,78.61000061035156,78.62000274658203,61725
2025-12-30 09:44:00+00:00,78.61000061035156,78.62999725341797,78.61000061035156,78.61000061035156,45562
2025-12-30 09:45:00+00:00,78.61000061035156,78.62999725341797,78.61000061035156,78.62999725341797,96043
2025-12-30 09:46:00+00:00,78.61000061035156,78.62999725341797,78.5999984741211,78.61000061035156,75923
2025-12-30 09:47:00+00:00,78.61000061035156,78.62000274658203,78.5999984741211,78.5999984741211,131788
2025-12-30 09:48:00+00:00,78.61000061035156,78.62000274658203,78.61000061035156,78.61000061035156,54897
2025-12-30 09:49:00+00:00,78.6500015258789,78.6500015258789,78.61000061035156,78.61000061035156,96711
2025-12-30 09:50:00+00:00,78.66000366210938,78.66000366210938,78.61000061035156,78.61000061035156,116030
2025-12-30 09:51:00+00:00,78.61000061035156,78.63999938964844,78.61000061035156,78.63999938964844,85923
2025-12-30 09:52:00+00:00,78.5999984741211,78.61000061035156,78.5999984741211,78.61000061035156,50132
2025-12-30 09:53:00+00:00,78.5999984741211,78.61000061035156,78.5999984741211,78.61000061035156,144733
2025-12-30 09:54:00+00:00,78.5999984741211,78.62000274658203,78.5999984741211,78.5999984741211,78366
2025-12-30 09:55:00+00:00,78.62000274658203,78.62000274658203,78.61000061035156,78.61000061035156,74456
2025-12-30 09:56:00+00:00,78.5999984741211,78.61000061035156,78.5999984741211,78.61000061035156,91215
2025-12-30 09:57:00+00:00,78.5999984741211,78.61000061035156,78.5999984741211,78.5999984741211,106443
2025-12-30 09:58:00+00:00,78.5999984741211,78.62000274658203,78.5999984741211,78.5999984741211,74071
2025-12-30 09:59:00+00:00,78.5999984741211,78.61000061035156,78.5999984741211,78.5999984741211,46356
2025-12-31 03:45:00+00:00,78.80999755859375,78.87000274658203,78.55000305175781,78.58000183105469,0
2025-12-31 03:46:00+00:00,78.9000015258789,78.94999694824219,78.75,78.83000183105469,85963
2025-12-31 03:47:00+00:00,78.87999725341797,78.91999816894531,78.80000305175781,78.91999816894531,36442
2025-12-31 03:48:00+00:00,78.93000030517578,78.93000030517578,78.79000091552734,78.8499984741211,119211
2025-12-31 03:49:00+00:00,79.19000244140625,79.19000244140625,78.9000015258789,78.94999694824219,82056
2025-12-31 03:50:00+00:00,79.27999877929688,79.27999877929688,79.0999984741211,79.19999694824219,72273
2025-12-31 03:51:00+00:00,79.25,79.33999633789062,79.22000122070312,79.33999633789062,72603
2025-12-31 03:52:00+00:00,79.33000183105469,79.33000183105469,79.2300033569336,79.25,70178
2025-12-31 03:53:00+00:00,79.2699966430664,79.2699966430664,79.19999694824219,79.2300033569336,56945
2025-12-31 03:54:00+00:00,79.1500015258789,79.26000213623047,79.1500015258789,79.26000213623047,28975
2025-12-31 03:55:00+00:00,79.05000305175781,79.20999908447266,79.05000305175781,79.16999816894531,103530
2025-12-31 03:56:00+00:00,79.0,79.0999984741211,79.0,79.01000213623047,42200
2025-12-31 03:57:00+00:00,79.2300033569336,79.25,79.08999633789062,79.08999633789062,61960
2025-12-31 03:58:00+00:00,79.19000244140625,79.25,79.19000244140625,79.19999694824219,46815
2025-12-31 03:59:00+00:00,79.3499984741211,79.3499984741211,79.20999908447266,79.20999908447266,83517
2025-12-31 04:00:00+00:00,79.22000122070312,79.31999969482422,79.18000030517578,79.31999969482422,22988
2025-12-31 04:01:00+00:00,79.3499984741211,79.37000274658203,79.16999816894531,79.19999694824219,67431
2025-12-31 04:02:00+00:00,79.26000213623047,79.33999633789062,79.25,79.33999633789062,31085
2025-12-31 04:03:00+00:00,79.22000122070312,79.2699966430664,79.20999908447266,79.25,13460
2025-12-31 04:04:00+00:00,79.19000244140625,79.22000122070312,79.16999816894531,79.20999908447266,6457
2025-12-31 04:05:00+00:00,79.12000274658203,79.19000244140625,79.06999969482422,79.16999816894531,24590
2025-12-31 04:06:00+00:00,79.12999725341797,79.12999725341797,79.06999969482422,79.11000061035156,17801
2025-12-31 04:07:00+00:00,79.06999969482422,79.12999725341797,79.05999755859375,79.12999725341797,11061
2025-12-31 04:08:00+00:00,79.2300033569336,79.23999786376953,79.06999969482422,79.06999969482422,20273
2025-12-31 04:09:00+00:00,79.25,79.26000213623047,79.19999694824219,79.22000122070312,9883
2025-12-31 04:10:00+00:00,79.20999908447266,79.25,79.20999908447266,79.23999786376953,10107
2025-12-31 04:11:00+00:00,79.1500015258789,79.20999908447266,79.1500015258789,79.19999694824219,16435
2025-12-31 04:12:00+00:00,79.1500015258789,79.16000366210938,79.12000274658203,79.16000366210938,8665
2025-12-31 04:13:00+00:00,79.08000183105469,79.13999938964844,79.05999755859375,79.12000274658203,8977
2025-12-31 04:14:00+00:00,79.01000213623047,79.06999969482422,79.01000213623047,79.05999755859375,31034
2025-12-31 04:15:00+00:00,79.13999938964844,79.16999816894531,79.0,79.04000091552734,16872
2025-12-31 04:16:00+00:00,79.08999633789062,79.16000366210938,79.01000213623047,79.16000366210938,42771
2025-12-31 04:17:00+00:00,79.08999633789062,79.11000061035156,79.05999755859375,79.11000061035156,7081
2025-12-31 04:18:00+00:00,79.08999633789062,79.08999633789062,79.05999755859375,79.08000183105469,2749
2025-12-31 04:19:00+00:00,79.11000061035156,79.11000061035156,79.06999969482422,79.08000183105469,6946
2025-12-31 04:20:00+00:00,79.06999969482422,79.11000061035156,79.05999755859375,79.11000061035156,17483
2025-12-31 04:21:00+00:00,79.01000213623047,79.08000183105469,79.01000213623047,79.05999755859375,18177
2025-12-31 04:22:00+00:00,79.05999755859375,79.0999984741211,79.05999755859375,79.0999984741211,13088
2025-12-31 04:23:00+00:00,79.05999755859375,79.08000183105469,79.02999877929688,79.05999755859375,18182
2025-12-31 04:24:00+00:00,79.04000091552734,79.05000305175781,79.0199966430664,79.04000091552734,6658
2025-12-31 04:25:00+00:00,78.94999694824219,79.04000091552734,78.94999694824219,79.0199966430664,67686
2025-12-31 04:26:00+00:00,79.04000091552734,79.04000091552734,78.93000030517578,79.0,20745
2025-12-31 04:27:00+00:00,78.97000122070312,79.04000091552734,78.97000122070312,79.04000091552734,6170
2025-12-31 04:28:00+00:00,79.0999984741211,79.0999984741211,78.9800033569336,79.0199966430664,22250
2025-12-31 04:29:00+00:00,79.0,79.0999984741211,79.0,79.06999969482422,8345
2025-12-31 04:30:00+00:00,79.02999877929688,79.04000091552734,79.01000213623047,79.0199966430664,3703
2025-12-31 04:31:00+00:00,79.0199966430664,79.04000091552734,79.0,79.04000091552734,1616
2025-12-31 04:32:00+00:00,79.02999877929688,79.02999877929688,79.0,79.02999877929688,18685
2025-12-31 04:33:00+00:00,79.04000091552734,79.04000091552734,79.0,79.02999877929688,3366
2025-12-31 04:34:00+00:00,79.0999984741211,79.11000061035156,79.05000305175781,79.11000061035156,15138
2025-12-31 04:35:00+00:00,79.11000061035156,79.11000061035156,79.05999755859375,79.05999755859375,8922
2025-12-31 04:36:00+00:00,79.0199966430664,79.11000061035156,79.01000213623047,79.08999633789062,31291
2025-12-31 04:37:00+00:00,79.05999755859375,79.0999984741211,79.0,79.0,31565
2025-12-31 04:38:00+00:00,79.12000274658203,79.12000274658203,79.05000305175781,79.05999755859375,17533
2025-12-31 04:39:00+00:00,79.08000183105469,79.12000274658203,79.08000183105469,79.12000274658203,10676
2025-12-31 04:40:00+00:00,79.08000183105469,79.12000274658203,79.08000183105469,79.08000183105469,10890
2025-12-31 04:41:00+00:00,79.08999633789062,79.11000061035156,79.08000183105469,79.0999984741211,15397
2025-12-31 04:42:00+00:00,79.0199966430664,79.08999633789062,79.0,79.08999633789062,8153
2025-12-31 04:43:00+00:00,79.05000305175781,79.08000183105469,79.05000305175781,79.08000183105469,1314
2025-12-31 04:44:00+00:00,79.08000183105469,79.08000183105469,79.05000305175781,79.05000305175781,4393
2025-12-31 04:45:00+00:00,79.0999984741211,79.0999984741211,79.05000305175781,79.05000305175781,6516
2025-12-31 04:46:00+00:00,79.0999984741211,79.12000274658203,79.05999755859375,79.05999755859375,26830
2025-12-31 04:47:00+00:00,79.12000274658203,79.12000274658203,79.08000183105469,79.0999984741211,3536
2025-12-31 04:48:00+00:00,79.1500015258789,79.1500015258789,79.08999633789062,79.12000274658203,21322
2025-12-31 04:49:00+00:00,79.18000030517578,79.18000030517578,79.13999938964844,79.1500015258789,8673
2025-12-31 04:50:00+00:00,79.1500015258789,79.16000366210938,79.11000061035156,79.1500015258789,7282
2025-12-31 04:51:00+00:00,79.12999725341797,79.18000030517578,79.11000061035156,79.1500015258789,12048
2025-12-31 04:52:00+00:00,79.12999725341797,79.1500015258789,79.11000061035156,79.1500015258789,2067
2025-12-31 04:53:00+00:00,79.11000061035156,79.1500015258789,79.11000061035156,79.1500015258789,10814
2025-12-31 04:54:00+00:00,79.12999725341797,79.13999938964844,79.08999633789062,79.0999984741211,3096
2025-12-31 04:55:00+00:00,79.0999984741211,79.12999725341797,79.08999633789062,79.12999725341797,22338
2025-12-31 04:56:00+00:00,79.12000274658203,79.12999725341797,79.0999984741211,79.0999984741211,3360
2025-12-31 04:57:00+00:00,79.12999725341797,79.13999938964844,79.12000274658203,79.12000274658203,3434
2025-12-31 04:58:00+00:00,79.16000366210938,79.16000366210938,79.13999938964844,79.13999938964844,6135
2025-12-31 04:59:00+00:00,79.16000366210938,79.16000366210938,79.13999938964844,79.16000366210938,3244
2025-12-31 05:00:00+00:00,79.13999938964844,79.16000366210938,79.13999938964844,79.13999938964844,3420
2025-12-31 05:01:00+00:00,79.16000366210938,79.16000366210938,79.13999938964844,79.13999938964844,1712
2025-12-31 05:02:00+00:00,79.1500015258789,79.16000366210938,79.11000061035156,79.16000366210938,4933
2025-12-31 05:03:00+00:00,79.11000061035156,79.16000366210938,79.0999984741211,79.11000061035156,5336
2025-12-31 05:04:00+00:00,79.0999984741211,79.12000274658203,79.0999984741211,79.0999984741211,10233
2025-12-31 05:05:00+00:00,79.08000183105469,79.12999725341797,79.08000183105469,79.11000061035156,24541
2025-12-31 05:06:00+00:00,79.05000305175781,79.08000183105469,79.01000213623047,79.05999755859375,14390
2025-12-31 05:07:00+00:00,79.05000305175781,79.06999969482422,79.04000091552734,79.06999969482422,2014
2025-12-31 05:08:00+00:00,79.05000305175781,79.05000305175781,79.0199966430664,79.05000305175781,4701
2025-12-31 05:09:00+00:00,79.05999755859375,79.05999755859375,79.0199966430664,79.0199966430664,13706
2025-12-31 05:10:00+00:00,79.26000213623047,79.26000213623047,79.05999755859375,79.08999633789062,55680
2025-12-31 05:11:00+00:00,79.27999877929688,79.29000091552734,79.20999908447266,79.29000091552734,37049
2025-12-31 05:12:00+00:00,79.23999786376953,79.27999877929688,79.23999786376953,79.25,6037
2025-12-31 05:13:00+00:00,79.19999694824219,79.23999786376953,79.18000030517578,79.23999786376953,6547
2025-12-31 05:14:00+00:00,79.25,79.29000091552734,79.16999816894531,79.19999694824219,58226
2025-12-31 05:15:00+00:00,79.2300033569336,79.2699966430664,79.2300033569336,79.2699966430664,12875
2025-12-31 05:16:00+00:00,79.2699966430664,79.2699966430664,79.2300033569336,79.2300033569336,9404
2025-12-31 05:17:00+00:00,79.25,79.25,79.22000122070312,79.22000122070312,0
2025-12-31 05:18:00+00:00,79.22000122070312,79.23999786376953,79.19000244140625,79.2300033569336,17951
2025-12-31 05:19:00+00:00,79.22000122070312,79.22000122070312,79.19000244140625,79.22000122070312,3712
2025-12-31 05:20:00+00:00,79.19999694824219,79.22000122070312,79.19999694824219,79.20999908447266,1743
2025-12-31 05:21:00+00:00,79.20999908447266,79.22000122070312,79.1500015258789,79.19999694824219,31746
2025-12-31 05:22:00+00:00,79.19000244140625,79.2300033569336,79.18000030517578,79.20999908447266,6720
2025-12-31 05:23:00+00:00,79.36000061035156,79.36000061035156,79.19000244140625,79.19000244140625,67802
2025-12-31 05:24:00+00:00,79.2699966430664,79.38999938964844,79.23999786376953,79.37999725341797,49219
2025-12-31 05:25:00+00:00,79.25,79.2699966430664,79.20999908447266,79.2699966430664,8573
2025-12-31 05:26:00+00:00,79.19999694824219,79.22000122070312,79.18000030517578,79.19999694824219,5355
2025-12-31 05:27:00+00:00,79.19999694824219,79.2300033569336,79.18000030517578,79.18000030517578,2744
2025-12-31 05:28:00+00:00,79.19999694824219,79.23999786376953,79.1500015258789,79.16999816894531,17307
2025-12-31 05:29:00+00:00,79.2300033569336,79.25,79.19999694824219,79.2300033569336,5330
2025-12-31 05:30:00+00:00,79.4000015258789,79.4000015258789,79.20999908447266,79.2300033569336,60839
2025-12-31 05:31:00+00:00,79.37000274658203,79.4000015258789,79.36000061035156,79.4000015258789,9447
2025-12-31 05:32:00+00:00,79.36000061035156,79.4000015258789,79.36000061035156,79.37000274658203,3394
2025-12-31 05:33:00+00:00,79.37999725341797,79.38999938964844,79.36000061035156,79.36000061035156,9859
2025-12-31 05:34:00+00:00,79.33999633789062,79.38999938964844,79.33999633789062,79.38999938964844,71417
2025-12-31 05:35:00+00:00,79.37999725341797,79.37999725341797,79.33999633789062,79.3499984741211,3220
2025-12-31 05:36:00+00:00,79.33000183105469,79.37000274658203,79.33000183105469,79.33000183105469,4093
2025-12-31 05:37:00+00:00,79.33000183105469,79.37000274658203,79.33000183105469,79.36000061035156,5017
2025-12-31 05:38:00+00:00,79.30000305175781,79.33999633789062,79.27999877929688,79.33000183105469,22789
2025-12-31 05:39:00+00:00,79.27999877929688,79.30000305175781,79.26000213623047,79.30000305175781,12717
2025-12-31 05:40:00+00:00,79.30000305175781,79.30000305175781,79.26000213623047,79.26000213623047,43359
2025-12-31 05:41:00+00:00,79.29000091552734,79.30000305175781,79.26000213623047,79.30000305175781,1452
2025-12-31 05:42:00+00:00,79.29000091552734,79.30000305175781,79.26000213623047,79.29000091552734,14255
2025-12-31 05:43:00+00:00,79.30000305175781,79.30000305175781,79.26000213623047,79.29000091552734,6004
2025-12-31 05:44:00+00:00,79.44999694824219,79.48999786376953,79.27999877929688,79.30000305175781,83013
2025-12-31 05:45:00+00:00,79.47000122070312,79.55999755859375,79.43000030517578,79.47000122070312,128308
2025-12-31 05:46:00+00:00,79.38999938964844,79.5,79.38999938964844,79.5,15801
2025-12-31 05:47:00+00:00,79.37999725341797,79.41999816894531,79.37999725341797,79.38999938964844,9623
2025-12-31 05:48:00+00:00,79.36000061035156,79.41999816894531,79.33000183105469,79.41999816894531,15644
2025-12-31 05:49:00+00:00,79.31999969482422,79.36000061035156,79.31999969482422,79.31999969482422,11039
2025-12-31 05:50:00+00:00,79.26000213623047,79.3499984741211,79.26000213623047,79.3499984741211,34145
2025-12-31 05:51:00+00:00,79.29000091552734,79.30000305175781,79.25,79.30000305175781,14087
2025-12-31 05:52:00+00:00,79.26000213623047,79.29000091552734,79.25,79.29000091552734,5886
2025-12-31 05:53:00+00:00,79.27999877929688,79.29000091552734,79.26000213623047,79.29000091552734,10285
2025-12-31 05:54:00+00:00,79.2699966430664,79.27999877929688,79.26000213623047,79.26000213623047,6926
2025-12-31 05:55:00+00:00,79.27999877929688,79.27999877929688,79.2699966430664,79.2699966430664,3488
2025-12-31 05:56:00+00:00,79.2300033569336,79.23999786376953,79.19999694824219,79.22000122070312,77469
2025-12-31 05:57:00+00:00,79.20999908447266,79.25,79.19999694824219,79.25,17399
2025-12-31 05:58:00+00:00,79.23999786376953,79.25,79.20999908447266,79.20999908447266,3341
2025-12-31 05:59:00+00:00,79.25,79.25,79.20999908447266,79.22000122070312,5716
2025-12-31 06:00:00+00:00,79.27999877929688,79.29000091552734,79.20999908447266,79.25,42789
2025-12-31 06:01:00+00:00,79.5999984741211,79.66000366210938,79.29000091552734,79.29000091552734,268285
2025-12-31 06:02:00+00:00,79.52999877929688,79.63999938964844,79.52999877929688,79.63999938964844,21430
2025-12-31 06:03:00+00:00,79.56999969482422,79.62999725341797,79.5199966430664,79.5199966430664,25448
2025-12-31 06:04:00+00:00,79.66999816894531,79.69000244140625,79.56999969482422,79.56999969482422,68841
2025-12-31 06:05:00+00:00,79.62999725341797,79.68000030517578,79.62999725341797,79.66999816894531,64244
2025-12-31 06:06:00+00:00,79.66999816894531,79.69999694824219,79.62000274658203,79.62000274658203,51977
2025-12-31 06:07:00+00:00,79.6500015258789,79.68000030517578,79.61000061035156,79.66000366210938,23191
2025-12-31 06:08:00+00:00,79.62000274658203,79.66999816894531,79.5999984741211,79.6500015258789,18567
2025-12-31 06:09:00+00:00,79.5999984741211,79.5999984741211,79.56999969482422,79.5999984741211,12151
2025-12-31 06:10:00+00:00,79.6500015258789,79.6500015258789,79.55999755859375,79.58000183105469,20625
2025-12-31 06:11:00+00:00,79.61000061035156,79.6500015258789,79.61000061035156,79.61000061035156,38267
2025-12-31 06:12:00+00:00,79.66999816894531,79.66999816894531,79.61000061035156,79.61000061035156,39184
2025-12-31 06:13:00+00:00,79.66000366210938,79.68000030517578,79.62999725341797,79.68000030517578,10331
2025-12-31 06:14:00+00:00,79.68000030517578,79.68000030517578,79.6500015258789,79.66000366210938,12439
2025-12-31 06:15:00+00:00,79.86000061035156,79.86000061035156,79.66000366210938,79.66000366210938,178627
2025-12-31 06:16:00+00:00,79.80000305175781,79.9000015258789,79.80000305175781,79.9000015258789,58804
2025-12-31 06:17:00+00:00,79.80999755859375,79.83999633789062,79.80000305175781,79.83000183105469,17259
2025-12-31 06:18:00+00:00,79.81999969482422,79.86000061035156,79.81999969482422,79.83000183105469,16802
2025-12-31 06:19:00+00:00,79.81999969482422,79.86000061035156,79.80999755859375,79.81999969482422,42780
2025-12-31 06:20:00+00:00,79.81999969482422,79.8499984741211,79.80000305175781,79.80999755859375,5418
2025-12-31 06:21:00+00:00,79.7699966430664,79.80999755859375,79.72000122070312,79.80999755859375,31180
2025-12-31 06:22:00+00:00,79.76000213623047,79.7699966430664,79.72000122070312,79.7300033569336,7890
2025-12-31 06:23:00+00:00,79.7699966430664,79.77999877929688,79.75,79.76000213623047,6067
2025-12-31 06:24:00+00:00,79.75,79.79000091552734,79.75,79.7699966430664,7331
2025-12-31 06:25:00+00:00,79.75,79.77999877929688,79.7300033569336,79.75,18289
2025-12-31 06:26:00+00:00,79.73999786376953,79.75,79.69999694824219,79.75,12047
2025-12-31 06:27:00+00:00,79.72000122070312,79.73999786376953,79.69000244140625,79.73999786376953,6955
2025-12-31 06:28:00+00:00,79.72000122070312,79.72000122070312,79.69000244140625,79.69000244140625,7890
2025-12-31 06:29:00+00:00,79.72000122070312,79.7300033569336,79.69999694824219,79.69999694824219,9663
2025-12-31 06:30:00+00:00,79.66999816894531,79.72000122070312,79.66999816894531,79.69999694824219,14347
2025-12-31 06:31:00+00:00,79.6500015258789,79.72000122070312,79.6500015258789,79.72000122070312,30007
2025-12-31 06:32:00+00:00,79.6500015258789,79.6500015258789,79.63999938964844,79.63999938964844,11032
2025-12-31 06:33:00+00:00,79.62000274658203,79.6500015258789,79.62000274658203,79.63999938964844,19632
2025-12-31 06:34:00+00:00,79.62000274658203,79.63999938964844,79.62000274658203,79.62000274658203,16018
2025-12-31 06:35:00+00:00,79.62999725341797,79.63999938964844,79.56999969482422,79.5999984741211,9146
2025-12-31 06:36:00+00:00,79.75,79.75,79.5999984741211,79.5999984741211,58322
2025-12-31 06:37:00+00:00,79.73999786376953,79.7699966430664,79.7300033569336,79.75,5458
2025-12-31 06:38:00+00:00,79.7699966430664,79.77999877929688,79.73999786376953,79.73999786376953,6845
2025-12-31 06:39:00+00:00,79.7300033569336,79.7699966430664,79.72000122070312,79.73999786376953,9661
2025-12-31 06:40:00+00:00,79.68000030517578,79.72000122070312,79.6500015258789,79.72000122070312,13044
2025-12-31 06:41:00+00:00,79.6500015258789,79.69000244140625,79.6500015258789,79.6500015258789,4969
2025-12-31 06:42:00+00:00,79.63999938964844,79.69000244140625,79.61000061035156,79.63999938964844,9765
2025-12-31 06:43:00+00:00,79.66000366210938,79.69999694824219,79.5999984741211,79.5999984741211,20324
2025-12-31 06:44:00+00:00,79.58999633789062,79.68000030517578,79.58999633789062,79.6500015258789,8621
2025-12-31 06:45:00+00:00,79.61000061035156,79.6500015258789,79.58000183105469,79.58000183105469,4943
2025-12-31 06:46:00+00:00,79.55999755859375,79.66999816894531,79.55999755859375,79.63999938964844,8757
2025-12-31 06:47:00+00:00,79.5999984741211,79.62000274658203,79.56999969482422,79.58999633789062,13175
2025-12-31 06:48:00+00:00,79.58999633789062,79.61000061035156,79.58000183105469,79.5999984741211,15322
2025-12-31 06:49:00+00:00,79.56999969482422,79.61000061035156,79.56999969482422,79.56999969482422,5529
2025-12-31 06:50:00+00:00,79.56999969482422,79.61000061035156,79.56999969482422,79.56999969482422,7535
2025-12-31 06:51:00+00:00,79.62000274658203,79.62000274658203,79.56999969482422,79.56999969482422,21823
2025-12-31 06:52:00+00:00,79.5999984741211,79.62000274658203,79.56999969482422,79.62000274658203,10938
2025-12-31 06:53:00+00:00,79.63999938964844,79.63999938964844,79.56999969482422,79.56999969482422,11192
2025-12-31 06:54:00+00:00,79.62999725341797,79.6500015258789,79.62000274658203,79.62000274658203,9961
2025-12-31 06:55:00+00:00,79.61000061035156,79.66000366210938,79.61000061035156,79.6500015258789,7107
2025-12-31 06:56:00+00:00,79.62999725341797,79.66000366210938,79.61000061035156,79.61000061035156,11986
2025-12-31 06:57:00+00:00,79.58999633789062,79.6500015258789,79.58000183105469,79.62999725341797,21039
2025-12-31 06:58:00+00:00,79.55999755859375,79.5999984741211,79.55999755859375,79.58000183105469,39410
2025-12-31 06:59:00+00:00,79.58999633789062,79.58999633789062,79.5,79.55999755859375,45969
2025-12-31 07:00:00+00:00,79.58000183105469,79.58000183105469,79.54000091552734,79.56999969482422,9909
2025-12-31 07:01:00+00:00,79.5,79.58000183105469,79.5,79.54000091552734,22655
2025-12-31 07:02:00+00:00,79.52999877929688,79.56999969482422,79.51000213623047,79.51000213623047,8872
2025-12-31 07:03:00+00:00,79.55000305175781,79.58999633789062,79.52999877929688,79.52999877929688,26329
2025-12-31 07:04:00+00:00,79.55000305175781,79.58999633789062,79.54000091552734,79.58999633789062,11703
2025-12-31 07:05:00+00:00,79.56999969482422,79.56999969482422,79.54000091552734,79.56999969482422,4078
2025-12-31 07:06:00+00:00,79.5199966430664,79.56999969482422,79.51000213623047,79.54000091552734,19125
2025-12-31 07:07:00+00:00,79.54000091552734,79.58000183105469,79.5199966430664,79.5199966430664,8219
2025-12-31 07:08:00+00:00,79.54000091552734,79.58000183105469,79.54000091552734,79.56999969482422,6715
2025-12-31 07:09:00+00:00,79.55000305175781,79.58000183105469,79.55000305175781,79.58000183105469,12634
2025-12-31 07:10:00+00:00,79.55000305175781,79.58000183105469,79.55000305175781,79.55000305175781,4094
2025-12-31 07:11:00+00:00,79.51000213623047,79.56999969482422,79.5,79.55000305175781,48334
2025-12-31 07:12:00+00:00,79.51000213623047,79.55000305175781,79.51000213623047,79.51000213623047,7214
2025-12-31 07:13:00+00:00,79.5199966430664,79.55999755859375,79.51000213623047,79.51000213623047,11329
2025-12-31 07:14:00+00:00,79.55000305175781,79.58000183105469,79.5199966430664,79.5199966430664,6126
2025-12-31 07:15:00+00:00,79.58000183105469,79.58000183105469,79.52999877929688,79.55000305175781,7131
2025-12-31 07:16:00+00:00,79.58000183105469,79.58000183105469,79.55000305175781,79.56999969482422,6587
2025-12-31 07:17:00+00:00,79.54000091552734,79.55999755859375,79.54000091552734,79.55999755859375,12016
2025-12-31 07:18:00+00:00,79.55000305175781,79.55000305175781,79.52999877929688,79.55000305175781,4420
2025-12-31 07:19:00+00:00,79.52999877929688,79.55000305175781,79.5199966430664,79.55000305175781,6458
2025-12-31 07:20:00+00:00,79.52999877929688,79.55000305175781,79.5199966430664,79.52999877929688,7535
2025-12-31 07:21:00+00:00,79.63999938964844,79.69000244140625,79.52999877929688,79.55000305175781,65925
2025-12-31 07:22:00+00:00,79.5199966430664,79.62999725341797,79.5,79.5999984741211,32654
2025-12-31 07:23:00+00:00,79.56999969482422,79.56999969482422,79.52999877929688,79.54000091552734,3588
2025-12-31 07:24:00+00:00,79.4000015258789,79.56999969482422,79.4000015258789,79.56999969482422,44849
2025-12-31 07:25:00+00:00,79.36000061035156,79.4000015258789,79.3499984741211,79.4000015258789,31397
2025-12-31 07:26:00+00:00,79.37999725341797,79.43000030517578,79.36000061035156,79.37999725341797,10024
2025-12-31 07:27:00+00:00,79.4000015258789,79.43000030517578,79.37999725341797,79.37999725341797,10181
2025-12-31 07:28:00+00:00,79.36000061035156,79.4000015258789,79.3499984741211,79.37999725341797,16343
2025-12-31 07:29:00+00:00,79.37000274658203,79.38999938964844,79.36000061035156,79.38999938964844,5977
2025-12-31 07:30:00+00:00,79.43000030517578,79.47000122070312,79.4000015258789,79.4000015258789,17331
2025-12-31 07:31:00+00:00,79.33999633789062,79.44000244140625,79.33999633789062,79.41999816894531,19305
2025-12-31 07:32:00+00:00,79.3499984741211,79.36000061035156,79.30999755859375,79.33999633789062,8281
2025-12-31 07:33:00+00:00,79.33000183105469,79.36000061035156,79.31999969482422,79.3499984741211,12443
2025-12-31 07:34:00+00:00,79.37000274658203,79.37999725341797,79.33999633789062,79.37000274658203,3419
2025-12-31 07:35:00+00:00,79.26000213623047,79.37999725341797,79.26000213623047,79.37999725341797,56644
2025-12-31 07:36:00+00:00,79.19999694824219,79.29000091552734,79.19999694824219,79.26000213623047,39317
2025-12-31 07:37:00+00:00,79.20999908447266,79.25,79.19999694824219,79.22000122070312,8550
2025-12-31 07:38:00+00:00,79.27999877929688,79.27999877929688,79.20999908447266,79.25,10397
2025-12-31 07:39:00+00:00,79.30999755859375,79.30999755859375,79.2699966430664,79.30000305175781,2973
2025-12-31 07:40:00+00:00,79.30999755859375,79.33999633789062,79.29000091552734,79.29000091552734,23756
2025-12-31 07:41:00+00:00,79.26000213623047,79.33999633789062,79.25,79.30999755859375,31013
2025-12-31 07:42:00+00:00,79.2699966430664,79.27999877929688,79.2300033569336,79.27999877929688,14680
2025-12-31 07:43:00+00:00,79.29000091552734,79.29000091552734,79.23999786376953,79.23999786376953,5881
2025-12-31 07:44:00+00:00,79.26000213623047,79.30000305175781,79.26000213623047,79.2699966430664,5618
2025-12-31 07:45:00+00:00,79.12999725341797,79.30000305175781,79.11000061035156,79.26000213623047,69456
2025-12-31 07:46:00+00:00,79.0999984741211,79.12000274658203,79.0999984741211,79.12000274658203,15844
2025-12-31 07:47:00+00:00,79.11000061035156,79.12999725341797,79.0999984741211,79.0999984741211,12385
2025-12-31 07:48:00+00:00,79.11000061035156,79.12999725341797,79.11000061035156,79.12999725341797,6131
2025-12-31 07:49:00+00:00,79.11000061035156,79.12000274658203,79.11000061035156,79.12000274658203,6366
2025-12-31 07:50:00+00:00,79.05999755859375,79.12000274658203,79.02999877929688,79.12000274658203,82308
2025-12-31 07:51:00+00:00,79.05999755859375,79.0999984741211,79.05000305175781,79.0999984741211,11519
2025-12-31 07:52:00+00:00,79.08000183105469,79.0999984741211,79.05999755859375,79.08999633789062,5521
2025-12-31 07:53:00+00:00,79.08999633789062,79.0999984741211,79.08000183105469,79.0999984741211,11768
2025-12-31 07:54:00+00:00,79.08999633789062,79.0999984741211,79.08999633789062,79.08999633789062,5060
2025-12-31 07:55:00+00:00,79.0999984741211,79.0999984741211,79.08999633789062,79.0999984741211,7880
2025-12-31 07:56:00+00:00,79.05999755859375,79.12000274658203,79.05000305175781,79.0999984741211,21593
2025-12-31 07:57:00+00:00,79.05000305175781,79.08000183105469,79.05000305175781,79.05999755859375,4435
2025-12-31 07:58:00+00:00,79.08000183105469,79.08000183105469,79.05000305175781,79.05999755859375,8997
2025-12-31 07:59:00+00:00,79.06999969482422,79.08999633789062,79.05999755859375,79.05999755859375,7290
2025-12-31 08:00:00+00:00,79.06999969482422,79.08999633789062,79.06999969482422,79.08999633789062,10925
2025-12-31 08:01:00+00:00,79.06999969482422,79.08999633789062,79.06999969482422,79.06999969482422,5043
2025-12-31 08:02:00+00:00,79.08000183105469,79.0999984741211,79.06999969482422,79.06999969482422,11856
2025-12-31 08:03:00+00:00,79.0,79.0999984741211,79.0,79.08000183105469,74451
2025-12-31 08:04:00+00:00,79.0,79.02999877929688,78.98999786376953,79.0,39237
2025-12-31 08:05:00+00:00,79.0199966430664,79.05999755859375,79.0,79.0,9560
2025-12-31 08:06:00+00:00,79.02999877929688,79.05999755859375,79.0199966430664,79.05999755859375,6632
2025-12-31 08:07:00+00:00,79.0,79.06999969482422,79.0,79.02999877929688,38984
2025-12-31 08:08:00+00:00,79.0199966430664,79.05000305175781,79.0,79.04000091552734,10617
2025-12-31 08:09:00+00:00,79.05000305175781,79.06999969482422,79.0199966430664,79.0199966430664,12268
2025-12-31 08:10:00+00:00,79.02999877929688,79.08000183105469,79.02999877929688,79.05000305175781,24250
2025-12-31 08:11:00+00:00,79.04000091552734,79.06999969482422,79.02999877929688,79.02999877929688,7515
2025-12-31 08:12:00+00:00,79.08999633789062,79.12999725341797,79.04000091552734,79.04000091552734,4749
2025-12-31 08:13:00+00:00,79.11000061035156,79.1500015258789,79.08999633789062,79.08999633789062,11392
2025-12-31 08:14:00+00:00,79.06999969482422,79.11000061035156,79.06999969482422,79.08999633789062,12161
2025-12-31 08:15:00+00:00,79.0999984741211,79.12000274658203,79.06999969482422,79.06999969482422,5663
2025-12-31 08:16:00+00:00,79.08000183105469,79.12000274658203,79.08000183105469,79.0999984741211,10574
2025-12-31 08:17:00+00:00,79.13999938964844,79.13999938964844,79.08000183105469,79.12000274658203,6878
2025-12-31 08:18:00+00:00,79.12000274658203,79.13999938964844,79.11000061035156,79.11000061035156,9718
2025-12-31 08:19:00+00:00,79.12000274658203,79.13999938964844,79.12000274658203,79.13999938964844,8499
2025-12-31 08:20:00+00:00,79.11000061035156,79.13999938964844,79.11000061035156,79.12999725341797,11458
2025-12-31 08:21:00+00:00,79.13999938964844,79.18000030517578,79.0999984741211,79.12000274658203,8693
2025-12-31 08:22:00+00:00,79.13999938964844,79.18000030517578,79.12999725341797,79.16999816894531,7171
2025-12-31 08:23:00+00:00,79.22000122070312,79.2300033569336,79.13999938964844,79.18000030517578,7385
2025-12-31 08:24:00+00:00,79.19999694824219,79.2300033569336,79.19999694824219,79.22000122070312,3935
2025-12-31 08:25:00+00:00,79.16999816894531,79.20999908447266,79.1500015258789,79.18000030517578,16630
2025-12-31 08:26:00+00:00,79.16999816894531,79.20999908447266,79.16999816894531,79.19999694824219,5379
2025-12-31 08:27:00+00:00,79.1500015258789,79.20999908447266,79.1500015258789,79.16999816894531,5538
2025-12-31 08:28:00+00:00,79.16999816894531,79.16999816894531,79.1500015258789,79.1500015258789,2467
2025-12-31 08:29:00+00:00,79.1500015258789,79.16999816894531,79.1500015258789,79.1500015258789,4519
2025-12-31 08:30:00+00:00,79.16000366210938,79.16999816894531,79.1500015258789,79.16999816894531,7357
2025-12-31 08:31:00+00:00,79.12999725341797,79.18000030517578,79.12999725341797,79.16999816894531,13074
2025-12-31 08:32:00+00:00,79.12000274658203,79.13999938964844,79.0999984741211,79.12999725341797,28621
2025-12-31 08:33:00+00:00,79.12999725341797,79.18000030517578,79.12999725341797,79.12999725341797,4739
2025-12-31 08:34:00+00:00,79.12999725341797,79.18000030517578,79.12999725341797,79.12999725341797,4575
2025-12-31 08:35:00+00:00,79.13999938964844,79.16999816894531,79.12999725341797,79.12999725341797,6394
2025-12-31 08:36:00+00:00,79.16000366210938,79.18000030517578,79.1500015258789,79.1500015258789,7782
2025-12-31 08:37:00+00:00,79.18000030517578,79.18000030517578,79.16000366210938,79.16000366210938,6847
2025-12-31 08:38:00+00:00,79.18000030517578,79.19999694824219,79.18000030517578,79.18000030517578,7546
2025-12-31 08:39:00+00:00,79.18000030517578,79.19999694824219,79.18000030517578,79.18000030517578,4925
2025-12-31 08:40:00+00:00,79.16999816894531,79.19999694824219,79.16999816894531,79.18000030517578,11875
2025-12-31 08:41:00+00:00,79.1500015258789,79.18000030517578,79.1500015258789,79.16999816894531,7583
2025-12-31 08:42:00+00:00,79.16999816894531,79.19999694824219,79.1500015258789,79.1500015258789,12947
2025-12-31 08:43:00+00:00,79.18000030517578,79.19999694824219,79.16999816894531,79.19999694824219,5693
2025-12-31 08:44:00+00:00,79.0999984741211,79.19999694824219,79.08999633789062,79.18000030517578,29483
2025-12-31 08:45:00+00:00,79.05000305175781,79.08999633789062,79.05000305175781,79.08999633789062,15222
2025-12-31 08:46:00+00:00,79.05000305175781,79.08999633789062,79.05000305175781,79.05000305175781,6572
2025-12-31 08:47:00+00:00,79.08000183105469,79.08000183105469,79.04000091552734,79.05000305175781,10714
2025-12-31 08:48:00+00:00,79.05000305175781,79.08999633789062,79.05000305175781,79.06999969482422,4969
2025-12-31 08:49:00+00:00,79.05000305175781,79.08999633789062,79.05000305175781,79.08999633789062,7717
2025-12-31 08:50:00+00:00,79.0,79.06999969482422,78.94999694824219,79.05000305175781,58938
2025-12-31 08:51:00+00:00,78.9800033569336,79.01000213623047,78.9800033569336,78.9800033569336,5928
2025-12-31 08:52:00+00:00,78.98999786376953,79.0,78.9800033569336,78.9800033569336,5373
2025-12-31 08:53:00+00:00,78.94000244140625,78.9800033569336,78.9000015258789,78.95999908447266,56304
2025-12-31 08:54:00+00:00,79.0199966430664,79.0199966430664,78.94000244140625,78.97000122070312,24267
2025-12-31 08:55:00+00:00,79.0,79.04000091552734,79.0,79.01000213623047,9953
2025-12-31 08:56:00+00:00,78.98999786376953,79.04000091552734,78.9800033569336,79.0,15351
2025-12-31 08:57:00+00:00,78.94000244140625,79.0,78.94000244140625,78.9800033569336,17965
2025-12-31 08:58:00+00:00,78.94000244140625,78.97000122070312,78.94000244140625,78.94000244140625,0
2025-12-31 08:59:00+00:00,78.94000244140625,78.97000122070312,78.93000030517578,78.94000244140625,14913
2025-12-31 09:00:00+00:00,78.91999816894531,78.94000244140625,78.91999816894531,78.93000030517578,10445
2025-12-31 09:01:00+00:00,78.91000366210938,78.95999908447266,78.9000015258789,78.91999816894531,28686
2025-12-31 09:02:00+00:00,78.93000030517578,78.95999908447266,78.91000366210938,78.94999694824219,29000
2025-12-31 09:03:00+00:00,78.9000015258789,78.97000122070312,78.9000015258789,78.93000030517578,25321
2025-12-31 09:04:00+00:00,78.86000061035156,78.94000244140625,78.8499984741211,78.9000015258789,50076
2025-12-31 09:05:00+00:00,78.8499984741211,78.87999725341797,78.8499984741211,78.86000061035156,24922
2025-12-31 09:06:00+00:00,78.8499984741211,78.87999725341797,78.8499984741211,78.8499984741211,15862
2025-12-31 09:07:00+00:00,78.8499984741211,78.88999938964844,78.83000183105469,78.8499984741211,29412
2025-12-31 09:08:00+00:00,78.83999633789062,78.87999725341797,78.80000305175781,78.86000061035156,26185
2025-12-31 09:09:00+00:00,78.83000183105469,78.86000061035156,78.80999755859375,78.80999755859375,11650
2025-12-31 09:10:00+00:00,78.9000015258789,78.93000030517578,78.83000183105469,78.83000183105469,45354
2025-12-31 09:11:00+00:00,78.91999816894531,78.95999908447266,78.91000366210938,78.93000030517578,14946
2025-12-31 09:12:00+00:00,78.94000244140625,78.9800033569336,78.91000366210938,78.91999816894531,12411
2025-12-31 09:13:00+00:00,78.94000244140625,78.9800033569336,78.93000030517578,78.94000244140625,8953
2025-12-31 09:14:00+00:00,78.94000244140625,78.9800033569336,78.91000366210938,78.94000244140625,16976
2025-12-31 09:15:00+00:00,78.9000015258789,78.94999694824219,78.9000015258789,78.91999816894531,8141
2025-12-31 09:16:00+00:00,78.9000015258789,78.94000244140625,78.88999938964844,78.9000015258789,4953
2025-12-31 09:17:00+00:00,78.93000030517578,78.94000244140625,78.9000015258789,78.9000015258789,16877
2025-12-31 09:18:00+00:00,78.98999786376953,78.98999786376953,78.93000030517578,78.94999694824219,17311
2025-12-31 09:19:00+00:00,79.11000061035156,79.13999938964844,78.97000122070312,78.97000122070312,61394
2025-12-31 09:20:00+00:00,79.05000305175781,79.1500015258789,79.05000305175781,79.11000061035156,34258
2025-12-31 09:21:00+00:00,79.06999969482422,79.0999984741211,79.05000305175781,79.06999969482422,5376
2025-12-31 09:22:00+00:00,79.04000091552734,79.06999969482422,79.0,79.06999969482422,38428
2025-12-31 09:23:00+00:00,79.01000213623047,79.04000091552734,79.01000213623047,79.01000213623047,7605
2025-12-31 09:24:00+00:00,79.04000091552734,79.05000305175781,79.01000213623047,79.01000213623047,11473
2025-12-31 09:25:00+00:00,79.16000366210938,79.19000244140625,79.04000091552734,79.04000091552734,24547
2025-12-31 09:26:00+00:00,79.16000366210938,79.19000244140625,79.1500015258789,79.16000366210938,25591
2025-12-31 09:27:00+00:00,79.11000061035156,79.18000030517578,79.0999984741211,79.16999816894531,23462
2025-12-31 09:28:00+00:00,79.1500015258789,79.1500015258789,79.11000061035156,79.11000061035156,5843
2025-12-31 09:29:00+00:00,79.16000366210938,79.18000030517578,79.12999725341797,79.1500015258789,10576
2025-12-31 09:30:00+00:00,79.19000244140625,79.19999694824219,79.18000030517578,79.19000244140625,59799
2025-12-31 09:31:00+00:00,79.08999633789062,79.19999694824219,79.04000091552734,79.19999694824219,67648
2025-12-31 09:32:00+00:00,78.98999786376953,79.11000061035156,78.98999786376953,79.11000061035156,39742
2025-12-31 09:33:00+00:00,78.9800033569336,79.01000213623047,78.95999908447266,79.01000213623047,24998
2025-12-31 09:34:00+00:00,78.94000244140625,78.97000122070312,78.91999816894531,78.94999694824219,36737
2025-12-31 09:35:00+00:00,78.94999694824219,78.9800033569336,78.87999725341797,78.93000030517578,46501
2025-12-31 09:36:00+00:00,79.04000091552734,79.12999725341797,78.97000122070312,78.97000122070312,57627
2025-12-31 09:37:00+00:00,78.94000244140625,79.05999755859375,78.94000244140625,79.05999755859375,15669
2025-12-31 09:38:00+00:00,79.04000091552734,79.05999755859375,78.97000122070312,78.9800033569336,26082
2025-12-31 09:39:00+00:00,79.25,79.2699966430664,79.0199966430664,79.04000091552734,119616
2025-12-31 09:40:00+00:00,79.3499984741211,79.43000030517578,79.18000030517578,79.20999908447266,359037
2025-12-31 09:41:00+00:00,79.31999969482422,79.37000274658203,79.30000305175781,79.3499984741211,185201
2025-12-31 09:42:00+00:00,79.33999633789062,79.38999938964844,79.2699966430664,79.31999969482422,178629
2025-12-31 09:43:00+00:00,79.3499984741211,79.36000061035156,79.27999877929688,79.33999633789062,178817
2025-12-31 09:44:00+00:00,79.30000305175781,79.33000183105469,79.26000213623047,79.29000091552734,188414
2025-12-31 09:45:00+00:00,79.29000091552734,79.3499984741211,79.26000213623047,79.30000305175781,185144
2025-12-31 09:46:00+00:00,79.30000305175781,79.30000305175781,79.2300033569336,79.29000091552734,166208
2025-12-31 09:47:00+00:00,79.2699966430664,79.31999969482422,79.23999786376953,79.30000305175781,154172
2025-12-31 09:48:00+00:00,79.25,79.30000305175781,79.20999908447266,79.25,163560
2025-12-31 09:49:00+00:00,79.1500015258789,79.26000213623047,79.12000274658203,79.23999786376953,188299
2025-12-31 09:50:00+00:00,79.16000366210938,79.19999694824219,79.11000061035156,79.12999725341797,183869
2025-12-31 09:51:00+00:00,79.2300033569336,79.23999786376953,79.13999938964844,79.19000244140625,222903
2025-12-31 09:52:00+00:00,79.19999694824219,79.22000122070312,79.1500015258789,79.22000122070312,143884
2025-12-31 09:53:00+00:00,79.2300033569336,79.25,79.19999694824219,79.2300033569336,139160
2025-12-31 09:54:00+00:00,79.19999694824219,79.25,79.13999938964844,79.25,179771
2025-12-31 09:55:00+00:00,79.1500015258789,79.22000122070312,79.13999938964844,79.19000244140625,188254
2025-12-31 09:56:00+00:00,79.12999725341797,79.2300033569336,79.08999633789062,79.20999908447266,309295
2025-12-31 09:57:00+00:00,79.16999816894531,79.18000030517578,79.06999969482422,79.06999969482422,159716
2025-12-31 09:58:00+00:00,79.2300033569336,79.23999786376953,79.13999938964844,79.16999816894531,151367
2025-12-31 09:59:00+00:00,79.22000122070312,79.2699966430664,79.19999694824219,79.22000122070312,54137
2026-01-01 03:45:00+00:00,79.3499984741211,79.45999908447266,79.08000183105469,79.18000030517578,0
2026-01-01 03:46:00+00:00,79.4800033569336,79.5,79.31999969482422,79.31999969482422,24280
2026-01-01 03:47:00+00:00,79.5,79.51000213623047,79.41999816894531,79.41999816894531,16490
2026-01-01 03:48:00+00:00,79.41999816894531,79.4800033569336,79.41999816894531,79.44999694824219,21843
2026-01-01 03:49:00+00:00,79.4000015258789,79.44999694824219,79.4000015258789,79.44999694824219,13843
2026-01-01 03:50:00+00:00,79.47000122070312,79.55000305175781,79.44000244140625,79.44999694824219,41140
2026-01-01 03:51:00+00:00,79.54000091552734,79.54000091552734,79.4800033569336,79.4800033569336,24064
2026-01-01 03:52:00+00:00,79.43000030517578,79.54000091552734,79.43000030517578,79.5,24395
2026-01-01 03:53:00+00:00,79.41999816894531,79.51000213623047,79.4000015258789,79.5,18193
2026-01-01 03:54:00+00:00,79.3499984741211,79.4000015258789,79.2699966430664,79.38999938964844,21286
2026-01-01 03:55:00+00:00,79.30000305175781,79.3499984741211,79.27999877929688,79.30999755859375,25072
2026-01-01 03:56:00+00:00,79.25,79.30000305175781,79.25,79.30000305175781,6260
2026-01-01 03:57:00+00:00,79.27999877929688,79.27999877929688,79.2699966430664,79.27999877929688,3683
2026-01-01 03:58:00+00:00,79.45999908447266,79.5,79.2699966430664,79.2699966430664,47008
2026-01-01 03:59:00+00:00,79.44999694824219,79.48999786376953,79.3499984741211,79.47000122070312,11650
2026-01-01 04:00:00+00:00,79.47000122070312,79.47000122070312,79.41000366210938,79.44000244140625,28190
2026-01-01 04:01:00+00:00,79.3499984741211,79.4800033569336,79.3499984741211,79.43000030517578,19195
2026-01-01 04:02:00+00:00,79.44999694824219,79.4800033569336,79.38999938964844,79.38999938964844,19161
2026-01-01 04:03:00+00:00,79.47000122070312,79.4800033569336,79.44000244140625,79.44999694824219,4648
2026-01-01 04:04:00+00:00,79.4000015258789,79.45999908447266,79.37999725341797,79.45999908447266,9883
2026-01-01 04:05:00+00:00,79.4000015258789,79.4000015258789,79.37999725341797,79.4000015258789,1510
2026-01-01 04:06:00+00:00,79.37000274658203,79.4000015258789,79.37000274658203,79.4000015258789,7175
2026-01-01 04:07:00+00:00,79.33999633789062,79.37999725341797,79.30000305175781,79.37000274658203,6224
2026-01-01 04:08:00+00:00,79.33000183105469,79.3499984741211,79.30000305175781,79.33000183105469,4961
2026-01-01 04:09:00+00:00,79.3499984741211,79.3499984741211,79.31999969482422,79.33999633789062,12913
2026-01-01 04:10:00+00:00,79.44999694824219,79.44999694824219,79.33999633789062,79.37999725341797,34398
2026-01-01 04:11:00+00:00,79.52999877929688,79.58000183105469,79.44999694824219,79.44999694824219,60840
2026-01-01 04:12:00+00:00,79.52999877929688,79.55999755859375,79.4800033569336,79.51000213623047,18355
2026-01-01 04:13:00+00:00,79.68000030517578,79.68000030517578,79.5199966430664,79.52999877929688,58255
2026-01-01 04:14:00+00:00,79.7699966430664,79.80000305175781,79.69999694824219,79.69999694824219,54978
2026-01-01 04:15:00+00:00,79.8499984741211,79.8499984741211,79.7699966430664,79.77999877929688,48963
2026-01-01 04:16:00+00:00,79.79000091552734,79.8499984741211,79.77999877929688,79.83000183105469,34770
2026-01-01 04:17:00+00:00,79.95999908447266,79.9800033569336,79.7699966430664,79.79000091552734,78206
2026-01-01 04:18:00+00:00,79.95999908447266,80.04000091552734,79.93000030517578,79.94999694824219,160750
2026-01-01 04:19:00+00:00,80.0,80.0,79.95999908447266,79.98999786376953,45327
2026-01-01 04:20:00+00:00,79.98999786376953,80.0,79.95999908447266,80.0,23804
2026-01-01 04:21:00+00:00,80.0,80.0199966430664,79.94999694824219,79.98999786376953,45284
2026-01-01 04:22:00+00:00,80.0,80.0,79.9800033569336,80.0,12091
2026-01-01 04:23:00+00:00,79.93000030517578,80.0,79.93000030517578,80.0,22909
2026-01-01 04:24:00+00:00,79.94000244140625,79.97000122070312,79.88999938964844,79.97000122070312,37035
2026-01-01 04:25:00+00:00,80.08999633789062,80.0999984741211,79.94000244140625,79.94999694824219,73799
2026-01-01 04:26:00+00:00,80.22000122070312,80.2300033569336,80.08999633789062,80.11000061035156,51040
2026-01-01 04:27:00+00:00,79.94999694824219,80.19999694824219,79.94000244140625,80.19999694824219,59937
2026-01-01 04:28:00+00:00,79.91999816894531,79.94999694824219,79.87999725341797,79.93000030517578,30291
2026-01-01 04:29:00+00:00,80.05999755859375,80.11000061035156,79.87999725341797,79.87999725341797,57810
2026-01-01 04:30:00+00:00,80.16000366210938,80.16000366210938,80.06999969482422,80.06999969482422,16958
2026-01-01 04:31:00+00:00,80.12999725341797,80.16999816894531,80.12999725341797,80.1500015258789,27336
2026-01-01 04:32:00+00:00,80.12000274658203,80.13999938964844,80.11000061035156,80.13999938964844,25756
2026-01-01 04:33:00+00:00,80.1500015258789,80.16000366210938,80.12000274658203,80.12000274658203,29467
2026-01-01 04:34:00+00:00,80.13999938964844,80.16000366210938,80.13999938964844,80.1500015258789,10583
2026-01-01 04:35:00+00:00,80.1500015258789,80.16000366210938,80.13999938964844,80.16000366210938,15941
2026-01-01 04:36:00+00:00,80.1500015258789,80.16000366210938,80.0999984741211,80.16000366210938,36966
2026-01-01 04:37:00+00:00,80.02999877929688,80.12000274658203,80.01000213623047,80.12000274658203,17578
2026-01-01 04:38:00+00:00,80.02999877929688,80.05999755859375,80.0,80.04000091552734,11600
2026-01-01 04:39:00+00:00,79.98999786376953,80.02999877929688,79.94999694824219,80.02999877929688,26239
2026-01-01 04:40:00+00:00,79.97000122070312,79.98999786376953,79.95999908447266,79.95999908447266,14897
2026-01-01 04:41:00+00:00,79.94000244140625,79.98999786376953,79.94000244140625,79.9800033569336,17893
2026-01-01 04:42:00+00:00,79.8499984741211,79.94999694824219,79.80999755859375,79.94999694824219,41237
2026-01-01 04:43:00+00:00,79.94000244140625,79.94000244140625,79.83999633789062,79.8499984741211,9706
2026-01-01 04:44:00+00:00,80.02999877929688,80.02999877929688,79.91999816894531,79.91999816894531,34472
2026-01-01 04:45:00+00:00,79.94000244140625,80.0199966430664,79.91999816894531,79.98999786376953,20419
2026-01-01 04:46:00+00:00,79.93000030517578,79.9800033569336,79.91999816894531,79.9800033569336,6344
2026-01-01 04:47:00+00:00,79.93000030517578,79.93000030517578,79.91000366210938,79.91000366210938,15087
2026-01-01 04:48:00+00:00,79.9000015258789,79.93000030517578,79.9000015258789,79.91000366210938,11390
2026-01-01 04:49:00+00:00,79.83000183105469,79.87999725341797,79.81999969482422,79.87999725341797,11301
2026-01-01 04:50:00+00:00,79.72000122070312,79.8499984741211,79.68000030517578,79.83999633789062,42786
2026-01-01 04:51:00+00:00,79.69000244140625,79.7300033569336,79.5999984741211,79.68000030517578,44948
2026-01-01 04:52:00+00:00,79.66000366210938,79.69000244140625,79.63999938964844,79.6500015258789,8634
2026-01-01 04:53:00+00:00,79.70999908447266,79.70999908447266,79.63999938964844,79.66000366210938,20949
2026-01-01 04:54:00+00:00,79.75,79.75,79.66999816894531,79.70999908447266,19716
2026-01-01 04:55:00+00:00,79.9000015258789,79.9000015258789,79.7300033569336,79.7300033569336,23891
2026-01-01 04:56:00+00:00,79.87999725341797,79.91999816894531,79.86000061035156,79.88999938964844,22313
2026-01-01 04:57:00+00:00,79.88999938964844,79.88999938964844,79.87000274658203,79.87000274658203,11975
2026-01-01 04:58:00+00:00,79.93000030517578,79.93000030517578,79.87999725341797,79.87999725341797,43537
2026-01-01 04:59:00+00:00,79.91000366210938,79.93000030517578,79.9000015258789,79.91999816894531,10377
2026-01-01 05:00:00+00:00,79.91000366210938,79.94000244140625,79.91000366210938,79.93000030517578,6095
2026-01-01 05:01:00+00:00,79.8499984741211,79.91999816894531,79.8499984741211,79.91000366210938,10431
2026-01-01 05:02:00+00:00,79.94000244140625,79.94999694824219,79.8499984741211,79.88999938964844,18926
2026-01-01 05:03:00+00:00,79.94999694824219,79.9800033569336,79.94000244140625,79.94999694824219,12577
2026-01-01 05:04:00+00:00,80.06999969482422,80.08000183105469,79.95999908447266,79.97000122070312,53386
2026-01-01 05:05:00+00:00,80.05999755859375,80.0999984741211,80.05000305175781,80.05000305175781,36172
2026-01-01 05:06:00+00:00,80.05000305175781,80.08000183105469,80.02999877929688,80.06999969482422,19713
2026-01-01 05:07:00+00:00,80.0,80.05000305175781,80.0,80.05000305175781,8738
2026-01-01 05:08:00+00:00,80.04000091552734,80.04000091552734,80.0199966430664,80.0199966430664,7731
2026-01-01 05:09:00+00:00,80.05000305175781,80.08000183105469,80.0199966430664,80.0199966430664,19537
2026-01-01 05:10:00+00:00,80.0199966430664,80.05999755859375,80.0,80.05000305175781,13973
2026-01-01 05:11:00+00:00,80.01000213623047,80.0199966430664,80.0,80.01000213623047,15657
2026-01-01 05:12:00+00:00,80.0,80.01000213623047,79.9800033569336,79.9800033569336,12865
2026-01-01 05:13:00+00:00,79.98999786376953,80.01000213623047,79.98999786376953,80.01000213623047,10741
2026-01-01 05:14:00+00:00,80.01000213623047,80.01000213623047,79.9800033569336,80.01000213623047,12726
2026-01-01 05:15:00+00:00,79.95999908447266,80.01000213623047,79.95999908447266,80.01000213623047,8086
2026-01-01 05:16:00+00:00,79.97000122070312,80.0,79.95999908447266,79.97000122070312,11567
2026-01-01 05:17:00+00:00,79.97000122070312,80.0,79.97000122070312,79.98999786376953,6418
2026-01-01 05:18:00+00:00,79.95999908447266,79.98999786376953,79.94000244140625,79.98999786376953,10398
2026-01-01 05:19:00+00:00,79.98999786376953,79.98999786376953,79.94999694824219,79.95999908447266,14273
2026-01-01 05:20:00+00:00,80.0,80.0,79.97000122070312,79.9800033569336,15493
2026-01-01 05:21:00+00:00,79.9800033569336,80.0,79.95999908447266,80.0,4498
2026-01-01 05:22:00+00:00,80.0,80.0,79.95999908447266,79.95999908447266,10128
2026-01-01 05:23:00+00:00,80.0,80.0,79.98999786376953,80.0,20622
2026-01-01 05:24:00+00:00,79.98999786376953,80.0,79.9800033569336,80.0,14439
2026-01-01 05:25:00+00:00,80.0,80.0,79.94999694824219,80.0,5716
2026-01-01 05:26:00+00:00,80.0,80.0,79.94000244140625,79.9800033569336,9846
2026-01-01 05:27:00+00:00,79.95999908447266,80.0,79.94000244140625,79.98999786376953,7934
2026-01-01 05:28:00+00:00,79.93000030517578,79.98999786376953,79.93000030517578,79.98999786376953,4949
2026-01-01 05:29:00+00:00,79.94999694824219,79.9800033569336,79.94999694824219,79.9800033569336,14897
2026-01-01 05:30:00+00:00,79.9800033569336,79.9800033569336,79.94999694824219,79.97000122070312,1594
2026-01-01 05:31:00+00:00,79.9800033569336,79.9800033569336,79.93000030517578,79.9800033569336,8526
2026-01-01 05:32:00+00:00,79.94000244140625,79.9800033569336,79.94000244140625,79.9800033569336,24566
2026-01-01 05:33:00+00:00,79.9800033569336,79.9800033569336,79.94999694824219,79.9800033569336,6205
2026-01-01 05:34:00+00:00,79.9800033569336,79.9800033569336,79.94000244140625,79.9800033569336,11198
2026-01-01 05:35:00+00:00,79.9800033569336,79.9800033569336,79.94000244140625,79.9800033569336,5697
2026-01-01 05:36:00+00:00,79.93000030517578,79.95999908447266,79.91999816894531,79.95999908447266,4934
2026-01-01 05:37:00+00:00,79.94999694824219,79.95999908447266,79.91999816894531,79.93000030517578,11655
2026-01-01 05:38:00+00:00,79.93000030517578,79.94999694824219,79.9000015258789,79.94999694824219,9748
2026-01-01 05:39:00+00:00,79.93000030517578,79.94000244140625,79.9000015258789,79.93000030517578,6895
2026-01-01 05:40:00+00:00,79.91999816894531,79.94999694824219,79.91999816894531,79.94000244140625,7544
2026-01-01 05:41:00+00:00,79.94000244140625,79.94999694824219,79.91999816894531,79.94999694824219,5927
2026-01-01 05:42:00+00:00,79.94000244140625,79.94000244140625,79.91000366210938,79.94000244140625,6888
2026-01-01 05:43:00+00:00,79.94000244140625,79.94000244140625,79.9000015258789,79.94000244140625,7604
2026-01-01 05:44:00+00:00,79.91000366210938,79.94000244140625,79.9000015258789,79.94000244140625,7002
2026-01-01 05:45:00+00:00,79.91999816894531,79.93000030517578,79.9000015258789,79.91000366210938,7993
2026-01-01 05:46:00+00:00,79.87000274658203,79.91999816894531,79.87000274658203,79.91999816894531,5869
2026-01-01 05:47:00+00:00,79.88999938964844,79.88999938964844,79.83999633789062,79.87000274658203,14209
2026-01-01 05:48:00+00:00,79.88999938964844,79.88999938964844,79.86000061035156,79.86000061035156,5463
2026-01-01 05:49:00+00:00,79.8499984741211,79.88999938964844,79.8499984741211,79.88999938964844,4003
2026-01-01 05:50:00+00:00,79.8499984741211,79.8499984741211,79.83999633789062,79.8499984741211,7423
2026-01-01 05:51:00+00:00,79.87000274658203,79.87000274658203,79.83999633789062,79.83999633789062,6241
2026-01-01 05:52:00+00:00,79.8499984741211,79.87000274658203,79.83999633789062,79.87000274658203,5306
2026-01-01 05:53:00+00:00,79.83999633789062,79.8499984741211,79.83000183105469,79.83999633789062,6621
2026-01-01 05:54:00+00:00,79.80999755859375,79.8499984741211,79.80999755859375,79.83000183105469,5581
2026-01-01 05:55:00+00:00,79.83999633789062,79.8499984741211,79.81999969482422,79.81999969482422,5624
2026-01-01 05:56:00+00:00,79.80999755859375,79.8499984741211,79.80000305175781,79.81999969482422,9458
2026-01-01 05:57:00+00:00,79.81999969482422,79.83000183105469,79.80000305175781,79.80999755859375,7338
2026-01-01 05:58:00+00:00,79.83999633789062,79.8499984741211,79.80000305175781,79.80000305175781,25909
2026-01-01 05:59:00+00:00,79.83999633789062,79.8499984741211,79.80999755859375,79.81999969482422,6323
2026-01-01 06:00:00+00:00,79.83999633789062,79.8499984741211,79.80999755859375,79.83999633789062,4800
2026-01-01 06:01:00+00:00,79.79000091552734,79.83999633789062,79.72000122070312,79.83999633789062,41120
2026-01-01 06:02:00+00:00,79.66999816894531,79.7699966430664,79.6500015258789,79.7699966430664,62348
2026-01-01 06:03:00+00:00,79.70999908447266,79.70999908447266,79.6500015258789,79.69999694824219,15737
2026-01-01 06:04:00+00:00,79.70999908447266,79.70999908447266,79.69999694824219,79.69999694824219,14444
2026-01-01 06:05:00+00:00,79.75,79.75,79.69999694824219,79.69999694824219,14134
2026-01-01 06:06:00+00:00,79.75,79.75,79.72000122070312,79.75,9013
2026-01-01 06:07:00+00:00,79.7300033569336,79.7699966430664,79.7300033569336,79.7699966430664,9397
2026-01-01 06:08:00+00:00,79.75,79.7699966430664,79.7300033569336,79.7300033569336,10483
2026-01-01 06:09:00+00:00,79.70999908447266,79.7699966430664,79.70999908447266,79.7699966430664,8613
2026-01-01 06:10:00+00:00,79.7699966430664,79.7699966430664,79.69999694824219,79.7300033569336,13926
2026-01-01 06:11:00+00:00,79.76000213623047,79.76000213623047,79.72000122070312,79.76000213623047,8363
2026-01-01 06:12:00+00:00,79.76000213623047,79.76000213623047,79.70999908447266,79.76000213623047,8791
2026-01-01 06:13:00+00:00,79.70999908447266,79.76000213623047,79.69999694824219,79.76000213623047,9438
2026-01-01 06:14:00+00:00,79.70999908447266,79.75,79.66999816894531,79.70999908447266,26968
2026-01-01 06:15:00+00:00,79.69999694824219,79.70999908447266,79.6500015258789,79.66999816894531,12736
2026-01-01 06:16:00+00:00,79.69000244140625,79.69999694824219,79.6500015258789,79.66000366210938,17227
2026-01-01 06:17:00+00:00,79.68000030517578,79.69000244140625,79.6500015258789,79.69000244140625,10688
2026-01-01 06:18:00+00:00,79.69000244140625,79.69999694824219,79.6500015258789,79.68000030517578,9821
2026-01-01 06:19:00+00:00,79.69000244140625,79.69000244140625,79.63999938964844,79.66000366210938,13873
2026-01-01 06:20:00+00:00,79.66000366210938,79.69000244140625,79.63999938964844,79.69000244140625,11292
2026-01-01 06:21:00+00:00,79.66999816894531,79.66999816894531,79.63999938964844,79.6500015258789,10557
2026-01-01 06:22:00+00:00,79.6500015258789,79.66999816894531,79.62999725341797,79.66999816894531,21432
2026-01-01 06:23:00+00:00,79.66000366210938,79.68000030517578,79.62999725341797,79.6500015258789,9779
2026-01-01 06:24:00+00:00,79.6500015258789,79.69999694824219,79.63999938964844,79.66000366210938,29754
2026-01-01 06:25:00+00:00,79.68000030517578,79.68000030517578,79.6500015258789,79.66000366210938,9194
2026-01-01 06:26:00+00:00,79.68000030517578,79.68000030517578,79.6500015258789,79.66000366210938,8433
2026-01-01 06:27:00+00:00,79.68000030517578,79.68000030517578,79.6500015258789,79.68000030517578,10118
2026-01-01 06:28:00+00:00,79.68000030517578,79.69000244140625,79.6500015258789,79.66000366210938,10537
2026-01-01 06:29:00+00:00,79.68000030517578,79.68000030517578,79.63999938964844,79.68000030517578,9022
2026-01-01 06:30:00+00:00,79.66000366210938,79.69000244140625,79.63999938964844,79.63999938964844,10093
2026-01-01 06:31:00+00:00,79.69999694824219,79.70999908447266,79.66000366210938,79.68000030517578,11046
2026-01-01 06:32:00+00:00,79.69999694824219,79.69999694824219,79.6500015258789,79.69999694824219,9156
2026-01-01 06:33:00+00:00,79.68000030517578,79.69999694824219,79.63999938964844,79.68000030517578,9337
2026-01-01 06:34:00+00:00,79.62999725341797,79.68000030517578,79.62999725341797,79.68000030517578,12849
2026-01-01 06:35:00+00:00,79.63999938964844,79.66999816894531,79.62000274658203,79.63999938964844,11676
2026-01-01 06:36:00+00:00,79.61000061035156,79.63999938964844,79.61000061035156,79.62000274658203,11042
2026-01-01 06:37:00+00:00,79.70999908447266,79.70999908447266,79.61000061035156,79.61000061035156,30621
2026-01-01 06:38:00+00:00,79.61000061035156,79.70999908447266,79.61000061035156,79.66999816894531,10961
2026-01-01 06:39:00+00:00,79.6500015258789,79.66000366210938,79.5999984741211,79.6500015258789,10222
2026-01-01 06:40:00+00:00,79.63999938964844,79.68000030517578,79.5999984741211,79.6500015258789,11603
2026-01-01 06:41:00+00:00,79.66999816894531,79.66999816894531,79.5999984741211,79.63999938964844,15876
2026-01-01 06:42:00+00:00,79.63999938964844,79.66999816894531,79.5999984741211,79.66999816894531,10127
2026-01-01 06:43:00+00:00,79.62000274658203,79.63999938964844,79.58999633789062,79.63999938964844,10504
2026-01-01 06:44:00+00:00,79.66999816894531,79.66999816894531,79.58999633789062,79.62000274658203,23150
2026-01-01 06:45:00+00:00,79.61000061035156,79.66999816894531,79.61000061035156,79.66999816894531,10063
2026-01-01 06:46:00+00:00,79.58999633789062,79.63999938964844,79.58999633789062,79.62000274658203,10485
2026-01-01 06:47:00+00:00,79.62000274658203,79.62999725341797,79.58999633789062,79.62999725341797,9777
2026-01-01 06:48:00+00:00,79.5999984741211,79.61000061035156,79.5999984741211,79.61000061035156,9031
2026-01-01 06:49:00+00:00,79.58000183105469,79.61000061035156,79.55000305175781,79.61000061035156,13878
2026-01-01 06:50:00+00:00,79.5999984741211,79.61000061035156,79.55999755859375,79.5999984741211,20609
2026-01-01 06:51:00+00:00,79.55999755859375,79.58999633789062,79.55000305175781,79.58000183105469,9856
2026-01-01 06:52:00+00:00,79.52999877929688,79.58999633789062,79.52999877929688,79.58999633789062,15294
2026-01-01 06:53:00+00:00,79.58999633789062,79.58999633789062,79.52999877929688,79.56999969482422,37892
2026-01-01 06:54:00+00:00,79.5999984741211,79.5999984741211,79.55999755859375,79.58999633789062,9314
2026-01-01 06:55:00+00:00,79.5999984741211,79.5999984741211,79.55999755859375,79.56999969482422,9763
2026-01-01 06:56:00+00:00,79.5999984741211,79.5999984741211,79.55999755859375,79.55999755859375,10752
2026-01-01 06:57:00+00:00,79.56999969482422,79.5999984741211,79.55999755859375,79.56999969482422,14811
2026-01-01 06:58:00+00:00,79.66999816894531,79.68000030517578,79.58999633789062,79.5999984741211,21859
2026-01-01 06:59:00+00:00,79.69000244140625,79.69000244140625,79.61000061035156,79.66999816894531,20391
2026-01-01 07:00:00+00:00,79.58999633789062,79.69000244140625,79.58999633789062,79.69000244140625,11279
2026-01-01 07:01:00+00:00,79.61000061035156,79.61000061035156,79.55999755859375,79.58999633789062,8791
2026-01-01 07:02:00+00:00,79.56999969482422,79.61000061035156,79.55999755859375,79.56999969482422,10158
2026-01-01 07:03:00+00:00,79.5999984741211,79.5999984741211,79.55999755859375,79.55999755859375,11015
2026-01-01 07:04:00+00:00,79.58000183105469,79.61000061035156,79.56999969482422,79.5999984741211,9845
2026-01-01 07:05:00+00:00,79.66999816894531,79.68000030517578,79.55999755859375,79.58999633789062,34515
2026-01-01 07:06:00+00:00,79.63999938964844,79.66999816894531,79.58999633789062,79.66999816894531,8191
2026-01-01 07:07:00+00:00,79.58999633789062,79.63999938964844,79.58999633789062,79.63999938964844,11456
2026-01-01 07:08:00+00:00,79.58000183105469,79.62000274658203,79.55999755859375,79.62000274658203,10272
2026-01-01 07:09:00+00:00,79.58000183105469,79.5999984741211,79.55000305175781,79.58000183105469,10298
2026-01-01 07:10:00+00:00,79.58000183105469,79.58000183105469,79.55000305175781,79.58000183105469,9508
2026-01-01 07:11:00+00:00,79.54000091552734,79.58000183105469,79.52999877929688,79.58000183105469,9695
2026-01-01 07:12:00+00:00,79.56999969482422,79.56999969482422,79.5199966430664,79.56999969482422,9204
2026-01-01 07:13:00+00:00,79.62000274658203,79.62000274658203,79.52999877929688,79.54000091552734,9030
2026-01-01 07:14:00+00:00,79.68000030517578,79.68000030517578,79.58000183105469,79.5999984741211,24907
2026-01-01 07:15:00+00:00,79.69999694824219,79.73999786376953,79.66000366210938,79.66999816894531,16727
2026-01-01 07:16:00+00:00,79.69999694824219,79.72000122070312,79.6500015258789,79.72000122070312,11124
2026-01-01 07:17:00+00:00,79.70999908447266,79.72000122070312,79.6500015258789,79.69999694824219,5677
2026-01-01 07:18:00+00:00,79.66000366210938,79.70999908447266,79.6500015258789,79.70999908447266,18682
2026-01-01 07:19:00+00:00,79.6500015258789,79.69999694824219,79.63999938964844,79.66000366210938,8261
2026-01-01 07:20:00+00:00,79.63999938964844,79.66000366210938,79.58999633789062,79.6500015258789,8349
2026-01-01 07:21:00+00:00,79.58999633789062,79.6500015258789,79.58999633789062,79.58999633789062,8917
2026-01-01 07:22:00+00:00,79.62999725341797,79.6500015258789,79.58000183105469,79.58999633789062,8847
2026-01-01 07:23:00+00:00,79.61000061035156,79.6500015258789,79.58000183105469,79.61000061035156,7808
2026-01-01 07:24:00+00:00,79.62999725341797,79.63999938964844,79.58999633789062,79.61000061035156,8461
2026-01-01 07:25:00+00:00,79.6500015258789,79.6500015258789,79.58999633789062,79.5999984741211,19151
2026-01-01 07:26:00+00:00,79.58000183105469,79.66999816894531,79.58000183105469,79.63999938964844,8020
2026-01-01 07:27:00+00:00,79.62000274658203,79.62999725341797,79.55999755859375,79.61000061035156,10057
2026-01-01 07:28:00+00:00,79.56999969482422,79.62000274658203,79.56999969482422,79.58000183105469,8562
2026-01-01 07:29:00+00:00,79.61000061035156,79.61000061035156,79.55000305175781,79.58000183105469,9930
2026-01-01 07:30:00+00:00,79.62000274658203,79.63999938964844,79.55999755859375,79.61000061035156,21532
2026-01-01 07:31:00+00:00,79.58000183105469,79.61000061035156,79.55999755859375,79.58999633789062,10736
2026-01-01 07:32:00+00:00,79.5999984741211,79.61000061035156,79.55999755859375,79.58000183105469,8520
2026-01-01 07:33:00+00:00,79.5999984741211,79.61000061035156,79.55999755859375,79.58999633789062,8219
2026-01-01 07:34:00+00:00,79.61000061035156,79.61000061035156,79.55999755859375,79.5999984741211,11939
2026-01-01 07:35:00+00:00,79.61000061035156,79.61000061035156,79.56999969482422,79.56999969482422,11357
2026-01-01 07:36:00+00:00,79.5999984741211,79.61000061035156,79.56999969482422,79.58999633789062,10422
2026-01-01 07:37:00+00:00,79.5999984741211,79.61000061035156,79.56999969482422,79.58000183105469,11415
2026-01-01 07:38:00+00:00,79.5999984741211,79.62000274658203,79.55999755859375,79.56999969482422,9219
2026-01-01 07:39:00+00:00,79.61000061035156,79.61000061035156,79.55000305175781,79.56999969482422,12201
2026-01-01 07:40:00+00:00,79.5999984741211,79.61000061035156,79.55999755859375,79.58000183105469,8736
2026-01-01 07:41:00+00:00,79.55999755859375,79.5999984741211,79.55000305175781,79.56999969482422,9691
2026-01-01 07:42:00+00:00,79.5199966430664,79.58000183105469,79.5199966430664,79.58000183105469,9668
2026-01-01 07:43:00+00:00,79.55000305175781,79.55999755859375,79.51000213623047,79.5199966430664,9978
2026-01-01 07:44:00+00:00,79.54000091552734,79.55000305175781,79.5199966430664,79.5199966430664,8490
2026-01-01 07:45:00+00:00,79.54000091552734,79.55000305175781,79.51000213623047,79.52999877929688,9209
2026-01-01 07:46:00+00:00,79.55999755859375,79.55999755859375,79.5199966430664,79.5199966430664,8742
2026-01-01 07:47:00+00:00,79.55999755859375,79.55999755859375,79.5199966430664,79.55999755859375,11672
2026-01-01 07:48:00+00:00,79.54000091552734,79.55999755859375,79.52999877929688,79.55000305175781,8432
2026-01-01 07:49:00+00:00,79.55000305175781,79.56999969482422,79.5199966430664,79.54000091552734,9056
2026-01-01 07:50:00+00:00,79.52999877929688,79.55000305175781,79.51000213623047,79.52999877929688,10396
2026-01-01 07:51:00+00:00,79.54000091552734,79.55000305175781,79.51000213623047,79.52999877929688,9370
2026-01-01 07:52:00+00:00,79.5,79.54000091552734,79.4800033569336,79.5199966430664,55488
2026-01-01 07:53:00+00:00,79.5,79.5,79.4800033569336,79.5,5547
2026-01-01 07:54:00+00:00,79.48999786376953,79.5,79.4800033569336,79.4800033569336,5068
2026-01-01 07:55:00+00:00,79.5,79.5199966430664,79.4800033569336,79.4800033569336,14964
2026-01-01 07:56:00+00:00,79.5,79.5,79.4800033569336,79.5,7283
2026-01-01 07:57:00+00:00,79.5,79.5,79.45999908447266,79.4800033569336,7595
2026-01-01 07:58:00+00:00,79.4800033569336,79.5199966430664,79.45999908447266,79.5,19192
2026-01-01 07:59:00+00:00,79.45999908447266,79.5,79.45999908447266,79.4800033569336,10210
2026-01-01 08:00:00+00:00,79.5,79.5,79.45999908447266,79.4800033569336,7603
2026-01-01 08:01:00+00:00,79.45999908447266,79.5,79.45999908447266,79.5,6924
2026-01-01 08:02:00+00:00,79.5,79.5,79.45999908447266,79.48999786376953,6616
2026-01-01 08:03:00+00:00,79.44999694824219,79.5,79.44999694824219,79.5,7406
2026-01-01 08:04:00+00:00,79.44999694824219,79.5,79.44999694824219,79.47000122070312,7184
2026-01-01 08:05:00+00:00,79.5,79.5,79.44999694824219,79.4800033569336,16899
2026-01-01 08:06:00+00:00,79.44999694824219,79.5,79.44999694824219,79.45999908447266,8976
2026-01-01 08:07:00+00:00,79.47000122070312,79.5,79.44000244140625,79.48999786376953,21613
2026-01-01 08:08:00+00:00,79.47000122070312,79.48999786376953,79.44000244140625,79.4800033569336,9027
2026-01-01 08:09:00+00:00,79.4800033569336,79.48999786376953,79.44999694824219,79.44999694824219,7463
2026-01-01 08:10:00+00:00,79.44999694824219,79.4800033569336,79.41999816894531,79.44999694824219,25513
2026-01-01 08:11:00+00:00,79.45999908447266,79.47000122070312,79.4000015258789,79.47000122070312,14947
2026-01-01 08:12:00+00:00,79.44999694824219,79.4800033569336,79.41000366210938,79.44000244140625,10032
2026-01-01 08:13:00+00:00,79.4800033569336,79.5,79.4000015258789,79.43000030517578,21431
2026-01-01 08:14:00+00:00,79.4800033569336,79.48999786376953,79.41999816894531,79.41999816894531,14517
2026-01-01 08:15:00+00:00,79.48999786376953,79.55000305175781,79.44999694824219,79.44999694824219,61192
2026-01-01 08:16:00+00:00,79.44999694824219,79.5,79.43000030517578,79.47000122070312,12261
2026-01-01 08:17:00+00:00,79.43000030517578,79.47000122070312,79.41999816894531,79.44999694824219,14785
2026-01-01 08:18:00+00:00,79.43000030517578,79.4800033569336,79.41000366210938,79.47000122070312,8434
2026-01-01 08:19:00+00:00,79.4800033569336,79.4800033569336,79.41000366210938,79.43000030517578,10979
2026-01-01 08:20:00+00:00,79.44000244140625,79.4800033569336,79.43000030517578,79.43000030517578,6297
2026-01-01 08:21:00+00:00,79.44000244140625,79.4800033569336,79.41999816894531,79.45999908447266,5597
2026-01-01 08:22:00+00:00,79.41000366210938,79.4800033569336,79.4000015258789,79.4800033569336,6717
2026-01-01 08:23:00+00:00,79.45999908447266,79.45999908447266,79.4000015258789,79.41000366210938,12518
2026-01-01 08:24:00+00:00,79.45999908447266,79.45999908447266,79.41000366210938,79.41999816894531,6646
2026-01-01 08:25:00+00:00,79.44999694824219,79.44999694824219,79.41000366210938,79.44999694824219,4697
2026-01-01 08:26:00+00:00,79.44000244140625,79.44000244140625,79.4000015258789,79.41999816894531,6157
2026-01-01 08:27:00+00:00,79.44000244140625,79.44999694824219,79.41000366210938,79.41000366210938,9075
2026-01-01 08:28:00+00:00,79.41999816894531,79.44000244140625,79.4000015258789,79.43000030517578,4461
2026-01-01 08:29:00+00:00,79.41999816894531,79.41999816894531,79.4000015258789,79.4000015258789,5454
2026-01-01 08:30:00+00:00,79.44999694824219,79.44999694824219,79.43000030517578,79.43000030517578,8036
2026-01-01 08:31:00+00:00,79.47000122070312,79.47000122070312,79.44000244140625,79.44999694824219,4051
2026-01-01 08:32:00+00:00,79.48999786376953,79.5,79.4000015258789,79.4000015258789,53034
2026-01-01 08:33:00+00:00,79.44999694824219,79.5,79.44999694824219,79.44999694824219,4868
2026-01-01 08:34:00+00:00,79.44999694824219,79.48999786376953,79.44000244140625,79.44999694824219,4525
2026-01-01 08:35:00+00:00,79.48999786376953,79.54000091552734,79.41000366210938,79.48999786376953,27429
2026-01-01 08:36:00+00:00,79.4800033569336,79.52999877929688,79.45999908447266,79.48999786376953,8029
2026-01-01 08:37:00+00:00,79.47000122070312,79.5,79.44999694824219,79.5,4720
2026-01-01 08:38:00+00:00,79.5,79.5,79.45999908447266,79.45999908447266,6418
2026-01-01 08:39:00+00:00,79.48999786376953,79.5199966430664,79.45999908447266,79.45999908447266,16179
2026-01-01 08:40:00+00:00,79.47000122070312,79.51000213623047,79.45999908447266,79.48999786376953,8608
2026-01-01 08:41:00+00:00,79.5,79.5,79.45999908447266,79.47000122070312,6694
2026-01-01 08:42:00+00:00,79.44999694824219,79.5,79.44999694824219,79.45999908447266,7956
2026-01-01 08:43:00+00:00,79.4800033569336,79.4800033569336,79.44999694824219,79.45999908447266,6695
2026-01-01 08:44:00+00:00,79.4800033569336,79.48999786376953,79.44999694824219,79.44999694824219,4782
2026-01-01 08:45:00+00:00,79.43000030517578,79.4800033569336,79.43000030517578,79.4800033569336,5473
2026-01-01 08:46:00+00:00,79.44999694824219,79.48999786376953,79.43000030517578,79.43000030517578,4975
2026-01-01 08:47:00+00:00,79.45999908447266,79.5,79.44999694824219,79.5,6456
2026-01-01 08:48:00+00:00,79.47000122070312,79.5,79.45999908447266,79.45999908447266,5300
2026-01-01 08:49:00+00:00,79.48999786376953,79.5,79.45999908447266,79.47000122070312,4065
2026-01-01 08:50:00+00:00,79.44999694824219,79.5,79.44999694824219,79.44999694824219,5226
2026-01-01 08:51:00+00:00,79.44000244140625,79.5,79.44000244140625,79.44999694824219,10706
2026-01-01 08:52:00+00:00,79.41999816894531,79.48999786376953,79.41999816894531,79.45999908447266,12597
2026-01-01 08:53:00+00:00,79.41999816894531,79.44999694824219,79.41999816894531,79.41999816894531,4549
2026-01-01 08:54:00+00:00,79.47000122070312,79.4800033569336,79.41999816894531,79.44999694824219,14928
2026-01-01 08:55:00+00:00,79.44999694824219,79.48999786376953,79.44000244140625,79.47000122070312,7320
2026-01-01 08:56:00+00:00,79.47000122070312,79.5199966430664,79.44999694824219,79.48999786376953,24460
2026-01-01 08:57:00+00:00,79.4800033569336,79.51000213623047,79.45999908447266,79.51000213623047,5044
2026-01-01 08:58:00+00:00,79.4800033569336,79.55000305175781,79.4800033569336,79.4800033569336,28277
2026-01-01 08:59:00+00:00,79.4800033569336,79.5,79.47000122070312,79.4800033569336,10703
2026-01-01 09:00:00+00:00,79.45999908447266,79.5,79.45999908447266,79.4800033569336,5959
2026-01-01 09:01:00+00:00,79.44999694824219,79.4800033569336,79.44999694824219,79.45999908447266,30289
2026-01-01 09:02:00+00:00,79.44999694824219,79.4800033569336,79.44999694824219,79.44999694824219,5741
2026-01-01 09:03:00+00:00,79.4800033569336,79.4800033569336,79.44999694824219,79.44999694824219,4559
2026-01-01 09:04:00+00:00,79.5,79.5,79.44999694824219,79.44999694824219,5640
2026-01-01 09:05:00+00:00,79.4800033569336,79.5,79.4800033569336,79.4800033569336,8593
2026-01-01 09:06:00+00:00,79.45999908447266,79.5,79.45999908447266,79.4800033569336,5788
2026-01-01 09:07:00+00:00,79.44999694824219,79.48999786376953,79.44999694824219,79.45999908447266,5312
2026-01-01 09:08:00+00:00,79.44000244140625,79.4800033569336,79.44000244140625,79.44999694824219,5402
2026-01-01 09:09:00+00:00,79.43000030517578,79.4800033569336,79.41999816894531,79.43000030517578,6122
2026-01-01 09:10:00+00:00,79.41999816894531,79.4800033569336,79.41999816894531,79.47000122070312,4980
2026-01-01 09:11:00+00:00,79.45999908447266,79.45999908447266,79.41999816894531,79.41999816894531,9006
2026-01-01 09:12:00+00:00,79.41000366210938,79.44999694824219,79.41000366210938,79.44999694824219,6301
2026-01-01 09:13:00+00:00,79.41000366210938,79.44000244140625,79.4000015258789,79.41000366210938,10099
2026-01-01 09:14:00+00:00,79.4000015258789,79.43000030517578,79.4000015258789,79.41000366210938,6072
2026-01-01 09:15:00+00:00,79.44000244140625,79.44000244140625,79.4000015258789,79.43000030517578,4747
2026-01-01 09:16:00+00:00,79.41999816894531,79.44000244140625,79.41000366210938,79.41000366210938,4575
2026-01-01 09:17:00+00:00,79.41000366210938,79.44000244140625,79.41000366210938,79.41000366210938,4338
2026-01-01 09:18:00+00:00,79.4000015258789,79.44000244140625,79.4000015258789,79.44000244140625,7553
2026-01-01 09:19:00+00:00,79.41000366210938,79.43000030517578,79.4000015258789,79.4000015258789,6274
2026-01-01 09:20:00+00:00,79.41000366210938,79.43000030517578,79.4000015258789,79.4000015258789,5278
2026-01-01 09:21:00+00:00,79.41999816894531,79.41999816894531,79.41000366210938,79.41000366210938,5083
2026-01-01 09:22:00+00:00,79.48999786376953,79.55000305175781,79.41000366210938,79.41000366210938,83719
2026-01-01 09:23:00+00:00,79.45999908447266,79.51000213623047,79.45999908447266,79.51000213623047,4699
2026-01-01 09:24:00+00:00,79.43000030517578,79.47000122070312,79.43000030517578,79.44999694824219,4213
2026-01-01 09:25:00+00:00,79.41000366210938,79.45999908447266,79.41000366210938,79.43000030517578,7259
2026-01-01 09:26:00+00:00,79.44999694824219,79.45999908447266,79.43000030517578,79.43000030517578,7674
2026-01-01 09:27:00+00:00,79.43000030517578,79.45999908447266,79.41000366210938,79.41999816894531,6768
2026-01-01 09:28:00+00:00,79.41999816894531,79.44999694824219,79.41000366210938,79.41000366210938,8512
2026-01-01 09:29:00+00:00,79.44999694824219,79.4800033569336,79.41999816894531,79.44000244140625,6844
2026-01-01 09:30:00+00:00,79.47000122070312,79.52999877929688,79.45999908447266,79.52999877929688,36555
2026-01-01 09:31:00+00:00,79.43000030517578,79.48999786376953,79.43000030517578,79.4800033569336,9837
2026-01-01 09:32:00+00:00,79.44999694824219,79.45999908447266,79.43000030517578,79.44000244140625,20340
2026-01-01 09:33:00+00:00,79.44000244140625,79.45999908447266,79.43000030517578,79.45999908447266,10401
2026-01-01 09:34:00+00:00,79.44000244140625,79.45999908447266,79.44000244140625,79.45999908447266,7014
2026-01-01 09:35:00+00:00,79.5,79.54000091552734,79.44000244140625,79.44000244140625,192163
2026-01-01 09:36:00+00:00,79.5199966430664,79.55999755859375,79.5,79.51000213623047,178488
2026-01-01 09:37:00+00:00,79.56999969482422,79.66999816894531,79.5199966430664,79.55000305175781,93004
2026-01-01 09:38:00+00:00,79.58000183105469,79.58999633789062,79.54000091552734,79.55000305175781,15689
2026-01-01 09:39:00+00:00,79.58000183105469,79.58999633789062,79.5199966430664,79.54000091552734,24800
2026-01-01 09:40:00+00:00,79.54000091552734,79.58000183105469,79.5199966430664,79.56999969482422,19705
2026-01-01 09:41:00+00:00,79.56999969482422,79.58000183105469,79.52999877929688,79.55999755859375,35406
2026-01-01 09:42:00+00:00,79.52999877929688,79.5999984741211,79.52999877929688,79.56999969482422,27747
2026-01-01 09:43:00+00:00,79.5199966430664,79.58999633789062,79.5199966430664,79.58999633789062,26019
2026-01-01 09:44:00+00:00,79.58000183105469,79.58000183105469,79.52999877929688,79.52999877929688,71828
2026-01-01 09:45:00+00:00,79.4800033569336,79.54000091552734,79.4800033569336,79.54000091552734,81351
2026-01-01 09:46:00+00:00,79.47000122070312,79.51000213623047,79.47000122070312,79.51000213623047,37044
2026-01-01 09:47:00+00:00,79.48999786376953,79.5199966430664,79.4800033569336,79.4800033569336,12623
2026-01-01 09:48:00+00:00,79.52999877929688,79.54000091552734,79.45999908447266,79.5,45782
2026-01-01 09:49:00+00:00,79.58999633789062,79.5999984741211,79.55000305175781,79.55999755859375,32202
2026-01-01 09:50:00+00:00,79.62000274658203,79.62000274658203,79.58999633789062,79.58999633789062,54667
2026-01-01 09:51:00+00:00,79.73999786376953,79.7699966430664,79.5999984741211,79.62000274658203,104130
2026-01-01 09:52:00+00:00,79.66000366210938,79.7699966430664,79.66000366210938,79.73999786376953,57426
2026-01-01 09:53:00+00:00,79.66999816894531,79.7300033569336,79.66000366210938,79.70999908447266,24140
2026-01-01 09:54:00+00:00,79.68000030517578,79.68000030517578,79.61000061035156,79.68000030517578,102772
2026-01-01 09:55:00+00:00,79.5999984741211,79.66000366210938,79.58000183105469,79.63999938964844,38881
2026-01-01 09:56:00+00:00,79.56999969482422,79.58999633789062,79.55000305175781,79.55000305175781,29796
2026-01-01 09:57:00+00:00,79.58999633789062,79.58999633789062,79.56999969482422,79.56999969482422,24242
2026-01-01 09:58:00+00:00,79.5999984741211,79.5999984741211,79.55000305175781,79.5999984741211,29068
2026-01-01 09:59:00+00:00,79.55999755859375,79.61000061035156,79.55000305175781,79.55000305175781,35256
2026-01-02 03:45:00+00:00,79.68000030517578,79.86000061035156,79.5,79.5,0
2026-01-02 03:46:00+00:00,79.63999938964844,79.70999908447266,79.51000213623047,79.62000274658203,91275
2026-01-02 03:47:00+00:00,79.61000061035156,79.62999725341797,79.55000305175781,79.55000305175781,9163
2026-01-02 03:48:00+00:00,79.69999694824219,79.76000213623047,79.63999938964844,79.63999938964844,60312
2026-01-02 03:49:00+00:00,79.73999786376953,79.73999786376953,79.66999816894531,79.7300033569336,9421
2026-01-02 03:50:00+00:00,79.7699966430664,79.7699966430664,79.72000122070312,79.72000122070312,8627
2026-01-02 03:51:00+00:00,79.87999725341797,79.9000015258789,79.79000091552734,79.79000091552734,25641
2026-01-02 03:52:00+00:00,79.83000183105469,79.9000015258789,79.83000183105469,79.83000183105469,18545
2026-01-02 03:53:00+00:00,79.81999969482422,79.86000061035156,79.81999969482422,79.8499984741211,7150
2026-01-02 03:54:00+00:00,79.9000015258789,79.91000366210938,79.80999755859375,79.80999755859375,10302
2026-01-02 03:55:00+00:00,79.8499984741211,79.9000015258789,79.83000183105469,79.9000015258789,22076
2026-01-02 03:56:00+00:00,79.83000183105469,79.83999633789062,79.81999969482422,79.83999633789062,29520
2026-01-02 03:57:00+00:00,79.83000183105469,79.86000061035156,79.83000183105469,79.83999633789062,19608
2026-01-02 03:58:00+00:00,79.87000274658203,79.87000274658203,79.81999969482422,79.83000183105469,15878
2026-01-02 03:59:00+00:00,79.9000015258789,79.9000015258789,79.86000061035156,79.87000274658203,6210
2026-01-02 04:00:00+00:00,79.86000061035156,79.91999816894531,79.83999633789062,79.88999938964844,21206
2026-01-02 04:01:00+00:00,79.98999786376953,79.98999786376953,79.80000305175781,79.80000305175781,59909
2026-01-02 04:02:00+00:00,80.05000305175781,80.05000305175781,79.95999908447266,79.98999786376953,50068
2026-01-02 04:03:00+00:00,80.06999969482422,80.08999633789062,80.01000213623047,80.08999633789062,43304
2026-01-02 04:04:00+00:00,80.08999633789062,80.1500015258789,80.08999633789062,80.08999633789062,29748
2026-01-02 04:05:00+00:00,80.11000061035156,80.1500015258789,80.08999633789062,80.08999633789062,42918
2026-01-02 04:06:00+00:00,80.05999755859375,80.13999938964844,80.05999755859375,80.0999984741211,14414
2026-01-02 04:07:00+00:00,80.04000091552734,80.05999755859375,80.0,80.05999755859375,15755
2026-01-02 04:08:00+00:00,80.0199966430664,80.04000091552734,80.0,80.02999877929688,8345
2026-01-02 04:09:00+00:00,80.02999877929688,80.05000305175781,80.0,80.02999877929688,13594
2026-01-02 04:10:00+00:00,80.0,80.04000091552734,80.0,80.04000091552734,3021
2026-01-02 04:11:00+00:00,80.05999755859375,80.08999633789062,80.0,80.0,23849
2026-01-02 04:12:00+00:00,80.05000305175781,80.0999984741211,80.05000305175781,80.08999633789062,23371
2026-01-02 04:13:00+00:00,80.05000305175781,80.05999755859375,80.01000213623047,80.0199966430664,9168
2026-01-02 04:14:00+00:00,80.02999877929688,80.05999755859375,80.0199966430664,80.05999755859375,1729
2026-01-02 04:15:00+00:00,79.97000122070312,80.04000091552734,79.93000030517578,80.04000091552734,29877
2026-01-02 04:16:00+00:00,79.94999694824219,79.9800033569336,79.94999694824219,79.9800033569336,2341
2026-01-02 04:17:00+00:00,80.02999877929688,80.02999877929688,79.97000122070312,79.97000122070312,17135
2026-01-02 04:18:00+00:00,80.12000274658203,80.12000274658203,80.0,80.01000213623047,28441
2026-01-02 04:19:00+00:00,80.01000213623047,80.12999725341797,80.01000213623047,80.11000061035156,14250
2026-01-02 04:20:00+00:00,80.08000183105469,80.0999984741211,80.01000213623047,80.01000213623047,12390
2026-01-02 04:21:00+00:00,80.05999755859375,80.08999633789062,80.04000091552734,80.08000183105469,11293
2026-01-02 04:22:00+00:00,80.05000305175781,80.06999969482422,80.0,80.05999755859375,6564
2026-01-02 04:23:00+00:00,80.0199966430664,80.05000305175781,80.0199966430664,80.05000305175781,2474
2026-01-02 04:24:00+00:00,79.94000244140625,80.04000091552734,79.94000244140625,80.04000091552734,26796
2026-01-02 04:25:00+00:00,79.93000030517578,79.9800033569336,79.9000015258789,79.9000015258789,6259
2026-01-02 04:26:00+00:00,79.86000061035156,79.94000244140625,79.81999969482422,79.93000030517578,24049
2026-01-02 04:27:00+00:00,79.8499984741211,79.9000015258789,79.8499984741211,79.88999938964844,4743
2026-01-02 04:28:00+00:00,79.87999725341797,79.87999725341797,79.8499984741211,79.87000274658203,4291
2026-01-02 04:29:00+00:00,79.8499984741211,79.87000274658203,79.80999755859375,79.87000274658203,27002
2026-01-02 04:30:00+00:00,79.80999755859375,79.8499984741211,79.80999755859375,79.80999755859375,4683
2026-01-02 04:31:00+00:00,79.8499984741211,79.8499984741211,79.80999755859375,79.83000183105469,5898
2026-01-02 04:32:00+00:00,79.93000030517578,79.93000030517578,79.8499984741211,79.8499984741211,8729
2026-01-02 04:33:00+00:00,79.91999816894531,79.93000030517578,79.9000015258789,79.91000366210938,9967
2026-01-02 04:34:00+00:00,79.94000244140625,79.94000244140625,79.9000015258789,79.91999816894531,8158
2026-01-02 04:35:00+00:00,79.94000244140625,79.94000244140625,79.91000366210938,79.94000244140625,1398
2026-01-02 04:36:00+00:00,79.91999816894531,79.94000244140625,79.91999816894531,79.94000244140625,2417
2026-01-02 04:37:00+00:00,79.94999694824219,79.94999694824219,79.91999816894531,79.94000244140625,6139
2026-01-02 04:38:00+00:00,79.94000244140625,79.94999694824219,79.94000244140625,79.94999694824219,644
2026-01-02 04:39:00+00:00,79.8499984741211,79.94999694824219,79.8499984741211,79.94999694824219,13635
2026-01-02 04:40:00+00:00,79.88999938964844,79.88999938964844,79.83999633789062,79.8499984741211,4854
2026-01-02 04:41:00+00:00,79.9000015258789,79.91000366210938,79.87000274658203,79.87000274658203,5249
2026-01-02 04:42:00+00:00,79.91000366210938,79.91999816894531,79.87999725341797,79.87999725341797,8461
2026-01-02 04:43:00+00:00,79.91999816894531,79.91999816894531,79.9000015258789,79.91000366210938,9766
2026-01-02 04:44:00+00:00,80.0,80.05000305175781,79.94999694824219,79.94999694824219,26884
2026-01-02 04:45:00+00:00,80.01000213623047,80.05999755859375,79.95999908447266,79.97000122070312,20743
2026-01-02 04:46:00+00:00,80.02999877929688,80.04000091552734,80.01000213623047,80.01000213623047,8444
2026-01-02 04:47:00+00:00,80.01000213623047,80.05000305175781,80.01000213623047,80.02999877929688,14323
2026-01-02 04:48:00+00:00,80.0199966430664,80.02999877929688,80.0,80.02999877929688,8624
2026-01-02 04:49:00+00:00,80.05000305175781,80.05999755859375,80.0,80.0199966430664,38227
2026-01-02 04:50:00+00:00,80.16000366210938,80.19999694824219,80.05000305175781,80.05000305175781,72601
2026-01-02 04:51:00+00:00,80.18000030517578,80.18000030517578,80.16000366210938,80.16000366210938,8563
2026-01-02 04:52:00+00:00,80.29000091552734,80.29000091552734,80.16000366210938,80.16999816894531,60952
2026-01-02 04:53:00+00:00,80.33000183105469,80.33000183105469,80.27999877929688,80.30000305175781,42329
2026-01-02 04:54:00+00:00,80.37000274658203,80.37999725341797,80.30000305175781,80.30000305175781,28695
2026-01-02 04:55:00+00:00,80.26000213623047,80.37000274658203,80.26000213623047,80.31999969482422,42362
2026-01-02 04:56:00+00:00,80.31999969482422,80.3499984741211,80.26000213623047,80.26000213623047,23690
2026-01-02 04:57:00+00:00,80.41000366210938,80.41000366210938,80.31999969482422,80.31999969482422,131712
2026-01-02 04:58:00+00:00,80.44999694824219,80.48999786376953,80.4000015258789,80.4000015258789,52664
2026-01-02 04:59:00+00:00,80.37000274658203,80.44000244140625,80.37000274658203,80.43000030517578,17974
2026-01-02 05:00:00+00:00,80.37000274658203,80.4000015258789,80.37000274658203,80.38999938964844,24926
2026-01-02 05:01:00+00:00,80.41999816894531,80.41999816894531,80.36000061035156,80.37999725341797,27098
2026-01-02 05:02:00+00:00,80.41999816894531,80.44000244140625,80.4000015258789,80.4000015258789,27127
2026-01-02 05:03:00+00:00,80.41999816894531,80.41999816894531,80.38999938964844,80.41999816894531,19655
2026-01-02 05:04:00+00:00,80.37000274658203,80.44000244140625,80.36000061035156,80.44000244140625,36972
2026-01-02 05:05:00+00:00,80.36000061035156,80.4000015258789,80.36000061035156,80.37000274658203,10962
2026-01-02 05:06:00+00:00,80.4800033569336,80.4800033569336,80.37000274658203,80.37000274658203,26323
2026-01-02 05:07:00+00:00,80.62999725341797,80.62999725341797,80.52999877929688,80.52999877929688,196176
2026-01-02 05:08:00+00:00,80.5999984741211,80.62999725341797,80.56999969482422,80.5999984741211,21090
2026-01-02 05:09:00+00:00,80.58000183105469,80.5999984741211,80.52999877929688,80.5999984741211,25376
2026-01-02 05:10:00+00:00,80.55999755859375,80.58999633789062,80.55999755859375,80.56999969482422,7550
2026-01-02 05:11:00+00:00,80.62000274658203,80.62000274658203,80.55999755859375,80.58000183105469,51113
2026-01-02 05:12:00+00:00,80.69000244140625,80.69000244140625,80.62000274658203,80.62999725341797,58854
2026-01-02 05:13:00+00:00,80.62000274658203,80.73999786376953,80.5999984741211,80.66000366210938,108342
2026-01-02 05:14:00+00:00,80.66000366210938,80.68000030517578,80.58999633789062,80.62000274658203,16954
2026-01-02 05:15:00+00:00,80.6500015258789,80.68000030517578,80.63999938964844,80.68000030517578,9550
2026-01-02 05:16:00+00:00,80.68000030517578,80.68000030517578,80.6500015258789,80.66999816894531,31373
2026-01-02 05:17:00+00:00,80.79000091552734,80.80000305175781,80.66000366210938,80.68000030517578,113708
2026-01-02 05:18:00+00:00,80.81999969482422,80.81999969482422,80.7699966430664,80.80000305175781,41375
2026-01-02 05:19:00+00:00,80.75,80.80000305175781,80.75,80.80000305175781,34507
2026-01-02 05:20:00+00:00,80.83000183105469,80.83000183105469,80.72000122070312,80.75,58690
2026-01-02 05:21:00+00:00,80.95999908447266,80.9800033569336,80.83999633789062,80.83999633789062,129370
2026-01-02 05:22:00+00:00,80.94000244140625,81.0,80.94000244140625,80.94999694824219,94605
2026-01-02 05:23:00+00:00,80.88999938964844,80.9000015258789,80.87000274658203,80.9000015258789,39066
2026-01-02 05:24:00+00:00,80.80000305175781,80.91999816894531,80.80000305175781,80.88999938964844,49522
2026-01-02 05:25:00+00:00,80.91000366210938,80.91000366210938,80.80000305175781,80.80000305175781,82681
2026-01-02 05:26:00+00:00,81.0,81.02999877929688,80.86000061035156,80.86000061035156,218587
2026-01-02 05:27:00+00:00,81.22000122070312,81.25,81.0,81.02999877929688,138069
2026-01-02 05:28:00+00:00,81.19999694824219,81.23999786376953,81.11000061035156,81.22000122070312,63086
2026-01-02 05:29:00+00:00,81.25,81.30000305175781,81.18000030517578,81.22000122070312,117226
2026-01-02 05:30:00+00:00,81.5,81.62000274658203,81.23999786376953,81.25,377799
2026-01-02 05:31:00+00:00,81.5999984741211,81.5999984741211,81.44999694824219,81.52999877929688,104792
2026-01-02 05:32:00+00:00,81.51000213623047,81.61000061035156,81.51000213623047,81.5999984741211,107519
2026-01-02 05:33:00+00:00,81.5999984741211,81.61000061035156,81.51000213623047,81.51000213623047,95700
2026-01-02 05:34:00+00:00,81.61000061035156,81.63999938964844,81.58000183105469,81.5999984741211,87650
2026-01-02 05:35:00+00:00,81.47000122070312,81.62000274658203,81.47000122070312,81.5999984741211,135805
2026-01-02 05:36:00+00:00,81.5,81.5,81.44999694824219,81.47000122070312,132352
2026-01-02 05:37:00+00:00,81.47000122070312,81.52999877929688,81.45999908447266,81.48999786376953,80658
2026-01-02 05:38:00+00:00,81.47000122070312,81.47000122070312,81.41999816894531,81.45999908447266,67598
2026-01-02 05:39:00+00:00,81.30999755859375,81.45999908447266,81.30000305175781,81.45999908447266,54634
2026-01-02 05:40:00+00:00,81.3499984741211,81.3499984741211,81.26000213623047,81.30000305175781,57111
2026-01-02 05:41:00+00:00,81.37000274658203,81.44999694824219,81.36000061035156,81.37999725341797,32263
2026-01-02 05:42:00+00:00,81.37000274658203,81.41000366210938,81.37000274658203,81.37000274658203,30752
2026-01-02 05:43:00+00:00,81.48999786376953,81.48999786376953,81.33000183105469,81.37000274658203,58928
2026-01-02 05:44:00+00:00,81.56999969482422,81.58000183105469,81.4800033569336,81.5,43595
2026-01-02 05:45:00+00:00,81.56999969482422,81.58999633789062,81.55000305175781,81.56999969482422,35155
2026-01-02 05:46:00+00:00,81.52999877929688,81.58000183105469,81.5,81.56999969482422,35740
2026-01-02 05:47:00+00:00,81.58999633789062,81.5999984741211,81.5,81.5199966430664,43301
2026-01-02 05:48:00+00:00,81.5999984741211,81.5999984741211,81.56999969482422,81.58000183105469,30665
2026-01-02 05:49:00+00:00,81.58000183105469,81.5999984741211,81.55999755859375,81.58000183105469,29041
2026-01-02 05:50:00+00:00,81.58000183105469,81.5999984741211,81.56999969482422,81.5999984741211,58049
2026-01-02 05:51:00+00:00,81.56999969482422,81.5999984741211,81.56999969482422,81.58999633789062,22678
2026-01-02 05:52:00+00:00,81.5999984741211,81.5999984741211,81.56999969482422,81.56999969482422,29553
2026-01-02 05:53:00+00:00,81.52999877929688,81.5999984741211,81.52999877929688,81.58000183105469,38147
2026-01-02 05:54:00+00:00,81.5999984741211,81.5999984741211,81.55999755859375,81.56999969482422,70326
2026-01-02 05:55:00+00:00,81.56999969482422,81.62999725341797,81.56999969482422,81.58999633789062,63245
2026-01-02 05:56:00+00:00,81.61000061035156,81.63999938964844,81.56999969482422,81.56999969482422,41446
2026-01-02 05:57:00+00:00,81.58000183105469,81.63999938964844,81.56999969482422,81.63999938964844,27169
2026-01-02 05:58:00+00:00,81.43000030517578,81.62999725341797,81.33000183105469,81.58000183105469,235261
2026-01-02 05:59:00+00:00,81.33999633789062,81.41999816894531,81.33000183105469,81.41999816894531,93886
2026-01-02 06:00:00+00:00,81.26000213623047,81.33999633789062,81.25,81.33999633789062,66338
2026-01-02 06:01:00+00:00,81.26000213623047,81.26000213623047,81.2300033569336,81.26000213623047,39101
2026-01-02 06:02:00+00:00,81.18000030517578,81.26000213623047,81.16000366210938,81.26000213623047,109206
2026-01-02 06:03:00+00:00,81.26000213623047,81.27999877929688,81.12999725341797,81.18000030517578,153235
2026-01-02 06:04:00+00:00,81.22000122070312,81.26000213623047,81.22000122070312,81.22000122070312,31755
2026-01-02 06:05:00+00:00,81.23999786376953,81.25,81.22000122070312,81.2300033569336,27942
2026-01-02 06:06:00+00:00,81.26000213623047,81.26000213623047,81.19999694824219,81.22000122070312,36939
2026-01-02 06:07:00+00:00,81.36000061035156,81.36000061035156,81.26000213623047,81.26000213623047,42244
2026-01-02 06:08:00+00:00,81.2699966430664,81.30999755859375,81.2699966430664,81.30999755859375,41363
2026-01-02 06:09:00+00:00,81.2699966430664,81.30000305175781,81.2699966430664,81.2699966430664,28720
2026-01-02 06:10:00+00:00,81.26000213623047,81.31999969482422,81.23999786376953,81.2699966430664,26577
2026-01-02 06:11:00+00:00,81.30999755859375,81.3499984741211,81.29000091552734,81.29000091552734,18327
2026-01-02 06:12:00+00:00,81.30000305175781,81.3499984741211,81.2699966430664,81.30999755859375,26825
2026-01-02 06:13:00+00:00,81.37000274658203,81.37000274658203,81.30000305175781,81.30999755859375,39447
2026-01-02 06:14:00+00:00,81.37999725341797,81.37999725341797,81.33999633789062,81.33999633789062,25534
2026-01-02 06:15:00+00:00,81.4000015258789,81.4000015258789,81.33000183105469,81.33999633789062,27620
2026-01-02 06:16:00+00:00,81.41999816894531,81.4800033569336,81.3499984741211,81.3499984741211,28925
2026-01-02 06:17:00+00:00,81.36000061035156,81.43000030517578,81.36000061035156,81.41999816894531,23942
2026-01-02 06:18:00+00:00,81.33999633789062,81.41999816894531,81.33000183105469,81.37000274658203,34384
2026-01-02 06:19:00+00:00,81.33999633789062,81.38999938964844,81.31999969482422,81.33999633789062,40565
2026-01-02 06:20:00+00:00,81.36000061035156,81.36000061035156,81.31999969482422,81.33999633789062,29941
2026-01-02 06:21:00+00:00,81.48999786376953,81.48999786376953,81.36000061035156,81.36000061035156,28146
2026-01-02 06:22:00+00:00,81.43000030517578,81.4800033569336,81.41000366210938,81.4800033569336,46547
2026-01-02 06:23:00+00:00,81.41999816894531,81.47000122070312,81.41999816894531,81.44000244140625,21140
2026-01-02 06:24:00+00:00,81.38999938964844,81.44000244140625,81.37999725341797,81.44000244140625,23942
2026-01-02 06:25:00+00:00,81.44000244140625,81.44000244140625,81.37000274658203,81.37999725341797,26006
2026-01-02 06:26:00+00:00,81.45999908447266,81.48999786376953,81.38999938964844,81.38999938964844,42051
2026-01-02 06:27:00+00:00,81.45999908447266,81.4800033569336,81.4000015258789,81.44000244140625,20521
2026-01-02 06:28:00+00:00,81.41999816894531,81.45999908447266,81.37999725341797,81.43000030517578,28373
2026-01-02 06:29:00+00:00,81.41000366210938,81.41000366210938,81.37000274658203,81.37999725341797,24379
2026-01-02 06:30:00+00:00,81.43000030517578,81.44000244140625,81.37000274658203,81.37000274658203,21042
2026-01-02 06:31:00+00:00,81.43000030517578,81.44000244140625,81.41999816894531,81.43000030517578,16623
2026-01-02 06:32:00+00:00,81.38999938964844,81.44999694824219,81.38999938964844,81.43000030517578,30941
2026-01-02 06:33:00+00:00,81.43000030517578,81.44999694824219,81.37999725341797,81.4000015258789,30850
2026-01-02 06:34:00+00:00,81.45999908447266,81.45999908447266,81.41000366210938,81.44000244140625,20087
2026-01-02 06:35:00+00:00,81.5,81.5,81.41000366210938,81.41000366210938,37485
2026-01-02 06:36:00+00:00,81.43000030517578,81.5,81.43000030517578,81.4800033569336,19776
2026-01-02 06:37:00+00:00,81.43000030517578,81.4800033569336,81.41000366210938,81.43000030517578,19209
2026-01-02 06:38:00+00:00,81.45999908447266,81.51000213623047,81.43000030517578,81.4800033569336,23889
2026-01-02 06:39:00+00:00,81.44999694824219,81.52999877929688,81.44999694824219,81.4800033569336,28522
2026-01-02 06:40:00+00:00,81.5,81.5,81.41999816894531,81.4800033569336,28427
2026-01-02 06:41:00+00:00,81.43000030517578,81.5,81.43000030517578,81.44000244140625,19211
2026-01-02 06:42:00+00:00,81.41000366210938,81.48999786376953,81.37999725341797,81.43000030517578,57556
2026-01-02 06:43:00+00:00,81.44999694824219,81.47000122070312,81.38999938964844,81.4000015258789,19107
2026-01-02 06:44:00+00:00,81.41000366210938,81.45999908447266,81.36000061035156,81.41999816894531,37799
2026-01-02 06:45:00+00:00,81.45999908447266,81.45999908447266,81.38999938964844,81.41000366210938,18631
2026-01-02 06:46:00+00:00,81.41000366210938,81.47000122070312,81.41000366210938,81.41000366210938,38389
2026-01-02 06:47:00+00:00,81.41000366210938,81.48999786376953,81.41000366210938,81.41000366210938,29376
2026-01-02 06:48:00+00:00,81.43000030517578,81.48999786376953,81.41000366210938,81.41000366210938,20963
2026-01-02 06:49:00+00:00,81.41000366210938,81.45999908447266,81.41000366210938,81.41999816894531,28700
2026-01-02 06:50:00+00:00,81.43000030517578,81.48999786376953,81.4000015258789,81.41000366210938,29708
2026-01-02 06:51:00+00:00,81.45999908447266,81.5,81.44000244140625,81.44000244140625,22583
2026-01-02 06:52:00+00:00,81.4000015258789,81.5,81.3499984741211,81.45999908447266,99540
2026-01-02 06:53:00+00:00,81.41000366210938,81.41999816894531,81.3499984741211,81.4000015258789,18440
2026-01-02 06:54:00+00:00,81.43000030517578,81.43000030517578,81.36000061035156,81.37000274658203,22543
2026-01-02 06:55:00+00:00,81.37999725341797,81.43000030517578,81.36000061035156,81.36000061035156,14197
2026-01-02 06:56:00+00:00,81.4000015258789,81.41999816894531,81.37999725341797,81.4000015258789,23951
2026-01-02 06:57:00+00:00,81.38999938964844,81.43000030517578,81.37000274658203,81.4000015258789,18953
2026-01-02 06:58:00+00:00,81.2699966430664,81.43000030517578,81.26000213623047,81.38999938964844,40134
2026-01-02 06:59:00+00:00,81.29000091552734,81.3499984741211,81.19999694824219,81.2699966430664,53317
2026-01-02 07:00:00+00:00,81.3499984741211,81.37999725341797,81.29000091552734,81.29000091552734,21918
2026-01-02 07:01:00+00:00,81.37999725341797,81.4000015258789,81.33000183105469,81.33000183105469,28017
2026-01-02 07:02:00+00:00,81.5999984741211,81.63999938964844,81.36000061035156,81.38999938964844,223136
2026-01-02 07:03:00+00:00,81.62999725341797,81.6500015258789,81.58999633789062,81.6500015258789,53396
2026-01-02 07:04:00+00:00,81.61000061035156,81.6500015258789,81.5999984741211,81.63999938964844,25885
2026-01-02 07:05:00+00:00,81.58000183105469,81.6500015258789,81.55999755859375,81.61000061035156,54134
2026-01-02 07:06:00+00:00,81.62999725341797,81.6500015258789,81.58999633789062,81.5999984741211,55904
2026-01-02 07:07:00+00:00,81.55000305175781,81.62999725341797,81.54000091552734,81.62999725341797,54909
2026-01-02 07:08:00+00:00,81.52999877929688,81.62000274658203,81.52999877929688,81.58999633789062,47223
2026-01-02 07:09:00+00:00,81.63999938964844,81.63999938964844,81.52999877929688,81.56999969482422,36996
2026-01-02 07:10:00+00:00,81.69999694824219,81.69999694824219,81.61000061035156,81.63999938964844,85941
2026-01-02 07:11:00+00:00,81.6500015258789,81.69999694824219,81.63999938964844,81.69999694824219,45811
2026-01-02 07:12:00+00:00,81.6500015258789,81.69000244140625,81.62999725341797,81.6500015258789,31397
2026-01-02 07:13:00+00:00,81.72000122070312,81.75,81.6500015258789,81.68000030517578,67167
2026-01-02 07:14:00+00:00,81.69999694824219,81.75,81.69999694824219,81.75,183017
2026-01-02 07:15:00+00:00,81.77999877929688,81.80000305175781,81.7300033569336,81.75,58000
2026-01-02 07:16:00+00:00,81.80000305175781,81.80000305175781,81.76000213623047,81.77999877929688,57780
2026-01-02 07:17:00+00:00,81.8499984741211,81.86000061035156,81.80000305175781,81.80000305175781,62654
2026-01-02 07:18:00+00:00,81.87999725341797,81.9000015258789,81.83000183105469,81.83000183105469,58400
2026-01-02 07:19:00+00:00,81.94999694824219,81.94999694824219,81.87999725341797,81.87999725341797,52282
2026-01-02 07:20:00+00:00,81.9000015258789,81.94000244140625,81.9000015258789,81.9000015258789,57335
2026-01-02 07:21:00+00:00,81.9000015258789,81.94000244140625,81.9000015258789,81.93000030517578,34179
2026-01-02 07:22:00+00:00,81.87999725341797,81.93000030517578,81.87999725341797,81.9000015258789,34090
2026-01-02 07:23:00+00:00,81.91000366210938,81.91999816894531,81.87999725341797,81.87999725341797,41217
2026-01-02 07:24:00+00:00,81.87999725341797,81.91999816894531,81.87999725341797,81.91999816894531,36125
2026-01-02 07:25:00+00:00,81.80999755859375,81.91000366210938,81.80000305175781,81.87999725341797,64616
2026-01-02 07:26:00+00:00,81.75,81.8499984741211,81.7300033569336,81.8499984741211,70219
2026-01-02 07:27:00+00:00,81.77999877929688,81.80000305175781,81.73999786376953,81.7699966430664,143644
2026-01-02 07:28:00+00:00,81.75,81.79000091552734,81.73999786376953,81.77999877929688,28163
2026-01-02 07:29:00+00:00,81.7300033569336,81.77999877929688,81.7300033569336,81.75,33925
2026-01-02 07:30:00+00:00,81.79000091552734,81.80999755859375,81.7300033569336,81.7699966430664,50856
2026-01-02 07:31:00+00:00,81.75,81.83000183105469,81.75,81.81999969482422,45004
2026-01-02 07:32:00+00:00,81.7699966430664,81.81999969482422,81.75,81.77999877929688,31708
2026-01-02 07:33:00+00:00,81.83000183105469,81.83000183105469,81.76000213623047,81.76000213623047,25439
2026-01-02 07:34:00+00:00,81.83000183105469,81.8499984741211,81.79000091552734,81.79000091552734,65650
2026-01-02 07:35:00+00:00,81.86000061035156,81.9000015258789,81.81999969482422,81.87999725341797,73441
2026-01-02 07:36:00+00:00,81.81999969482422,81.88999938964844,81.7699966430664,81.87000274658203,54659
2026-01-02 07:37:00+00:00,81.83999633789062,81.88999938964844,81.81999969482422,81.86000061035156,25852
2026-01-02 07:38:00+00:00,81.83000183105469,81.88999938964844,81.83000183105469,81.87999725341797,34176
2026-01-02 07:39:00+00:00,81.81999969482422,81.88999938964844,81.80000305175781,81.83000183105469,37299
2026-01-02 07:40:00+00:00,81.83999633789062,81.88999938964844,81.81999969482422,81.87000274658203,28636
2026-01-02 07:41:00+00:00,81.86000061035156,81.9000015258789,81.83999633789062,81.83999633789062,37566
2026-01-02 07:42:00+00:00,81.87999725341797,81.93000030517578,81.86000061035156,81.9000015258789,33549
2026-01-02 07:43:00+00:00,81.9000015258789,81.93000030517578,81.87000274658203,81.91000366210938,33609
2026-01-02 07:44:00+00:00,81.93000030517578,81.93000030517578,81.88999938964844,81.9000015258789,38352
2026-01-02 07:45:00+00:00,81.9000015258789,81.93000030517578,81.88999938964844,81.9000015258789,30898
2026-01-02 07:46:00+00:00,81.91999816894531,81.91999816894531,81.87999725341797,81.91999816894531,26973
2026-01-02 07:47:00+00:00,81.9000015258789,81.91999816894531,81.87000274658203,81.9000015258789,35638
2026-01-02 07:48:00+00:00,81.87999725341797,81.91000366210938,81.86000061035156,81.91000366210938,42754
2026-01-02 07:49:00+00:00,81.91999816894531,81.91999816894531,81.86000061035156,81.91000366210938,26737
2026-01-02 07:50:00+00:00,81.94000244140625,81.94000244140625,81.88999938964844,81.91999816894531,27007
2026-01-02 07:51:00+00:00,81.91000366210938,81.94000244140625,81.88999938964844,81.94000244140625,29752
2026-01-02 07:52:00+00:00,81.94999694824219,81.94999694824219,81.91000366210938,81.91000366210938,33218
2026-01-02 07:53:00+00:00,81.93000030517578,81.9800033569336,81.93000030517578,81.94999694824219,61927
2026-01-02 07:54:00+00:00,81.97000122070312,81.9800033569336,81.91999816894531,81.9800033569336,55254
2026-01-02 07:55:00+00:00,81.94999694824219,81.97000122070312,81.94000244140625,81.97000122070312,53929
2026-01-02 07:56:00+00:00,81.98999786376953,81.98999786376953,81.91999816894531,81.97000122070312,49794
2026-01-02 07:57:00+00:00,81.9800033569336,82.02999877929688,81.94999694824219,81.98999786376953,453487
2026-01-02 07:58:00+00:00,82.0,82.0,81.94999694824219,81.9800033569336,36406
2026-01-02 07:59:00+00:00,82.0199966430664,82.05000305175781,81.97000122070312,82.0,31610
2026-01-02 08:00:00+00:00,82.04000091552734,82.05000305175781,82.0,82.02999877929688,50442
2026-01-02 08:01:00+00:00,82.05000305175781,82.05000305175781,82.01000213623047,82.05000305175781,23520
2026-01-02 08:02:00+00:00,82.0199966430664,82.05000305175781,82.01000213623047,82.04000091552734,23081
2026-01-02 08:03:00+00:00,82.05000305175781,82.05000305175781,82.01000213623047,82.0199966430664,26660
2026-01-02 08:04:00+00:00,82.05000305175781,82.05000305175781,82.02999877929688,82.05000305175781,58147
2026-01-02 08:05:00+00:00,82.08000183105469,82.11000061035156,82.05000305175781,82.05000305175781,87481
2026-01-02 08:06:00+00:00,82.08000183105469,82.12000274658203,82.05999755859375,82.06999969482422,84564
2026-01-02 08:07:00+00:00,82.0999984741211,82.13999938964844,82.08000183105469,82.0999984741211,94822
2026-01-02 08:08:00+00:00,82.08999633789062,82.12999725341797,82.05999755859375,82.12000274658203,46045
2026-01-02 08:09:00+00:00,82.0999984741211,82.13999938964844,82.05999755859375,82.12999725341797,109691
2026-01-02 08:10:00+00:00,82.0999984741211,82.12999725341797,82.08000183105469,82.12000274658203,45419
2026-01-02 08:11:00+00:00,82.13999938964844,82.1500015258789,82.08000183105469,82.08000183105469,97535
2026-01-02 08:12:00+00:00,82.19000244140625,82.19000244140625,82.12000274658203,82.12000274658203,81523
2026-01-02 08:13:00+00:00,82.12999725341797,82.19999694824219,82.0999984741211,82.19999694824219,101344
2026-01-02 08:14:00+00:00,82.1500015258789,82.16000366210938,82.0999984741211,82.13999938964844,36356
2026-01-02 08:15:00+00:00,82.12999725341797,82.19999694824219,82.02999877929688,82.16000366210938,228428
2026-01-02 08:16:00+00:00,82.19999694824219,82.19999694824219,82.13999938964844,82.13999938964844,177608
2026-01-02 08:17:00+00:00,82.23999786376953,82.25,82.16000366210938,82.2300033569336,99076
2026-01-02 08:18:00+00:00,82.3499984741211,82.3499984741211,82.23999786376953,82.25,137064
2026-01-02 08:19:00+00:00,82.41000366210938,82.41999816894531,82.3499984741211,82.3499984741211,212136
2026-01-02 08:20:00+00:00,82.41999816894531,82.44000244140625,82.36000061035156,82.43000030517578,173039
2026-01-02 08:21:00+00:00,82.44999694824219,82.44999694824219,82.4000015258789,82.43000030517578,97260
2026-01-02 08:22:00+00:00,82.44999694824219,82.44999694824219,82.41000366210938,82.44999694824219,144633
2026-01-02 08:23:00+00:00,82.44000244140625,82.4800033569336,82.41999816894531,82.44999694824219,84273
2026-01-02 08:24:00+00:00,82.44999694824219,82.47000122070312,82.43000030517578,82.47000122070312,78331
2026-01-02 08:25:00+00:00,82.47000122070312,82.48999786376953,82.44000244140625,82.4800033569336,67486
2026-01-02 08:26:00+00:00,82.4800033569336,82.4800033569336,82.44999694824219,82.4800033569336,66458
2026-01-02 08:27:00+00:00,82.58999633789062,82.5999984741211,82.4800033569336,82.4800033569336,276253
2026-01-02 08:28:00+00:00,82.62000274658203,82.75,82.47000122070312,82.5999984741211,497661
2026-01-02 08:29:00+00:00,82.7699966430664,82.79000091552734,82.44999694824219,82.62000274658203,487341
2026-01-02 08:30:00+00:00,82.9000015258789,82.9000015258789,82.66000366210938,82.7699966430664,371142
2026-01-02 08:31:00+00:00,82.83999633789062,82.9000015258789,82.79000091552734,82.88999938964844,229701
2026-01-02 08:32:00+00:00,82.88999938964844,82.94000244140625,82.83000183105469,82.83999633789062,256036
2026-01-02 08:33:00+00:00,82.8499984741211,82.93000030517578,82.80999755859375,82.87999725341797,152747
2026-01-02 08:34:00+00:00,82.87999725341797,82.9000015258789,82.81999969482422,82.8499984741211,128809
2026-01-02 08:35:00+00:00,82.87000274658203,82.88999938964844,82.83000183105469,82.83999633789062,119586
2026-01-02 08:36:00+00:00,82.80999755859375,82.88999938964844,82.75,82.88999938964844,170996
2026-01-02 08:37:00+00:00,82.73999786376953,82.81999969482422,82.73999786376953,82.80000305175781,131080
2026-01-02 08:38:00+00:00,82.69999694824219,82.79000091552734,82.69999694824219,82.79000091552734,112806
2026-01-02 08:39:00+00:00,82.70999908447266,82.73999786376953,82.69000244140625,82.70999908447266,57158
2026-01-02 08:40:00+00:00,82.83000183105469,82.83000183105469,82.73999786376953,82.73999786376953,73609
2026-01-02 08:41:00+00:00,82.87000274658203,82.87000274658203,82.77999877929688,82.79000091552734,107424
2026-01-02 08:42:00+00:00,82.87000274658203,82.9000015258789,82.8499984741211,82.87999725341797,105333
2026-01-02 08:43:00+00:00,83.0199966430664,83.05000305175781,82.87000274658203,82.87000274658203,447627
2026-01-02 08:44:00+00:00,82.98999786376953,83.06999969482422,82.94999694824219,83.04000091552734,710723
2026-01-02 08:45:00+00:00,82.91000366210938,83.01000213623047,82.86000061035156,82.98999786376953,108139
2026-01-02 08:46:00+00:00,82.94000244140625,83.0,82.87999725341797,82.91000366210938,175377
2026-01-02 08:47:00+00:00,82.94000244140625,82.94999694824219,82.87000274658203,82.91000366210938,87174
2026-01-02 08:48:00+00:00,83.05000305175781,83.0999984741211,82.93000030517578,82.94000244140625,205107
2026-01-02 08:49:00+00:00,83.0,83.05000305175781,83.0,83.05000305175781,110065
2026-01-02 08:50:00+00:00,83.04000091552734,83.06999969482422,83.0,83.01000213623047,166528
2026-01-02 08:51:00+00:00,83.12000274658203,83.13999938964844,83.04000091552734,83.05999755859375,94989
2026-01-02 08:52:00+00:00,83.13999938964844,83.1500015258789,83.11000061035156,83.1500015258789,162928
2026-01-02 08:53:00+00:00,83.1500015258789,83.16000366210938,83.12000274658203,83.13999938964844,220085
2026-01-02 08:54:00+00:00,83.22000122070312,83.25,83.12999725341797,83.1500015258789,260784
2026-01-02 08:55:00+00:00,83.33999633789062,83.3499984741211,83.19999694824219,83.22000122070312,342854
2026-01-02 08:56:00+00:00,83.38999938964844,83.41999816894531,83.31999969482422,83.31999969482422,299290
2026-01-02 08:57:00+00:00,83.27999877929688,83.4000015258789,83.20999908447266,83.37999725341797,240550
2026-01-02 08:58:00+00:00,83.5999984741211,83.5999984741211,83.27999877929688,83.30999755859375,614390
2026-01-02 08:59:00+00:00,83.62999725341797,83.83999633789062,83.58000183105469,83.5999984741211,983459
2026-01-02 09:00:00+00:00,83.75,83.79000091552734,83.5999984741211,83.5999984741211,325785
2026-01-02 09:01:00+00:00,83.7300033569336,83.77999877929688,83.61000061035156,83.75,262383
2026-01-02 09:02:00+00:00,83.69000244140625,83.7300033569336,83.66000366210938,83.69999694824219,183801
2026-01-02 09:03:00+00:00,83.62000274658203,83.69999694824219,83.5999984741211,83.68000030517578,330978
2026-01-02 09:04:00+00:00,83.62999725341797,83.68000030517578,83.5999984741211,83.62999725341797,213053
2026-01-02 09:05:00+00:00,83.5999984741211,83.68000030517578,83.56999969482422,83.63999938964844,194600
2026-01-02 09:06:00+00:00,83.5199966430664,83.58000183105469,83.37999725341797,83.56999969482422,304367
2026-01-02 09:07:00+00:00,83.51000213623047,83.61000061035156,83.5,83.52999877929688,117298
2026-01-02 09:08:00+00:00,83.44000244140625,83.52999877929688,83.37000274658203,83.52999877929688,218116
2026-01-02 09:09:00+00:00,83.41999816894531,83.4800033569336,83.38999938964844,83.44000244140625,138354
2026-01-02 09:10:00+00:00,83.58000183105469,83.58999633789062,83.37000274658203,83.44999694824219,214193
2026-01-02 09:11:00+00:00,83.58999633789062,83.6500015258789,83.55999755859375,83.58000183105469,175737
2026-01-02 09:12:00+00:00,83.58000183105469,83.63999938964844,83.55000305175781,83.62999725341797,153926
2026-01-02 09:13:00+00:00,83.68000030517578,83.68000030517578,83.55000305175781,83.55999755859375,174095
2026-01-02 09:14:00+00:00,83.76000213623047,83.77999877929688,83.66000366210938,83.66999816894531,167092
2026-01-02 09:15:00+00:00,83.70999908447266,83.76000213623047,83.66000366210938,83.76000213623047,234620
2026-01-02 09:16:00+00:00,83.7300033569336,83.75,83.69999694824219,83.70999908447266,88521
2026-01-02 09:17:00+00:00,83.7300033569336,83.80000305175781,83.70999908447266,83.7300033569336,281601
2026-01-02 09:18:00+00:00,83.62000274658203,83.83000183105469,83.5999984741211,83.80000305175781,257439
2026-01-02 09:19:00+00:00,83.5999984741211,83.70999908447266,83.51000213623047,83.62000274658203,183282
2026-01-02 09:20:00+00:00,83.52999877929688,83.6500015258789,83.51000213623047,83.6500015258789,178781
2026-01-02 09:21:00+00:00,83.72000122070312,83.75,83.52999877929688,83.58000183105469,198832
2026-01-02 09:22:00+00:00,83.66999816894531,83.73999786376953,83.62999725341797,83.73999786376953,109647
2026-01-02 09:23:00+00:00,83.69999694824219,83.75,83.62999725341797,83.69000244140625,171210
2026-01-02 09:24:00+00:00,83.83000183105469,83.86000061035156,83.7300033569336,83.73999786376953,170637
2026-01-02 09:25:00+00:00,83.80999755859375,83.86000061035156,83.73999786376953,83.83999633789062,231369
2026-01-02 09:26:00+00:00,83.75,83.80000305175781,83.75,83.80000305175781,132509
2026-01-02 09:27:00+00:00,83.7699966430664,83.80000305175781,83.75,83.76000213623047,124249
2026-01-02 09:28:00+00:00,83.66000366210938,83.80000305175781,83.66000366210938,83.80000305175781,235746
2026-01-02 09:29:00+00:00,83.72000122070312,83.72000122070312,83.6500015258789,83.69000244140625,117189
2026-01-02 09:30:00+00:00,83.81999969482422,83.8499984741211,83.69999694824219,83.69999694824219,245205
2026-01-02 09:31:00+00:00,83.7699966430664,83.83999633789062,83.75,83.80000305175781,74604
2026-01-02 09:32:00+00:00,83.79000091552734,83.80999755859375,83.76000213623047,83.7699966430664,92446
2026-01-02 09:33:00+00:00,83.69000244140625,83.77999877929688,83.6500015258789,83.77999877929688,68795
2026-01-02 09:34:00+00:00,83.5999984741211,83.69999694824219,83.55999755859375,83.69999694824219,229139
2026-01-02 09:35:00+00:00,83.55000305175781,83.62000274658203,83.51000213623047,83.62000274658203,139690
2026-01-02 09:36:00+00:00,83.51000213623047,83.55000305175781,83.5,83.5199966430664,122880
2026-01-02 09:37:00+00:00,83.48999786376953,83.5199966430664,83.47000122070312,83.51000213623047,238510
2026-01-02 09:38:00+00:00,83.5199966430664,83.5199966430664,83.47000122070312,83.47000122070312,73668
2026-01-02 09:39:00+00:00,83.5999984741211,83.5999984741211,83.5,83.5,112075
2026-01-02 09:40:00+00:00,83.56999969482422,83.62999725341797,83.56999969482422,83.5999984741211,87012
2026-01-02 09:41:00+00:00,83.5999984741211,83.5999984741211,83.58000183105469,83.58999633789062,88935
2026-01-02 09:42:00+00:00,83.5999984741211,83.62999725341797,83.58000183105469,83.58000183105469,120915
2026-01-02 09:43:00+00:00,83.5999984741211,83.62999725341797,83.5999984741211,83.62999725341797,60971
2026-01-02 09:44:00+00:00,83.55000305175781,83.63999938964844,83.55000305175781,83.5999984741211,176240
2026-01-02 09:45:00+00:00,83.5999984741211,83.6500015258789,83.55000305175781,83.5999984741211,248029
2026-01-02 09:46:00+00:00,83.61000061035156,83.63999938964844,83.56999969482422,83.5999984741211,215305
2026-01-02 09:47:00+00:00,83.5999984741211,83.62999725341797,83.56999969482422,83.62000274658203,83833
2026-01-02 09:48:00+00:00,83.58999633789062,83.62000274658203,83.56999969482422,83.58999633789062,185607
2026-01-02 09:49:00+00:00,83.58999633789062,83.5999984741211,83.55999755859375,83.58999633789062,96493
2026-01-02 09:50:00+00:00,83.55999755859375,83.58000183105469,83.55999755859375,83.55999755859375,90783
2026-01-02 09:51:00+00:00,83.5999984741211,83.5999984741211,83.55999755859375,83.55999755859375,98895
2026-01-02 09:52:00+00:00,83.58999633789062,83.5999984741211,83.56999969482422,83.56999969482422,81218
2026-01-02 09:53:00+00:00,83.58000183105469,83.58999633789062,83.55999755859375,83.56999969482422,69850
2026-01-02 09:54:00+00:00,83.66000366210938,83.66999816894531,83.58000183105469,83.58000183105469,264899
2026-01-02 09:55:00+00:00,83.66999816894531,83.73999786376953,83.66999816894531,83.66999816894531,256119
2026-01-02 09:56:00+00:00,83.68000030517578,83.7300033569336,83.68000030517578,83.69999694824219,84228
2026-01-02 09:57:00+00:00,83.69000244140625,83.7300033569336,83.68000030517578,83.69000244140625,107284
2026-01-02 09:58:00+00:00,83.69999694824219,83.69999694824219,83.68000030517578,83.69999694824219,133115
2026-01-02 09:59:00+00:00,83.69999694824219,83.69999694824219,83.66999816894531,83.69999694824219,144905
